(node:2372) [UNDICI-EHPA] Warning: EnvHttpProxyAgent is experimental, expect them to change at any time.
(Use `node --trace-warnings ...` to show where the warning was created)
(node:44388) [UNDICI-EHPA] Warning: EnvHttpProxyAgent is experimental, expect them to change at any time.
(Use `node --trace-warnings ...` to show where the warning was created)

> zdj-mits-v3@3.9.7 verify
> npm run verify:deps && npm run verify:scripts && npm run verify:release && npm run verify:s00 && npm run typecheck && npm run build && npm run test

(node:48176) [UNDICI-EHPA] Warning: EnvHttpProxyAgent is experimental, expect them to change at any time.
(Use `node --trace-warnings ...` to show where the warning was created)
(node:8744) [UNDICI-EHPA] Warning: EnvHttpProxyAgent is experimental, expect them to change at any time.
(Use `node --trace-warnings ...` to show where the warning was created)

> zdj-mits-v3@3.9.7 verify:deps
> npm run build -w @zdj/contracts && npm run build -w @zdj/core

(node:28836) [UNDICI-EHPA] Warning: EnvHttpProxyAgent is experimental, expect them to change at any time.
(Use `node --trace-warnings ...` to show where the warning was created)
(node:34812) [UNDICI-EHPA] Warning: EnvHttpProxyAgent is experimental, expect them to change at any time.
(Use `node --trace-warnings ...` to show where the warning was created)

> @zdj/contracts@3.9.7 build
> tsc -p tsconfig.json

(node:35204) [UNDICI-EHPA] Warning: EnvHttpProxyAgent is experimental, expect them to change at any time.
(Use `node --trace-warnings ...` to show where the warning was created)
(node:45836) [UNDICI-EHPA] Warning: EnvHttpProxyAgent is experimental, expect them to change at any time.
(Use `node --trace-warnings ...` to show where the warning was created)

> @zdj/core@3.9.7 build
> tsc -p tsconfig.json

(node:28944) [UNDICI-EHPA] Warning: EnvHttpProxyAgent is experimental, expect them to change at any time.
(Use `node --trace-warnings ...` to show where the warning was created)
(node:20912) [UNDICI-EHPA] Warning: EnvHttpProxyAgent is experimental, expect them to change at any time.
(Use `node --trace-warnings ...` to show where the warning was created)

> zdj-mits-v3@3.9.7 verify:scripts
> node --check scripts/maintain-storage.mjs && node --check scripts/reset-testnet-runtime-db.mjs && node --check scripts/init-local-runtime.mjs && node --check scripts/prune-zdj-backups.mjs && node --check scripts/install-storage-retention.mjs && node --check scripts/v394-stage6-set-readonly.mjs && node scripts/v394-stage6-set-readonly.mjs --self-test && node --check scripts/v394-stage6-preflight.mjs && node scripts/v394-stage6-preflight.mjs --self-test && node --check scripts/audit-ai-entry-quality.mjs && node --check scripts/audit-trading-quality-baseline.mjs && node --check scripts/inspect-sqlite-capacity.mjs && node --check scripts/audit-v394-entry-authorization.mjs && node --test scripts/maintain-storage.test.mjs scripts/reset-testnet-runtime-db.test.mjs scripts/init-local-runtime.test.mjs && powershell -NoProfile -ExecutionPolicy Bypass -File scripts/start-zdj-engine-host.test.ps1 && powershell -NoProfile -ExecutionPolicy Bypass -File scripts/run-v394-readonly-canary.test.ps1 && powershell -NoProfile -ExecutionPolicy Bypass -File scripts/run-v394-local-rollout.test.ps1 && powershell -NoProfile -ExecutionPolicy Bypass -File scripts/run-v394-stage7-to-stage9.test.ps1

(node:9376) [UNDICI-EHPA] Warning: EnvHttpProxyAgent is experimental, expect them to change at any time.
(Use `node --trace-warnings ...` to show where the warning was created)
(node:28088) [UNDICI-EHPA] Warning: EnvHttpProxyAgent is experimental, expect them to change at any time.
(Use `node --trace-warnings ...` to show where the warning was created)
(node:50904) [UNDICI-EHPA] Warning: EnvHttpProxyAgent is experimental, expect them to change at any time.
(Use `node --trace-warnings ...` to show where the warning was created)
(node:26712) [UNDICI-EHPA] Warning: EnvHttpProxyAgent is experimental, expect them to change at any time.
(Use `node --trace-warnings ...` to show where the warning was created)
(node:15776) [UNDICI-EHPA] Warning: EnvHttpProxyAgent is experimental, expect them to change at any time.
(Use `node --trace-warnings ...` to show where the warning was created)
(node:31512) [UNDICI-EHPA] Warning: EnvHttpProxyAgent is experimental, expect them to change at any time.
(Use `node --trace-warnings ...` to show where the warning was created)
(node:21732) [UNDICI-EHPA] Warning: EnvHttpProxyAgent is experimental, expect them to change at any time.
(Use `node --trace-warnings ...` to show where the warning was created)
(node:21732) ExperimentalWarning: SQLite is an experimental feature and might change at any time
V3.9.4 explicit proxy-enable + legacy normalization + READ_ONLY self-test PASS
(node:27388) [UNDICI-EHPA] Warning: EnvHttpProxyAgent is experimental, expect them to change at any time.
(Use `node --trace-warnings ...` to show where the warning was created)
(node:32104) [UNDICI-EHPA] Warning: EnvHttpProxyAgent is experimental, expect them to change at any time.
(Use `node --trace-warnings ...` to show where the warning was created)
(node:32104) ExperimentalWarning: SQLite is an experimental feature and might change at any time
V3.9.4 Stage6 preflight self-test PASS
(node:47948) [UNDICI-EHPA] Warning: EnvHttpProxyAgent is experimental, expect them to change at any time.
(Use `node --trace-warnings ...` to show where the warning was created)
(node:34920) [UNDICI-EHPA] Warning: EnvHttpProxyAgent is experimental, expect them to change at any time.
(Use `node --trace-warnings ...` to show where the warning was created)
(node:50740) [UNDICI-EHPA] Warning: EnvHttpProxyAgent is experimental, expect them to change at any time.
(Use `node --trace-warnings ...` to show where the warning was created)
(node:27352) [UNDICI-EHPA] Warning: EnvHttpProxyAgent is experimental, expect them to change at any time.
(Use `node --trace-warnings ...` to show where the warning was created)
(node:45712) [UNDICI-EHPA] Warning: EnvHttpProxyAgent is experimental, expect them to change at any time.
(Use `node --trace-warnings ...` to show where the warning was created)
TAP version 13
# (node:21548) [UNDICI-EHPA] Warning: EnvHttpProxyAgent is experimental, expect them to change at any time.
# (Use `node --trace-warnings ...` to show where the warning was created)
# (node:21548) ExperimentalWarning: SQLite is an experimental feature and might change at any time
# Subtest: V3.9.3 init preserves static configuration and removes active local trading history
ok 1 - V3.9.3 init preserves static configuration and removes active local trading history
  ---
  duration_ms: 514.4504
  type: 'test'
  ...
# (node:36988) [UNDICI-EHPA] Warning: EnvHttpProxyAgent is experimental, expect them to change at any time.
# (Use `node --trace-warnings ...` to show where the warning was created)
# (node:36988) ExperimentalWarning: SQLite is an experimental feature and might change at any time
# Subtest: offline maintenance preserves source: dry
ok 2 - offline maintenance preserves source: dry
  ---
  duration_ms: 304.8663
  type: 'test'
  ...
# Subtest: offline maintenance preserves source: build
ok 3 - offline maintenance preserves source: build
  ---
  duration_ms: 233.2529
  type: 'test'
  ...
# Subtest: offline maintenance preserves source: alias
ok 4 - offline maintenance preserves source: alias
  ---
  duration_ms: 164.8946
  type: 'test'
  ...
# Subtest: offline maintenance preserves source: existing
ok 5 - offline maintenance preserves source: existing
  ---
  duration_ms: 211.6278
  type: 'test'
  ...
# Subtest: offline maintenance preserves source: wal
ok 6 - offline maintenance preserves source: wal
  ---
  duration_ms: 183.9329
  type: 'test'
  ...
# Subtest: offline maintenance preserves source: disk
ok 7 - offline maintenance preserves source: disk
  ---
  duration_ms: 266.3563
  type: 'test'
  ...
# Subtest: offline maintenance preserves source: delete-failure
ok 8 - offline maintenance preserves source: delete-failure
  ---
  duration_ms: 207.7957
  type: 'test'
  ...
# Subtest: offline maintenance preserves source: vacuum-failure
ok 9 - offline maintenance preserves source: vacuum-failure
  ---
  duration_ms: 222.2782
  type: 'test'
  ...
# Subtest: offline maintenance preserves source: publish-lock
ok 10 - offline maintenance preserves source: publish-lock
  ---
  duration_ms: 217.8009
  type: 'test'
  ...
# Subtest: offline maintenance preserves source: corrupt-copy
ok 11 - offline maintenance preserves source: corrupt-copy
  ---
  duration_ms: 203.4069
  type: 'test'
  ...
# Subtest: offline maintenance preserves source: crash
ok 12 - offline maintenance preserves source: crash
  ---
  duration_ms: 206.1659
  type: 'test'
  ...
# Subtest: backup pruning requires an explicit verified baseline and keeps it even when it is oldest
ok 13 - backup pruning requires an explicit verified baseline and keeps it even when it is oldest
  ---
  duration_ms: 513.0391
  type: 'test'
  ...
# Subtest: AI quality treats missing outcomes as missing and does not promote PLACE-only samples
ok 14 - AI quality treats missing outcomes as missing and does not promote PLACE-only samples
  ---
  duration_ms: 968.4018
  type: 'test'
  ...
# Subtest: valid WAL is copied and replayed only on the working database
ok 15 - valid WAL is copied and replayed only on the working database
  ---
  duration_ms: 582.874
  type: 'test'
  ...
# (node:23908) [UNDICI-EHPA] Warning: EnvHttpProxyAgent is experimental, expect them to change at any time.
# (Use `node --trace-warnings ...` to show where the warning was created)
# (node:23908) ExperimentalWarning: SQLite is an experimental feature and might change at any time
# Subtest: schema-only reset preserves schema/static configuration and never copies runtime history
ok 16 - schema-only reset preserves schema/static configuration and never copies runtime history
  ---
  duration_ms: 370.2641
  type: 'test'
  ...
1..16
# tests 16
# suites 0
# pass 16
# fail 0
# cancelled 0
# skipped 0
# todo 0
# duration_ms 4631.1316
start-zdj-engine-host.test.ps1 PASS
V3.9.4 read-only canary script contract PASS
V3.9.4 local rollout script contract PASS
V3.9.4 stage7-to-stage9 runner contract PASS
(node:35328) [UNDICI-EHPA] Warning: EnvHttpProxyAgent is experimental, expect them to change at any time.
(Use `node --trace-warnings ...` to show where the warning was created)
(node:23628) [UNDICI-EHPA] Warning: EnvHttpProxyAgent is experimental, expect them to change at any time.
(Use `node --trace-warnings ...` to show where the warning was created)

> zdj-mits-v3@3.9.7 verify:release
> node scripts/v397-release-identity.mjs

(node:27380) [UNDICI-EHPA] Warning: EnvHttpProxyAgent is experimental, expect them to change at any time.
(Use `node --trace-warnings ...` to show where the warning was created)
{"gate":"V397_RELEASE_IDENTITY_PASS","version":"3.9.7","packages":5,"lock":true,"api":"V3.9.7"}
(node:12800) [UNDICI-EHPA] Warning: EnvHttpProxyAgent is experimental, expect them to change at any time.
(Use `node --trace-warnings ...` to show where the warning was created)
(node:35080) [UNDICI-EHPA] Warning: EnvHttpProxyAgent is experimental, expect them to change at any time.
(Use `node --trace-warnings ...` to show where the warning was created)

> zdj-mits-v3@3.9.7 verify:s00
> node scripts/v396-s00-static-check.mjs --review=docs/reports/v397-entry-sizing-primary-authority-version-closeout-20261004/s00/entrypoint-review.json --current-identity=docs/reports/v397-entry-sizing-primary-authority-version-closeout-20261004/s00/current-identity.json --historical-lock=docs/reports/v397-entry-sizing-primary-authority-version-closeout-20261004/s00/historical-package-lock.json

(node:40800) [UNDICI-EHPA] Warning: EnvHttpProxyAgent is experimental, expect them to change at any time.
(Use `node --trace-warnings ...` to show where the warning was created)
{
  "stage": "S00",
  "tests": {
    "S00_T01": "PASS",
    "S00_T02": "PASS",
    "S00_T03": "PASS",
    "S00_T04": "PASS",
    "S00_T05": "PASS",
    "S00_T06": "PASS"
  },
  "fixtureHash": "295c949a0cf5b2c7c06db81db91e42fd6fd4437fe5a2f23143c09ac4a7fbab21",
  "network": "NOT_USED",
  "exchangeWrites": 0,
  "engineLifecycle": "NOT_USED",
  "settingsModified": false,
  "verifierScope": "STATIC_READS_AND_OS_TEMP_ONLY",
  "entrypointReviewCount": 151,
  "entrypointStatusCounts": {
    "FORBIDDEN_OR_NOT_RUN": 138,
    "CONDITIONAL_NOT_RUN": 12,
    "ALLOWED_STATIC": 1
  },
  "engineTestIsolation": {
    "testFiles": 200,
    "openingAStore": 19,
    "everyStoreOpeningTestIsolated": true,
    "repositoryDataDirReferences": 0,
    "productionPortReferences": 0
  },
  "blockers": []
}
(node:44580) [UNDICI-EHPA] Warning: EnvHttpProxyAgent is experimental, expect them to change at any time.
(Use `node --trace-warnings ...` to show where the warning was created)
(node:31288) [UNDICI-EHPA] Warning: EnvHttpProxyAgent is experimental, expect them to change at any time.
(Use `node --trace-warnings ...` to show where the warning was created)

> zdj-mits-v3@3.9.7 typecheck
> npm run typecheck -ws --if-present

(node:39128) [UNDICI-EHPA] Warning: EnvHttpProxyAgent is experimental, expect them to change at any time.
(Use `node --trace-warnings ...` to show where the warning was created)
(node:21472) [UNDICI-EHPA] Warning: EnvHttpProxyAgent is experimental, expect them to change at any time.
(Use `node --trace-warnings ...` to show where the warning was created)

> @zdj/contracts@3.9.7 typecheck
> tsc -p tsconfig.json --noEmit


> @zdj/core@3.9.7 typecheck
> tsc -p tsconfig.json --noEmit


> @zdj/dashboard@3.9.7 typecheck
> vue-tsc --noEmit


> @zdj/engine@3.9.7 typecheck
> tsc -p tsconfig.json --noEmit

(node:13532) [UNDICI-EHPA] Warning: EnvHttpProxyAgent is experimental, expect them to change at any time.
(Use `node --trace-warnings ...` to show where the warning was created)
(node:30856) [UNDICI-EHPA] Warning: EnvHttpProxyAgent is experimental, expect them to change at any time.
(Use `node --trace-warnings ...` to show where the warning was created)

> zdj-mits-v3@3.9.7 build
> npm run build -ws --if-present

(node:46000) [UNDICI-EHPA] Warning: EnvHttpProxyAgent is experimental, expect them to change at any time.
(Use `node --trace-warnings ...` to show where the warning was created)
(node:49236) [UNDICI-EHPA] Warning: EnvHttpProxyAgent is experimental, expect them to change at any time.
(Use `node --trace-warnings ...` to show where the warning was created)

> @zdj/contracts@3.9.7 build
> tsc -p tsconfig.json


> @zdj/core@3.9.7 build
> tsc -p tsconfig.json


> @zdj/dashboard@3.9.7 build
> vue-tsc -b && vite build

(node:27920) [UNDICI-EHPA] Warning: EnvHttpProxyAgent is experimental, expect them to change at any time.
(Use `node --trace-warnings ...` to show where the warning was created)
vite v7.3.6 building client environment for production...
transforming...
✓ 1669 modules transformed.
rendering chunks...
computing gzip size...
dist/index.html                                                                0.42 kB │ gzip:  0.30 kB
dist/assets/BrainView-BCyTbNve.css                                             0.41 kB │ gzip:  0.25 kB
dist/assets/SettingsView-CMZUtQtU.css                                          4.20 kB │ gzip:  1.10 kB
dist/assets/index-2bhk4SYA.css                                                42.87 kB │ gzip:  9.82 kB
dist/assets/positionModel-UU3TmqIC.js                                          0.28 kB │ gzip:  0.20 kB
dist/assets/EmptyState.vue_vue_type_script_setup_true_lang-BzBZ6EgT.js         0.30 kB │ gzip:  0.24 kB
dist/assets/format-BTnsUY7D.js                                                 0.37 kB │ gzip:  0.28 kB
dist/assets/Panel.vue_vue_type_script_setup_true_lang-J_bAno6B.js              0.56 kB │ gzip:  0.34 kB
dist/assets/StatusBadge.vue_vue_type_script_setup_true_lang-9iu_c5BD.js        0.58 kB │ gzip:  0.40 kB
dist/assets/MemoryView-DV5ndd46.js                                             2.35 kB │ gzip:  1.18 kB
dist/assets/UniverseView-l_ZeqcUJ.js                                           4.95 kB │ gzip:  2.14 kB
dist/assets/HumanManagedView-DmiBR57e.js                                       6.89 kB │ gzip:  3.10 kB
dist/assets/PositionsView-6d0F03-X.js                                          7.30 kB │ gzip:  3.15 kB
dist/assets/OrdersView-CCTFmhYn.js                                             7.42 kB │ gzip:  2.74 kB
dist/assets/IntelligenceView-CejZQMMc.js                                       7.89 kB │ gzip:  2.85 kB
dist/assets/OperationsView-BU4dAlCr.js                                         8.24 kB │ gzip:  3.42 kB
dist/assets/TemporalIntelligenceView-D4XZjTz-.js                               8.25 kB │ gzip:  3.03 kB
dist/assets/PositionConsole.vue_vue_type_script_setup_true_lang-DicxZGS_.js   13.19 kB │ gzip:  5.60 kB
dist/assets/BrainView-nETjsQ1j.js                                             14.86 kB │ gzip:  5.93 kB
dist/assets/TradeRecordsView-CsPc4Vp-.js                                      16.96 kB │ gzip:  6.26 kB
dist/assets/OverviewView-C0ML2gCE.js                                          48.52 kB │ gzip: 16.20 kB
dist/assets/SettingsView-B3KJ1E_H.js                                          73.30 kB │ gzip: 21.07 kB
dist/assets/index-DtUoh67P.js                                                275.10 kB │ gzip: 84.23 kB
✓ built in 5.38s

> @zdj/engine@3.9.7 build
> tsc -p tsconfig.json

(node:38356) [UNDICI-EHPA] Warning: EnvHttpProxyAgent is experimental, expect them to change at any time.
(Use `node --trace-warnings ...` to show where the warning was created)
(node:38556) [UNDICI-EHPA] Warning: EnvHttpProxyAgent is experimental, expect them to change at any time.
(Use `node --trace-warnings ...` to show where the warning was created)

> zdj-mits-v3@3.9.7 test
> npm run test -ws --if-present

(node:30948) [UNDICI-EHPA] Warning: EnvHttpProxyAgent is experimental, expect them to change at any time.
(Use `node --trace-warnings ...` to show where the warning was created)
(node:24748) [UNDICI-EHPA] Warning: EnvHttpProxyAgent is experimental, expect them to change at any time.
(Use `node --trace-warnings ...` to show where the warning was created)

> @zdj/contracts@3.9.7 test
> vitest run --passWithNoTests

(node:40492) [UNDICI-EHPA] Warning: EnvHttpProxyAgent is experimental, expect them to change at any time.
(Use `node --trace-warnings ...` to show where the warning was created)

 RUN  v3.2.7 D:/MITS-WORKTREES/v397-rest-phase-closeout-20261007/packages/contracts

(node:20432) [UNDICI-EHPA] Warning: EnvHttpProxyAgent is experimental, expect them to change at any time.
(Use `node --trace-warnings ...` to show where the warning was created)
(node:19612) [UNDICI-EHPA] Warning: EnvHttpProxyAgent is experimental, expect them to change at any time.
(Use `node --trace-warnings ...` to show where the warning was created)
(node:43732) [UNDICI-EHPA] Warning: EnvHttpProxyAgent is experimental, expect them to change at any time.
(Use `node --trace-warnings ...` to show where the warning was created)
(node:37180) [UNDICI-EHPA] Warning: EnvHttpProxyAgent is experimental, expect them to change at any time.
(Use `node --trace-warnings ...` to show where the warning was created)
(node:4716) [UNDICI-EHPA] Warning: EnvHttpProxyAgent is experimental, expect them to change at any time.
(Use `node --trace-warnings ...` to show where the warning was created)
(node:43632) [UNDICI-EHPA] Warning: EnvHttpProxyAgent is experimental, expect them to change at any time.
(Use `node --trace-warnings ...` to show where the warning was created)
(node:14760) [UNDICI-EHPA] Warning: EnvHttpProxyAgent is experimental, expect them to change at any time.
(Use `node --trace-warnings ...` to show where the warning was created)
(node:17080) [UNDICI-EHPA] Warning: EnvHttpProxyAgent is experimental, expect them to change at any time.
(Use `node --trace-warnings ...` to show where the warning was created)
(node:14120) [UNDICI-EHPA] Warning: EnvHttpProxyAgent is experimental, expect them to change at any time.
(Use `node --trace-warnings ...` to show where the warning was created)
(node:44432) [UNDICI-EHPA] Warning: EnvHttpProxyAgent is experimental, expect them to change at any time.
(Use `node --trace-warnings ...` to show where the warning was created)
(node:39756) [UNDICI-EHPA] Warning: EnvHttpProxyAgent is experimental, expect them to change at any time.
(Use `node --trace-warnings ...` to show where the warning was created)
(node:33632) [UNDICI-EHPA] Warning: EnvHttpProxyAgent is experimental, expect them to change at any time.
(Use `node --trace-warnings ...` to show where the warning was created)
(node:23144) [UNDICI-EHPA] Warning: EnvHttpProxyAgent is experimental, expect them to change at any time.
(Use `node --trace-warnings ...` to show where the warning was created)
(node:19240) [UNDICI-EHPA] Warning: EnvHttpProxyAgent is experimental, expect them to change at any time.
(Use `node --trace-warnings ...` to show where the warning was created)
(node:4804) [UNDICI-EHPA] Warning: EnvHttpProxyAgent is experimental, expect them to change at any time.
(Use `node --trace-warnings ...` to show where the warning was created)
 ✓ src/entryEconomicMandate.test.ts (2 tests) 7ms

 Test Files  1 passed (1)
      Tests  2 passed (2)
   Start at  23:07:06
   Duration  1.17s (transform 64ms, setup 0ms, collect 79ms, tests 7ms, environment 0ms, prepare 598ms)

(node:45076) [UNDICI-EHPA] Warning: EnvHttpProxyAgent is experimental, expect them to change at any time.
(Use `node --trace-warnings ...` to show where the warning was created)

> @zdj/core@3.9.7 test
> vitest run

(node:43312) [UNDICI-EHPA] Warning: EnvHttpProxyAgent is experimental, expect them to change at any time.
(Use `node --trace-warnings ...` to show where the warning was created)

 RUN  v3.2.7 D:/MITS-WORKTREES/v397-rest-phase-closeout-20261007/packages/core

(node:12180) [UNDICI-EHPA] Warning: EnvHttpProxyAgent is experimental, expect them to change at any time.
(Use `node --trace-warnings ...` to show where the warning was created)
(node:34208) [UNDICI-EHPA] Warning: EnvHttpProxyAgent is experimental, expect them to change at any time.
(Use `node --trace-warnings ...` to show where the warning was created)
(node:47064) [UNDICI-EHPA] Warning: EnvHttpProxyAgent is experimental, expect them to change at any time.
(Use `node --trace-warnings ...` to show where the warning was created)
(node:46384) [UNDICI-EHPA] Warning: EnvHttpProxyAgent is experimental, expect them to change at any time.
(Use `node --trace-warnings ...` to show where the warning was created)
(node:28912) [UNDICI-EHPA] Warning: EnvHttpProxyAgent is experimental, expect them to change at any time.
(Use `node --trace-warnings ...` to show where the warning was created)
(node:31208) [UNDICI-EHPA] Warning: EnvHttpProxyAgent is experimental, expect them to change at any time.
(Use `node --trace-warnings ...` to show where the warning was created)
(node:11456) [UNDICI-EHPA] Warning: EnvHttpProxyAgent is experimental, expect them to change at any time.
(Use `node --trace-warnings ...` to show where the warning was created)
(node:8504) [UNDICI-EHPA] Warning: EnvHttpProxyAgent is experimental, expect them to change at any time.
(Use `node --trace-warnings ...` to show where the warning was created)
(node:46312) [UNDICI-EHPA] Warning: EnvHttpProxyAgent is experimental, expect them to change at any time.
(Use `node --trace-warnings ...` to show where the warning was created)
(node:8060) [UNDICI-EHPA] Warning: EnvHttpProxyAgent is experimental, expect them to change at any time.
(Use `node --trace-warnings ...` to show where the warning was created)
(node:8340) [UNDICI-EHPA] Warning: EnvHttpProxyAgent is experimental, expect them to change at any time.
(Use `node --trace-warnings ...` to show where the warning was created)
(node:22632) [UNDICI-EHPA] Warning: EnvHttpProxyAgent is experimental, expect them to change at any time.
(Use `node --trace-warnings ...` to show where the warning was created)
(node:44164) [UNDICI-EHPA] Warning: EnvHttpProxyAgent is experimental, expect them to change at any time.
(Use `node --trace-warnings ...` to show where the warning was created)
(node:31616) [UNDICI-EHPA] Warning: EnvHttpProxyAgent is experimental, expect them to change at any time.
(Use `node --trace-warnings ...` to show where the warning was created)
(node:31172) [UNDICI-EHPA] Warning: EnvHttpProxyAgent is experimental, expect them to change at any time.
(Use `node --trace-warnings ...` to show where the warning was created)
 ✓ src/tradingCost.test.ts (4 tests) 5ms
 ✓ src/tpStructure.test.ts (3 tests) 5ms
 ✓ src/makerPricing.test.ts (5 tests) 76ms
(node:12360) [UNDICI-EHPA] Warning: EnvHttpProxyAgent is experimental, expect them to change at any time.
(Use `node --trace-warnings ...` to show where the warning was created)
 ✓ src/selection.test.ts (9 tests) 16ms
(node:42028) [UNDICI-EHPA] Warning: EnvHttpProxyAgent is experimental, expect them to change at any time.
(Use `node --trace-warnings ...` to show where the warning was created)
(node:17968) [UNDICI-EHPA] Warning: EnvHttpProxyAgent is experimental, expect them to change at any time.
(Use `node --trace-warnings ...` to show where the warning was created)
(node:29900) [UNDICI-EHPA] Warning: EnvHttpProxyAgent is experimental, expect them to change at any time.
(Use `node --trace-warnings ...` to show where the warning was created)
 ✓ src/assetAdmission.test.ts (3 tests) 3ms
 ✓ src/pool.test.ts (11 tests) 12ms
 ✓ src/portfolio.test.ts (15 tests) 14ms
 ✓ src/capitalAdmission.test.ts (8 tests) 13ms
(node:39704) [UNDICI-EHPA] Warning: EnvHttpProxyAgent is experimental, expect them to change at any time.
(Use `node --trace-warnings ...` to show where the warning was created)

 Test Files  8 passed (8)
      Tests  58 passed (58)
   Start at  23:07:08
   Duration  1.69s (transform 854ms, setup 0ms, collect 2.75s, tests 144ms, environment 2ms, prepare 1.42s)

(node:19828) [UNDICI-EHPA] Warning: EnvHttpProxyAgent is experimental, expect them to change at any time.
(Use `node --trace-warnings ...` to show where the warning was created)
(node:12248) [UNDICI-EHPA] Warning: EnvHttpProxyAgent is experimental, expect them to change at any time.
(Use `node --trace-warnings ...` to show where the warning was created)
(node:10696) [UNDICI-EHPA] Warning: EnvHttpProxyAgent is experimental, expect them to change at any time.
(Use `node --trace-warnings ...` to show where the warning was created)

> @zdj/dashboard@3.9.7 test
> vitest run

(node:14964) [UNDICI-EHPA] Warning: EnvHttpProxyAgent is experimental, expect them to change at any time.
(Use `node --trace-warnings ...` to show where the warning was created)

 RUN  v3.2.7 D:/MITS-WORKTREES/v397-rest-phase-closeout-20261007/apps/dashboard

(node:21036) [UNDICI-EHPA] Warning: EnvHttpProxyAgent is experimental, expect them to change at any time.
(Use `node --trace-warnings ...` to show where the warning was created)
(node:39580) [UNDICI-EHPA] Warning: EnvHttpProxyAgent is experimental, expect them to change at any time.
(Use `node --trace-warnings ...` to show where the warning was created)
(node:19588) [UNDICI-EHPA] Warning: EnvHttpProxyAgent is experimental, expect them to change at any time.
(Use `node --trace-warnings ...` to show where the warning was created)
(node:20784) [UNDICI-EHPA] Warning: EnvHttpProxyAgent is experimental, expect them to change at any time.
(Use `node --trace-warnings ...` to show where the warning was created)
 ✓ src/views/PositionsView.holding.test.ts (5 tests) 159ms
 ✓ src/views/SettingsView.exposure.test.ts (7 tests) 218ms
(node:19620) [UNDICI-EHPA] Warning: EnvHttpProxyAgent is experimental, expect them to change at any time.
(Use `node --trace-warnings ...` to show where the warning was created)
(node:30952) [UNDICI-EHPA] Warning: EnvHttpProxyAgent is experimental, expect them to change at any time.
(Use `node --trace-warnings ...` to show where the warning was created)
 ✓ src/views/OverviewView.capacity.test.ts (21 tests) 589ms
 ✓ src/views/OverviewView.executionTruth.test.ts (14 tests) 459ms
(node:37880) [UNDICI-EHPA] Warning: EnvHttpProxyAgent is experimental, expect them to change at any time.
(Use `node --trace-warnings ...` to show where the warning was created)
(node:25728) [UNDICI-EHPA] Warning: EnvHttpProxyAgent is experimental, expect them to change at any time.
(Use `node --trace-warnings ...` to show where the warning was created)
 ✓ src/views/HumanManagedView.holding.test.ts (4 tests) 139ms
 ✓ src/views/OverviewView.conversion.test.ts (6 tests) 235ms
(node:32576) [UNDICI-EHPA] Warning: EnvHttpProxyAgent is experimental, expect them to change at any time.
(Use `node --trace-warnings ...` to show where the warning was created)
(node:24344) [UNDICI-EHPA] Warning: EnvHttpProxyAgent is experimental, expect them to change at any time.
(Use `node --trace-warnings ...` to show where the warning was created)
 ✓ src/components/PositionConsole.holding.test.ts (5 tests) 125ms
 ✓ src/views/BrainView.auditDrawer.test.ts (6 tests) 185ms
(node:27820) [UNDICI-EHPA] Warning: EnvHttpProxyAgent is experimental, expect them to change at any time.
(Use `node --trace-warnings ...` to show where the warning was created)
(node:34792) [UNDICI-EHPA] Warning: EnvHttpProxyAgent is experimental, expect them to change at any time.
(Use `node --trace-warnings ...` to show where the warning was created)
 ✓ src/views/BrainView.execution.test.ts (3 tests) 133ms
(node:2684) [UNDICI-EHPA] Warning: EnvHttpProxyAgent is experimental, expect them to change at any time.
(Use `node --trace-warnings ...` to show where the warning was created)
 ✓ src/views/SettingsView.resources.test.ts (2 tests) 190ms
 ✓ src/views/OverviewView.test.ts (1 test) 109ms
(node:20416) [UNDICI-EHPA] Warning: EnvHttpProxyAgent is experimental, expect them to change at any time.
(Use `node --trace-warnings ...` to show where the warning was created)
(node:50452) [UNDICI-EHPA] Warning: EnvHttpProxyAgent is experimental, expect them to change at any time.
(Use `node --trace-warnings ...` to show where the warning was created)
 ✓ src/layouts/AppShell.incidents.test.ts (2 tests) 109ms
 ✓ src/utils/holdingDuration.test.ts (15 tests) 24ms
(node:5616) [UNDICI-EHPA] Warning: EnvHttpProxyAgent is experimental, expect them to change at any time.
(Use `node --trace-warnings ...` to show where the warning was created)
 ✓ src/governancePanel.test.ts (8 tests) 7ms
(node:8632) [UNDICI-EHPA] Warning: EnvHttpProxyAgent is experimental, expect them to change at any time.
(Use `node --trace-warnings ...` to show where the warning was created)
(node:45744) [UNDICI-EHPA] Warning: EnvHttpProxyAgent is experimental, expect them to change at any time.
(Use `node --trace-warnings ...` to show where the warning was created)
 ✓ src/tradingParameterProfiles.test.ts (2 tests) 4ms
 ✓ src/positionModel.test.ts (4 tests) 6ms
(node:40032) [UNDICI-EHPA] Warning: EnvHttpProxyAgent is experimental, expect them to change at any time.
(Use `node --trace-warnings ...` to show where the warning was created)
 ✓ src/testing/dashboardSnapshotFixture.test.ts (3 tests) 23ms
(node:46140) [UNDICI-EHPA] Warning: EnvHttpProxyAgent is experimental, expect them to change at any time.
(Use `node --trace-warnings ...` to show where the warning was created)
(node:9972) [UNDICI-EHPA] Warning: EnvHttpProxyAgent is experimental, expect them to change at any time.
(Use `node --trace-warnings ...` to show where the warning was created)
 ✓ src/requestId.test.ts (3 tests) 5ms
 ✓ src/utils/useNow.test.ts (1 test) 24ms
 ✓ src/views/tradeClosePresentation.test.ts (4 tests) 3ms
(node:8136) [UNDICI-EHPA] Warning: EnvHttpProxyAgent is experimental, expect them to change at any time.
(Use `node --trace-warnings ...` to show where the warning was created)
(node:22352) [UNDICI-EHPA] Warning: EnvHttpProxyAgent is experimental, expect them to change at any time.
(Use `node --trace-warnings ...` to show where the warning was created)
(node:35168) [UNDICI-EHPA] Warning: EnvHttpProxyAgent is experimental, expect them to change at any time.
(Use `node --trace-warnings ...` to show where the warning was created)
 ✓ src/candidateBlacklistDto.test.ts (2 tests) 4ms
(node:28612) [UNDICI-EHPA] Warning: EnvHttpProxyAgent is experimental, expect them to change at any time.
(Use `node --trace-warnings ...` to show where the warning was created)
 ✓ src/navigation.test.ts (2 tests) 4ms
 ✓ src/blacklistInput.test.ts (2 tests) 6ms
 ✓ src/stores/system.test.ts (1 test) 4ms
(node:19404) [UNDICI-EHPA] Warning: EnvHttpProxyAgent is experimental, expect them to change at any time.
(Use `node --trace-warnings ...` to show where the warning was created)

 Test Files  24 passed (24)
      Tests  123 passed (123)
   Start at  23:07:11
   Duration  13.41s (transform 2.12s, setup 0ms, collect 6.52s, tests 2.77s, environment 35.82s, prepare 2.83s)

(node:40396) [UNDICI-EHPA] Warning: EnvHttpProxyAgent is experimental, expect them to change at any time.
(Use `node --trace-warnings ...` to show where the warning was created)
(node:34572) [UNDICI-EHPA] Warning: EnvHttpProxyAgent is experimental, expect them to change at any time.
(Use `node --trace-warnings ...` to show where the warning was created)

> @zdj/engine@3.9.7 test
> vitest run

(node:33584) [UNDICI-EHPA] Warning: EnvHttpProxyAgent is experimental, expect them to change at any time.
(Use `node --trace-warnings ...` to show where the warning was created)
VITEST_TEST_TIMEOUT=5000 CI=

 RUN  v3.2.7 D:/MITS-WORKTREES/v397-rest-phase-closeout-20261007/apps/engine

(node:43576) [UNDICI-EHPA] Warning: EnvHttpProxyAgent is experimental, expect them to change at any time.
(Use `node --trace-warnings ...` to show where the warning was created)
(node:37692) [UNDICI-EHPA] Warning: EnvHttpProxyAgent is experimental, expect them to change at any time.
(Use `node --trace-warnings ...` to show where the warning was created)
(node:45664) [UNDICI-EHPA] Warning: EnvHttpProxyAgent is experimental, expect them to change at any time.
(Use `node --trace-warnings ...` to show where the warning was created)
(node:28948) [UNDICI-EHPA] Warning: EnvHttpProxyAgent is experimental, expect them to change at any time.
(Use `node --trace-warnings ...` to show where the warning was created)
(node:45664) ExperimentalWarning: SQLite is an experimental feature and might change at any time
 ✓ src/services/s05PortfolioTailRisk.test.ts (76 tests) 47ms
(node:4896) [UNDICI-EHPA] Warning: EnvHttpProxyAgent is experimental, expect them to change at any time.
(Use `node --trace-warnings ...` to show where the warning was created)
(node:43576) ExperimentalWarning: SQLite is an experimental feature and might change at any time
(node:4896) ExperimentalWarning: SQLite is an experimental feature and might change at any time
(node:37692) ExperimentalWarning: SQLite is an experimental feature and might change at any time
 ✓ src/services/testnetRiskAuthority.test.ts (32 tests) 228ms
(node:6520) [UNDICI-EHPA] Warning: EnvHttpProxyAgent is experimental, expect them to change at any time.
(Use `node --trace-warnings ...` to show where the warning was created)
 ✓ src/services/c3RuntimeWiringHostile.test.ts (48 tests) 1765ms
(node:44416) [UNDICI-EHPA] Warning: EnvHttpProxyAgent is experimental, expect them to change at any time.
(Use `node --trace-warnings ...` to show where the warning was created)
 ✓ src/services/s03ExitCostPolicy.test.ts (21 tests) 246ms
(node:29716) [UNDICI-EHPA] Warning: EnvHttpProxyAgent is experimental, expect them to change at any time.
(Use `node --trace-warnings ...` to show where the warning was created)
 ✓ src/services/j3TradePlanHostile.test.ts (24 tests) 429ms
(node:40096) [UNDICI-EHPA] Warning: EnvHttpProxyAgent is experimental, expect them to change at any time.
(Use `node --trace-warnings ...` to show where the warning was created)
 ✓ src/services/j4ReviewMemoryHostile.test.ts (54 tests) 3419ms
 ✓ src/services/placeToSubmitCapacityTruth.test.ts (23 tests) 82ms
(node:14200) [UNDICI-EHPA] Warning: EnvHttpProxyAgent is experimental, expect them to change at any time.
(Use `node --trace-warnings ...` to show where the warning was created)
(node:11396) [UNDICI-EHPA] Warning: EnvHttpProxyAgent is experimental, expect them to change at any time.
(Use `node --trace-warnings ...` to show where the warning was created)
(node:40096) ExperimentalWarning: SQLite is an experimental feature and might change at any time
(node:14200) ExperimentalWarning: SQLite is an experimental feature and might change at any time
 ✓ src/services/positionCycleLotAccounting.test.ts (29 tests) 50ms
(node:16000) [UNDICI-EHPA] Warning: EnvHttpProxyAgent is experimental, expect them to change at any time.
(Use `node --trace-warnings ...` to show where the warning was created)
(node:16000) ExperimentalWarning: SQLite is an experimental feature and might change at any time
 ✓ src/services/tradingQualityIntegration.test.ts (30 tests) 1319ms
(node:9428) [UNDICI-EHPA] Warning: EnvHttpProxyAgent is experimental, expect them to change at any time.
(Use `node --trace-warnings ...` to show where the warning was created)
(node:9428) ExperimentalWarning: SQLite is an experimental feature and might change at any time
 ✓ src/services/j5SettingsGovernanceHostile.test.ts (24 tests) 751ms
(node:9460) [UNDICI-EHPA] Warning: EnvHttpProxyAgent is experimental, expect them to change at any time.
(Use `node --trace-warnings ...` to show where the warning was created)
(node:9460) ExperimentalWarning: SQLite is an experimental feature and might change at any time
 ✓ src/config/settingsStore.test.ts (31 tests) 6197ms
   ✓ SettingsStore > keeps in-range migrated floors untouched and migrates a legacy document exactly once  622ms
   ✓ records capacity before/after and preserves memory when settings persistence fails  434ms
   ✓ runs bounded retention, keeps raw running AI and all critical events, and evicts only orphan AI entities  428ms
(node:38688) [UNDICI-EHPA] Warning: EnvHttpProxyAgent is experimental, expect them to change at any time.
(Use `node --trace-warnings ...` to show where the warning was created)
 ✓ src/services/executionReadiness.test.ts (18 tests) 1390ms
(node:38688) ExperimentalWarning: SQLite is an experimental feature and might change at any time
 ✓ src/state/c2ReservationAtomicityHostile.test.ts (23 tests) 3545ms
   ✓ C2 concurrent writers and lost updates > two independent SettingsStore connections on one data dir still serialise on the revision  448ms
(node:35036) [UNDICI-EHPA] Warning: EnvHttpProxyAgent is experimental, expect them to change at any time.
(Use `node --trace-warnings ...` to show where the warning was created)
(node:48476) [UNDICI-EHPA] Warning: EnvHttpProxyAgent is experimental, expect them to change at any time.
(Use `node --trace-warnings ...` to show where the warning was created)
 ✓ src/services/runExecutionOutcome.test.ts (17 tests) 24ms
 ✓ src/services/tradingLoopRepair.test.ts (24 tests) 21ms
(node:16964) [UNDICI-EHPA] Warning: EnvHttpProxyAgent is experimental, expect them to change at any time.
(Use `node --trace-warnings ...` to show where the warning was created)
(node:31048) [UNDICI-EHPA] Warning: EnvHttpProxyAgent is experimental, expect them to change at any time.
(Use `node --trace-warnings ...` to show where the warning was created)
(node:16964) ExperimentalWarning: SQLite is an experimental feature and might change at any time
 ✓ src/services/s04ExitCoordination.test.ts (11 tests) 1080ms
 ✓ src/services/grossRiskCapacityVisibility.test.ts (16 tests) 174ms
(node:13296) [UNDICI-EHPA] Warning: EnvHttpProxyAgent is experimental, expect them to change at any time.
(Use `node --trace-warnings ...` to show where the warning was created)
(node:27552) [UNDICI-EHPA] Warning: EnvHttpProxyAgent is experimental, expect them to change at any time.
(Use `node --trace-warnings ...` to show where the warning was created)
 ✓ src/services/reconciliationService.test.ts (21 tests) 35ms
(node:3752) [UNDICI-EHPA] Warning: EnvHttpProxyAgent is experimental, expect them to change at any time.
(Use `node --trace-warnings ...` to show where the warning was created)
(node:27552) ExperimentalWarning: SQLite is an experimental feature and might change at any time
 ✓ src/services/tpGuardianEconomics.test.ts (16 tests) 111ms
(node:38104) [UNDICI-EHPA] Warning: EnvHttpProxyAgent is experimental, expect them to change at any time.
(Use `node --trace-warnings ...` to show where the warning was created)
 ✓ src/services/s09ReplayStressHostile.test.ts (22 tests) 34ms
(node:28808) [UNDICI-EHPA] Warning: EnvHttpProxyAgent is experimental, expect them to change at any time.
(Use `node --trace-warnings ...` to show where the warning was created)
 ✓ src/adapters/binance/requestBudget.test.ts (26 tests) 93ms
(node:34872) [UNDICI-EHPA] Warning: EnvHttpProxyAgent is experimental, expect them to change at any time.
(Use `node --trace-warnings ...` to show where the warning was created)
(node:28808) ExperimentalWarning: SQLite is an experimental feature and might change at any time
 ✓ src/services/j2PortfolioAdmissionHostile.test.ts (15 tests) 174ms
(node:34872) ExperimentalWarning: SQLite is an experimental feature and might change at any time
(node:46116) [UNDICI-EHPA] Warning: EnvHttpProxyAgent is experimental, expect them to change at any time.
(Use `node --trace-warnings ...` to show where the warning was created)
 ✓ src/services/manualPositionService.test.ts (20 tests) 232ms
(node:21236) [UNDICI-EHPA] Warning: EnvHttpProxyAgent is experimental, expect them to change at any time.
(Use `node --trace-warnings ...` to show where the warning was created)
(node:46116) ExperimentalWarning: SQLite is an experimental feature and might change at any time
 ✓ src/services/positionRiskV3Facts.test.ts (17 tests) 31ms
 ✓ src/api/runtimeSettingsResources.test.ts (14 tests) 202ms
(node:18384) [UNDICI-EHPA] Warning: EnvHttpProxyAgent is experimental, expect them to change at any time.
(Use `node --trace-warnings ...` to show where the warning was created)
(node:36744) [UNDICI-EHPA] Warning: EnvHttpProxyAgent is experimental, expect them to change at any time.
(Use `node --trace-warnings ...` to show where the warning was created)
(node:36744) ExperimentalWarning: SQLite is an experimental feature and might change at any time
 ✓ src/services/unknownRiskAuditTiering.test.ts (22 tests) 62ms
 ✓ src/services/j1ExitTruthHostile.test.ts (10 tests) 45ms
(node:42096) [UNDICI-EHPA] Warning: EnvHttpProxyAgent is experimental, expect them to change at any time.
(Use `node --trace-warnings ...` to show where the warning was created)
(node:49832) [UNDICI-EHPA] Warning: EnvHttpProxyAgent is experimental, expect them to change at any time.
(Use `node --trace-warnings ...` to show where the warning was created)
(node:42096) ExperimentalWarning: SQLite is an experimental feature and might change at any time
 ✓ src/services/exitConvergenceFairness.test.ts (15 tests) 3843ms
   ✓ P1 exit convergence fairness > a terminal order at the tail is serviced even while the head stays WORKING  1733ms
   ✓ P1 exit convergence fairness > a failed query backs off only the order that failed  358ms
   ✓ P1 exit convergence fairness > readback reports queue length, oldest unpolled age and terminal-unreleased claims  359ms
(node:19148) [UNDICI-EHPA] Warning: EnvHttpProxyAgent is experimental, expect them to change at any time.
(Use `node --trace-warnings ...` to show where the warning was created)
(node:42096) [UNDICI-EHPA] Warning: EnvHttpProxyAgent is experimental, expect them to change at any time.
(Use `node --trace-warnings ...` to show where the warning was created)
 ✓ src/services/j1AiExitConsumer.test.ts (13 tests) 318ms
(node:19148) ExperimentalWarning: SQLite is an experimental feature and might change at any time
(node:27484) [UNDICI-EHPA] Warning: EnvHttpProxyAgent is experimental, expect them to change at any time.
(Use `node --trace-warnings ...` to show where the warning was created)
 ✓ src/services/entryPermissionModel.test.ts (14 tests) 24ms
(node:46928) [UNDICI-EHPA] Warning: EnvHttpProxyAgent is experimental, expect them to change at any time.
(Use `node --trace-warnings ...` to show where the warning was created)
(node:46928) ExperimentalWarning: SQLite is an experimental feature and might change at any time
 ✓ src/services/ownershipS02Acceptance.test.ts (11 tests) 734ms
(node:12044) [UNDICI-EHPA] Warning: EnvHttpProxyAgent is experimental, expect them to change at any time.
(Use `node --trace-warnings ...` to show where the warning was created)
(node:12044) ExperimentalWarning: SQLite is an experimental feature and might change at any time
 ✓ src/services/v370Contract.test.ts (35 tests) 6714ms
   ✓ V3.7.0 isolated real-EIP contracts; production write=0 > recovers an exchange-accepted submit after response loss without a duplicate  3076ms
   ✓ V3.7.0 isolated real-EIP contracts; production write=0 > recovers the same UNKNOWN identity by clientOrderId without another wire submit  3095ms
(node:2328) [UNDICI-EHPA] Warning: EnvHttpProxyAgent is experimental, expect them to change at any time.
(Use `node --trace-warnings ...` to show where the warning was created)
 ✓ src/services/operationalIncidents.test.ts (20 tests) 14ms
(node:44296) [UNDICI-EHPA] Warning: EnvHttpProxyAgent is experimental, expect them to change at any time.
(Use `node --trace-warnings ...` to show where the warning was created)
(node:44296) ExperimentalWarning: SQLite is an experimental feature and might change at any time
 ✓ src/adapters/binance/BinanceTransport.test.ts (48 tests) 41ms
(node:8416) [UNDICI-EHPA] Warning: EnvHttpProxyAgent is experimental, expect them to change at any time.
(Use `node --trace-warnings ...` to show where the warning was created)
 ✓ src/services/entrySubmissionIdentity.integration.test.ts (10 tests) 1364ms
(node:39740) [UNDICI-EHPA] Warning: EnvHttpProxyAgent is experimental, expect them to change at any time.
(Use `node --trace-warnings ...` to show where the warning was created)
(node:8416) ExperimentalWarning: SQLite is an experimental feature and might change at any time
(node:39740) ExperimentalWarning: SQLite is an experimental feature and might change at any time
 ✓ src/services/executionLifecycle.integration.test.ts (17 tests) 1560ms
(node:24452) [UNDICI-EHPA] Warning: EnvHttpProxyAgent is experimental, expect them to change at any time.
(Use `node --trace-warnings ...` to show where the warning was created)
 ✓ src/services/exitFactsAndFunding.test.ts (21 tests) 338ms
(node:47548) [UNDICI-EHPA] Warning: EnvHttpProxyAgent is experimental, expect them to change at any time.
(Use `node --trace-warnings ...` to show where the warning was created)
 ✓ src/services/entryCapacityTrace.test.ts (12 tests) 8ms
(node:32184) [UNDICI-EHPA] Warning: EnvHttpProxyAgent is experimental, expect them to change at any time.
(Use `node --trace-warnings ...` to show where the warning was created)
 ✓ src/config/portfolioRiskAuthorityStore.test.ts (6 tests) 825ms
(node:42016) [UNDICI-EHPA] Warning: EnvHttpProxyAgent is experimental, expect them to change at any time.
(Use `node --trace-warnings ...` to show where the warning was created)
 ✓ src/services/pipelineVerdict.test.ts (14 tests) 10ms
 ✓ src/services/unknownNoActiveRiskProofRenewal.test.ts (9 tests) 41ms
(node:17272) [UNDICI-EHPA] Warning: EnvHttpProxyAgent is experimental, expect them to change at any time.
(Use `node --trace-warnings ...` to show where the warning was created)
(node:43768) [UNDICI-EHPA] Warning: EnvHttpProxyAgent is experimental, expect them to change at any time.
(Use `node --trace-warnings ...` to show where the warning was created)
 ✓ src/services/pendingRiskOccupancyConvergence.test.ts (11 tests) 26ms
(node:17032) [UNDICI-EHPA] Warning: EnvHttpProxyAgent is experimental, expect them to change at any time.
(Use `node --trace-warnings ...` to show where the warning was created)
(node:43768) ExperimentalWarning: SQLite is an experimental feature and might change at any time
 ✓ src/services/runtimeControlService.test.ts (12 tests) 113ms
 ✓ src/services/preAiExecutableSides.test.ts (12 tests) 132ms
(node:12792) [UNDICI-EHPA] Warning: EnvHttpProxyAgent is experimental, expect them to change at any time.
(Use `node --trace-warnings ...` to show where the warning was created)
(node:25984) [UNDICI-EHPA] Warning: EnvHttpProxyAgent is experimental, expect them to change at any time.
(Use `node --trace-warnings ...` to show where the warning was created)
 ✓ src/services/positionLeverageV3.test.ts (6 tests) 20ms
(node:16220) [UNDICI-EHPA] Warning: EnvHttpProxyAgent is experimental, expect them to change at any time.
(Use `node --trace-warnings ...` to show where the warning was created)
 ✓ src/adapters/exchange/ExternalTradeAdapter.test.ts (19 tests) 20ms
(node:25984) ExperimentalWarning: SQLite is an experimental feature and might change at any time
 ✓ src/adapters/market/BinancePublicMarketDataProvider.test.ts (11 tests) 103ms
(node:33720) [UNDICI-EHPA] Warning: EnvHttpProxyAgent is experimental, expect them to change at any time.
(Use `node --trace-warnings ...` to show where the warning was created)
(node:47900) [UNDICI-EHPA] Warning: EnvHttpProxyAgent is experimental, expect them to change at any time.
(Use `node --trace-warnings ...` to show where the warning was created)
 ✓ src/services/testnetFundsOnlyEntry.test.ts (10 tests) 213ms
(node:24256) [UNDICI-EHPA] Warning: EnvHttpProxyAgent is experimental, expect them to change at any time.
(Use `node --trace-warnings ...` to show where the warning was created)
(node:33720) ExperimentalWarning: SQLite is an experimental feature and might change at any time
 ✓ src/services/reconciliationUnknownRisk.test.ts (11 tests) 38ms
 ✓ src/services/entryCoordinator.test.ts (25 tests) 6167ms
   ✓ Entry Manager chain > recovers an accepted-but-disconnected submit by stable client id without a second order  3086ms
   ✓ Entry Manager chain > keeps the same order identity across restart recovery from UNKNOWN  3058ms
(node:28732) [UNDICI-EHPA] Warning: EnvHttpProxyAgent is experimental, expect them to change at any time.
(Use `node --trace-warnings ...` to show where the warning was created)
(node:12284) [UNDICI-EHPA] Warning: EnvHttpProxyAgent is experimental, expect them to change at any time.
(Use `node --trace-warnings ...` to show where the warning was created)
 ✓ src/services/preAiPlanFeasibility.test.ts (9 tests) 211ms
(node:16276) [UNDICI-EHPA] Warning: EnvHttpProxyAgent is experimental, expect them to change at any time.
(Use `node --trace-warnings ...` to show where the warning was created)
 ✓ src/services/remoteFactAuditIntegration.test.ts (7 tests) 41ms
 ✓ src/adapters/market/BinanceMarketStream.test.ts (12 tests) 146ms
 ✓ src/services/unknownProofHydration.test.ts (13 tests) 738ms
(node:37024) [UNDICI-EHPA] Warning: EnvHttpProxyAgent is experimental, expect them to change at any time.
(Use `node --trace-warnings ...` to show where the warning was created)
(node:240) [UNDICI-EHPA] Warning: EnvHttpProxyAgent is experimental, expect them to change at any time.
(Use `node --trace-warnings ...` to show where the warning was created)
(node:43360) [UNDICI-EHPA] Warning: EnvHttpProxyAgent is experimental, expect them to change at any time.
(Use `node --trace-warnings ...` to show where the warning was created)
 ✓ src/services/capitalCapacityModel.test.ts (12 tests) 60ms
(node:240) ExperimentalWarning: SQLite is an experimental feature and might change at any time
 ✓ src/services/marketDataHub.test.ts (11 tests) 29ms
(node:44676) [UNDICI-EHPA] Warning: EnvHttpProxyAgent is experimental, expect them to change at any time.
(Use `node --trace-warnings ...` to show where the warning was created)
 ✓ src/services/marketCohort.test.ts (12 tests) 16ms
(node:27312) [UNDICI-EHPA] Warning: EnvHttpProxyAgent is experimental, expect them to change at any time.
(Use `node --trace-warnings ...` to show where the warning was created)
(node:19708) [UNDICI-EHPA] Warning: EnvHttpProxyAgent is experimental, expect them to change at any time.
(Use `node --trace-warnings ...` to show where the warning was created)
 ✓ src/adapters/market/klineTargetedRepair.test.ts (8 tests) 20ms
(node:17072) [UNDICI-EHPA] Warning: EnvHttpProxyAgent is experimental, expect them to change at any time.
(Use `node --trace-warnings ...` to show where the warning was created)
(node:19708) ExperimentalWarning: SQLite is an experimental feature and might change at any time
 ✓ src/services/sideNeutralEntryAuthorization.test.ts (4 tests) 110ms
(node:33916) [UNDICI-EHPA] Warning: EnvHttpProxyAgent is experimental, expect them to change at any time.
(Use `node --trace-warnings ...` to show where the warning was created)
 ✓ src/services/entryFundingUniverse.test.ts (11 tests) 27ms
(node:18508) [UNDICI-EHPA] Warning: EnvHttpProxyAgent is experimental, expect them to change at any time.
(Use `node --trace-warnings ...` to show where the warning was created)
 ✓ src/adapters/exchange/ExternalTradeAdapterPrivateLoad.test.ts (9 tests) 30ms
(node:13244) [UNDICI-EHPA] Warning: EnvHttpProxyAgent is experimental, expect them to change at any time.
(Use `node --trace-warnings ...` to show where the warning was created)
(node:18508) ExperimentalWarning: SQLite is an experimental feature and might change at any time
(node:13244) ExperimentalWarning: SQLite is an experimental feature and might change at any time
(node:240) [UNDICI-EHPA] Warning: EnvHttpProxyAgent is experimental, expect them to change at any time.
(Use `node --trace-warnings ...` to show where the warning was created)
(node:19708) [UNDICI-EHPA] Warning: EnvHttpProxyAgent is experimental, expect them to change at any time.
(Use `node --trace-warnings ...` to show where the warning was created)
 ✓ src/state/reservationConvergence.test.ts (13 tests) 403ms
(node:240) [UNDICI-EHPA] Warning: EnvHttpProxyAgent is experimental, expect them to change at any time.
(Use `node --trace-warnings ...` to show where the warning was created)
(node:50084) [UNDICI-EHPA] Warning: EnvHttpProxyAgent is experimental, expect them to change at any time.
(Use `node --trace-warnings ...` to show where the warning was created)
 ✓ src/adapters/binance/BinanceTransportConnectionReuse.test.ts (5 tests) 570ms
(node:25620) [UNDICI-EHPA] Warning: EnvHttpProxyAgent is experimental, expect them to change at any time.
(Use `node --trace-warnings ...` to show where the warning was created)
(node:19708) [UNDICI-EHPA] Warning: EnvHttpProxyAgent is experimental, expect them to change at any time.
(Use `node --trace-warnings ...` to show where the warning was created)
(node:240) [UNDICI-EHPA] Warning: EnvHttpProxyAgent is experimental, expect them to change at any time.
(Use `node --trace-warnings ...` to show where the warning was created)
(node:240) [UNDICI-EHPA] Warning: EnvHttpProxyAgent is experimental, expect them to change at any time.
(Use `node --trace-warnings ...` to show where the warning was created)
(node:240) [UNDICI-EHPA] Warning: EnvHttpProxyAgent is experimental, expect them to change at any time.
(Use `node --trace-warnings ...` to show where the warning was created)
(node:19708) [UNDICI-EHPA] Warning: EnvHttpProxyAgent is experimental, expect them to change at any time.
(Use `node --trace-warnings ...` to show where the warning was created)
 ✓ src/adapters/market/klineContinuity.test.ts (11 tests) 25ms
(node:49180) [UNDICI-EHPA] Warning: EnvHttpProxyAgent is experimental, expect them to change at any time.
(Use `node --trace-warnings ...` to show where the warning was created)
(node:19708) [UNDICI-EHPA] Warning: EnvHttpProxyAgent is experimental, expect them to change at any time.
(Use `node --trace-warnings ...` to show where the warning was created)
(node:240) [UNDICI-EHPA] Warning: EnvHttpProxyAgent is experimental, expect them to change at any time.
(Use `node --trace-warnings ...` to show where the warning was created)
(node:19708) [UNDICI-EHPA] Warning: EnvHttpProxyAgent is experimental, expect them to change at any time.
(Use `node --trace-warnings ...` to show where the warning was created)
 ✓ src/services/v370Decision.test.ts (7 tests) 25ms
(node:40880) [UNDICI-EHPA] Warning: EnvHttpProxyAgent is experimental, expect them to change at any time.
(Use `node --trace-warnings ...` to show where the warning was created)
(node:19708) [UNDICI-EHPA] Warning: EnvHttpProxyAgent is experimental, expect them to change at any time.
(Use `node --trace-warnings ...` to show where the warning was created)
(node:19708) [UNDICI-EHPA] Warning: EnvHttpProxyAgent is experimental, expect them to change at any time.
(Use `node --trace-warnings ...` to show where the warning was created)
(node:240) [UNDICI-EHPA] Warning: EnvHttpProxyAgent is experimental, expect them to change at any time.
(Use `node --trace-warnings ...` to show where the warning was created)
 ✓ src/runtime/appRuntime.test.ts (8 tests) 3111ms
   ✓ mock V3 runtime > bootstraps bounded cohort snapshots without a full-universe refresh  1029ms
   ✓ mock V3 runtime > retains an in-flight cohort hydrate through the real runtime sync, then admits its snapshot  404ms
   ✓ does not publish into the closed database from queued UI snapshots  926ms
(node:31552) [UNDICI-EHPA] Warning: EnvHttpProxyAgent is experimental, expect them to change at any time.
(Use `node --trace-warnings ...` to show where the warning was created)
(node:19708) [UNDICI-EHPA] Warning: EnvHttpProxyAgent is experimental, expect them to change at any time.
(Use `node --trace-warnings ...` to show where the warning was created)
 ✓ src/adapters/market/klineRecoverySimulation.test.ts (1 test) 521ms
   ✓ V3.9.5 mass 1m gap heals without a request storm > uses at most one klines request per symbol, reloads no snapshots and restores readiness  520ms
(node:19708) [UNDICI-EHPA] Warning: EnvHttpProxyAgent is experimental, expect them to change at any time.
(Use `node --trace-warnings ...` to show where the warning was created)
 ✓ src/services/aiFabricResourceState.test.ts (5 tests) 27ms
(node:42736) [UNDICI-EHPA] Warning: EnvHttpProxyAgent is experimental, expect them to change at any time.
(Use `node --trace-warnings ...` to show where the warning was created)
(node:14596) [UNDICI-EHPA] Warning: EnvHttpProxyAgent is experimental, expect them to change at any time.
(Use `node --trace-warnings ...` to show where the warning was created)
(node:19708) [UNDICI-EHPA] Warning: EnvHttpProxyAgent is experimental, expect them to change at any time.
(Use `node --trace-warnings ...` to show where the warning was created)
(node:14596) ExperimentalWarning: SQLite is an experimental feature and might change at any time
(node:42736) ExperimentalWarning: SQLite is an experimental feature and might change at any time
 ✓ src/services/assetGovernanceCoordinator.test.ts (6 tests) 9ms
(node:50540) [UNDICI-EHPA] Warning: EnvHttpProxyAgent is experimental, expect them to change at any time.
(Use `node --trace-warnings ...` to show where the warning was created)
(node:19708) [UNDICI-EHPA] Warning: EnvHttpProxyAgent is experimental, expect them to change at any time.
(Use `node --trace-warnings ...` to show where the warning was created)
(node:19708) [UNDICI-EHPA] Warning: EnvHttpProxyAgent is experimental, expect them to change at any time.
(Use `node --trace-warnings ...` to show where the warning was created)
 ✓ src/services/aiFabric.test.ts (14 tests) 3938ms
   ✓ Primary decision fail-closed normalization > normalizes a reject without inventing an executable side  880ms
   ✓ Primary decision fail-closed normalization > repairs reject formatting without restoring a trade side or direction authority  337ms
   ✓ Primary decision fail-closed normalization > does not manufacture a missing executable price range  323ms
(node:27660) [UNDICI-EHPA] Warning: EnvHttpProxyAgent is experimental, expect them to change at any time.
(Use `node --trace-warnings ...` to show where the warning was created)
(node:50540) ExperimentalWarning: SQLite is an experimental feature and might change at any time
(node:42736) [UNDICI-EHPA] Warning: EnvHttpProxyAgent is experimental, expect them to change at any time.
(Use `node --trace-warnings ...` to show where the warning was created)
 ✓ src/services/positionNotionalSemantics.test.ts (4 tests) 271ms
(node:44672) [UNDICI-EHPA] Warning: EnvHttpProxyAgent is experimental, expect them to change at any time.
(Use `node --trace-warnings ...` to show where the warning was created)
 ✓ src/services/cycleAccounting.test.ts (16 tests) 36ms
 ✓ src/services/finalActivation.test.ts (13 tests) 59ms
(node:35512) [UNDICI-EHPA] Warning: EnvHttpProxyAgent is experimental, expect them to change at any time.
(Use `node --trace-warnings ...` to show where the warning was created)
(node:20292) [UNDICI-EHPA] Warning: EnvHttpProxyAgent is experimental, expect them to change at any time.
(Use `node --trace-warnings ...` to show where the warning was created)
(node:35512) ExperimentalWarning: SQLite is an experimental feature and might change at any time
 ✓ src/services/targetHorizonContract.test.ts (4 tests) 116ms
 ✓ src/services/ownershipScopeIdentity.test.ts (3 tests) 176ms
 ✓ src/services/entryExecutionChain.test.ts (6 tests) 3293ms
   ✓ V3.9.6 PLACE -> submit chain closure > EC-04 (T5) an unknown submission is reconciled, never re-sent  3103ms
(node:29952) [UNDICI-EHPA] Warning: EnvHttpProxyAgent is experimental, expect them to change at any time.
(Use `node --trace-warnings ...` to show where the warning was created)
 ✓ src/services/aiQuantityAllocation.test.ts (6 tests) 7ms
(node:14204) [UNDICI-EHPA] Warning: EnvHttpProxyAgent is experimental, expect them to change at any time.
(Use `node --trace-warnings ...` to show where the warning was created)
(node:12828) [UNDICI-EHPA] Warning: EnvHttpProxyAgent is experimental, expect them to change at any time.
(Use `node --trace-warnings ...` to show where the warning was created)
(node:18744) [UNDICI-EHPA] Warning: EnvHttpProxyAgent is experimental, expect them to change at any time.
(Use `node --trace-warnings ...` to show where the warning was created)
 ✓ src/services/frozenChoiceTelemetry.test.ts (6 tests) 9ms
 ✓ src/services/tradingEpisodeEvidence.test.ts (10 tests) 15ms
(node:36448) [UNDICI-EHPA] Warning: EnvHttpProxyAgent is experimental, expect them to change at any time.
(Use `node --trace-warnings ...` to show where the warning was created)
 ✓ src/api/executionTruthSplit.test.ts (6 tests) 7ms
(node:33152) [UNDICI-EHPA] Warning: EnvHttpProxyAgent is experimental, expect them to change at any time.
(Use `node --trace-warnings ...` to show where the warning was created)
(node:12828) ExperimentalWarning: SQLite is an experimental feature and might change at any time
(node:39964) [UNDICI-EHPA] Warning: EnvHttpProxyAgent is experimental, expect them to change at any time.
(Use `node --trace-warnings ...` to show where the warning was created)
 ✓ src/services/marketDataStaleness.test.ts (10 tests) 7ms
(node:13400) [UNDICI-EHPA] Warning: EnvHttpProxyAgent is experimental, expect them to change at any time.
(Use `node --trace-warnings ...` to show where the warning was created)
(node:39964) ExperimentalWarning: SQLite is an experimental feature and might change at any time
 ✓ src/services/tradeRecordIntegrity.test.ts (5 tests) 15ms
(node:46424) [UNDICI-EHPA] Warning: EnvHttpProxyAgent is experimental, expect them to change at any time.
(Use `node --trace-warnings ...` to show where the warning was created)
(node:13400) ExperimentalWarning: SQLite is an experimental feature and might change at any time
(node:46424) ExperimentalWarning: SQLite is an experimental feature and might change at any time
(node:12828) [UNDICI-EHPA] Warning: EnvHttpProxyAgent is experimental, expect them to change at any time.
(Use `node --trace-warnings ...` to show where the warning was created)
(node:13400) [UNDICI-EHPA] Warning: EnvHttpProxyAgent is experimental, expect them to change at any time.
(Use `node --trace-warnings ...` to show where the warning was created)
(node:12828) [UNDICI-EHPA] Warning: EnvHttpProxyAgent is experimental, expect them to change at any time.
(Use `node --trace-warnings ...` to show where the warning was created)
 ✓ src/services/ownershipJournal.test.ts (10 tests) 1717ms
   ✓ S02/S04 durable foundation; no exchange writes > rolls ownership back if outbox insertion fails inside the same transaction  380ms
   ✓ S02/S04 durable foundation; no exchange writes > revokes at exact deadline and commits a recoverable outbox  318ms
   ✓ S02/S04 durable foundation; no exchange writes > keeps owner expiry events separate from an existing mandate event with the same scope and version  378ms
(node:26872) [UNDICI-EHPA] Warning: EnvHttpProxyAgent is experimental, expect them to change at any time.
(Use `node --trace-warnings ...` to show where the warning was created)
(node:13400) [UNDICI-EHPA] Warning: EnvHttpProxyAgent is experimental, expect them to change at any time.
(Use `node --trace-warnings ...` to show where the warning was created)
 ✓ src/api/brainRunExecution.test.ts (4 tests) 1948ms
   ✓ V3.9.6 durable run -> execution result > RX-01 a natural PLACE that reaches the wire is journalled as 已挂单 with its whole lineage  1094ms
   ✓ V3.9.6 durable run -> execution result > RX-02 a frozen TESTNET PLACE reaches the wire even when recent-trade reachability is absent  319ms
   ✓ V3.9.6 durable run -> execution result > RX-04 the funnel reads the same journal the rows do  318ms
(node:12828) [UNDICI-EHPA] Warning: EnvHttpProxyAgent is experimental, expect them to change at any time.
(Use `node --trace-warnings ...` to show where the warning was created)
 ✓ src/services/remoteFactAuditPolicy.test.ts (7 tests) 12ms
(node:17800) [UNDICI-EHPA] Warning: EnvHttpProxyAgent is experimental, expect them to change at any time.
(Use `node --trace-warnings ...` to show where the warning was created)
(node:13400) [UNDICI-EHPA] Warning: EnvHttpProxyAgent is experimental, expect them to change at any time.
(Use `node --trace-warnings ...` to show where the warning was created)
 ✓ src/api/projections.test.ts (4 tests) 1921ms
   ✓ dashboard projections > schema-validates one server-side snapshot and redacts audit secrets  1184ms
   ✓ projects exchange-complete trading PnL while funding keeps canonical net unavailable  426ms
   ✓ projects the configured 5000+5000 wallet baseline separately from rolling local and exchange PnL  300ms
(node:15460) [UNDICI-EHPA] Warning: EnvHttpProxyAgent is experimental, expect them to change at any time.
(Use `node --trace-warnings ...` to show where the warning was created)
(node:24768) [UNDICI-EHPA] Warning: EnvHttpProxyAgent is experimental, expect them to change at any time.
(Use `node --trace-warnings ...` to show where the warning was created)
(node:12828) [UNDICI-EHPA] Warning: EnvHttpProxyAgent is experimental, expect them to change at any time.
(Use `node --trace-warnings ...` to show where the warning was created)
 ✓ src/services/v396OfflineStages.test.ts (11 tests) 19ms
(node:49864) [UNDICI-EHPA] Warning: EnvHttpProxyAgent is experimental, expect them to change at any time.
(Use `node --trace-warnings ...` to show where the warning was created)
 ✓ src/services/unknownProofValidation.test.ts (47 tests) 19ms
(node:12828) [UNDICI-EHPA] Warning: EnvHttpProxyAgent is experimental, expect them to change at any time.
(Use `node --trace-warnings ...` to show where the warning was created)
 ✓ src/api/snapshotReadOnly.test.ts (5 tests) 2808ms
   ✓ TradeRecord GET list/detail and Experience perform zero SQLite writes and zero state mutation  1415ms
   ✓ published dashboard snapshot > serves a bounded immutable summary without reconciliation waits or SQLite writes  450ms
   ✓ position detail and stale manual preview perform zero market REST reads  399ms
 ✓ src/services/marketDataHubSlowFields.test.ts (4 tests) 15ms
(node:3916) [UNDICI-EHPA] Warning: EnvHttpProxyAgent is experimental, expect them to change at any time.
(Use `node --trace-warnings ...` to show where the warning was created)
(node:49864) ExperimentalWarning: SQLite is an experimental feature and might change at any time
(node:27188) [UNDICI-EHPA] Warning: EnvHttpProxyAgent is experimental, expect them to change at any time.
(Use `node --trace-warnings ...` to show where the warning was created)
(node:48908) [UNDICI-EHPA] Warning: EnvHttpProxyAgent is experimental, expect them to change at any time.
(Use `node --trace-warnings ...` to show where the warning was created)
 ✓ src/services/tradingQualityV393EvidenceStore.test.ts (5 tests) 24ms
(node:46964) [UNDICI-EHPA] Warning: EnvHttpProxyAgent is experimental, expect them to change at any time.
(Use `node --trace-warnings ...` to show where the warning was created)
(node:48908) ExperimentalWarning: SQLite is an experimental feature and might change at any time
(node:27188) ExperimentalWarning: SQLite is an experimental feature and might change at any time
(node:3916) ExperimentalWarning: SQLite is an experimental feature and might change at any time
 ✓ src/services/tpUnknownRecovery.test.ts (4 tests) 30ms
 ✓ src/services/tpPositionFactTruth.test.ts (4 tests) 30ms
 ✓ src/services/ownershipRuntime.test.ts (5 tests) 200ms
(node:48992) [UNDICI-EHPA] Warning: EnvHttpProxyAgent is experimental, expect them to change at any time.
(Use `node --trace-warnings ...` to show where the warning was created)
(node:44812) [UNDICI-EHPA] Warning: EnvHttpProxyAgent is experimental, expect them to change at any time.
(Use `node --trace-warnings ...` to show where the warning was created)
(node:3240) [UNDICI-EHPA] Warning: EnvHttpProxyAgent is experimental, expect them to change at any time.
(Use `node --trace-warnings ...` to show where the warning was created)
 ✓ src/services/v396AuditFollowup.test.ts (8 tests) 17ms
 ✓ src/services/tradingQualityEligibility.test.ts (7 tests) 9ms
(node:19296) [UNDICI-EHPA] Warning: EnvHttpProxyAgent is experimental, expect them to change at any time.
(Use `node --trace-warnings ...` to show where the warning was created)
(node:3240) ExperimentalWarning: SQLite is an experimental feature and might change at any time
(node:13724) [UNDICI-EHPA] Warning: EnvHttpProxyAgent is experimental, expect them to change at any time.
(Use `node --trace-warnings ...` to show where the warning was created)
 ✓ src/services/tpSubmissionOutcome.test.ts (7 tests) 36ms
 ✓ src/services/s07ConsumerBoundary.test.ts (7 tests) 767ms
(node:42148) [UNDICI-EHPA] Warning: EnvHttpProxyAgent is experimental, expect them to change at any time.
(Use `node --trace-warnings ...` to show where the warning was created)
 ✓ src/services/v396AuditBoundaries.test.ts (23 tests) 18ms
(node:22608) [UNDICI-EHPA] Warning: EnvHttpProxyAgent is experimental, expect them to change at any time.
(Use `node --trace-warnings ...` to show where the warning was created)
(node:34596) [UNDICI-EHPA] Warning: EnvHttpProxyAgent is experimental, expect them to change at any time.
(Use `node --trace-warnings ...` to show where the warning was created)
(node:42148) ExperimentalWarning: SQLite is an experimental feature and might change at any time
 ✓ src/services/ownershipStorageCoverage.test.ts (6 tests) 259ms
 ✓ src/services/productionAssetResearch.test.ts (6 tests) 17ms
(node:15164) [UNDICI-EHPA] Warning: EnvHttpProxyAgent is experimental, expect them to change at any time.
(Use `node --trace-warnings ...` to show where the warning was created)
(node:9500) [UNDICI-EHPA] Warning: EnvHttpProxyAgent is experimental, expect them to change at any time.
(Use `node --trace-warnings ...` to show where the warning was created)
(node:22608) ExperimentalWarning: SQLite is an experimental feature and might change at any time
(node:34596) ExperimentalWarning: SQLite is an experimental feature and might change at any time
 ✓ src/services/tpGuardianCrossedTruth.test.ts (11 tests) 74ms
 ✓ src/services/tradeRecordReadModel.test.ts (7 tests) 10ms
(node:13836) [UNDICI-EHPA] Warning: EnvHttpProxyAgent is experimental, expect them to change at any time.
(Use `node --trace-warnings ...` to show where the warning was created)
(node:12944) [UNDICI-EHPA] Warning: EnvHttpProxyAgent is experimental, expect them to change at any time.
(Use `node --trace-warnings ...` to show where the warning was created)
 ✓ src/services/reconciliationCoverageContract.test.ts (6 tests) 28ms
(node:45432) [UNDICI-EHPA] Warning: EnvHttpProxyAgent is experimental, expect them to change at any time.
(Use `node --trace-warnings ...` to show where the warning was created)
 ✓ src/services/externalIntelligenceService.test.ts (5 tests) 19ms
(node:26240) [UNDICI-EHPA] Warning: EnvHttpProxyAgent is experimental, expect them to change at any time.
(Use `node --trace-warnings ...` to show where the warning was created)
 ✓ src/services/tradingQualityV393.test.ts (10 tests) 7ms
(node:24776) [UNDICI-EHPA] Warning: EnvHttpProxyAgent is experimental, expect them to change at any time.
(Use `node --trace-warnings ...` to show where the warning was created)
 ✓ src/services/reconciliationRequestBudget.test.ts (3 tests) 52ms
 ✓ src/adapters/exchange/ExternalTradeAdapterFunding.test.ts (6 tests) 24ms
(node:32384) [UNDICI-EHPA] Warning: EnvHttpProxyAgent is experimental, expect them to change at any time.
(Use `node --trace-warnings ...` to show where the warning was created)
(node:32732) [UNDICI-EHPA] Warning: EnvHttpProxyAgent is experimental, expect them to change at any time.
(Use `node --trace-warnings ...` to show where the warning was created)
 ✓ src/state/runtimeState.test.ts (6 tests) 8ms
(node:22608) [UNDICI-EHPA] Warning: EnvHttpProxyAgent is experimental, expect them to change at any time.
(Use `node --trace-warnings ...` to show where the warning was created)
 ✓ src/runtime/v393FrozenEntryRestart.test.ts (1 test) 871ms
   ✓ V3.9.3 frozen Entry authorization restart persistence > preserves AI side, quantityUnits, acceptable range and pre-AI envelope through SQLite and Engine restart  870ms
(node:38520) [UNDICI-EHPA] Warning: EnvHttpProxyAgent is experimental, expect them to change at any time.
(Use `node --trace-warnings ...` to show where the warning was created)
(node:9348) [UNDICI-EHPA] Warning: EnvHttpProxyAgent is experimental, expect them to change at any time.
(Use `node --trace-warnings ...` to show where the warning was created)
 ✓ src/services/economicEntryFeasibility.test.ts (6 tests) 9ms
 ✓ src/services/tradeRecordSyncService.test.ts (3 tests) 11ms
(node:35288) [UNDICI-EHPA] Warning: EnvHttpProxyAgent is experimental, expect them to change at any time.
(Use `node --trace-warnings ...` to show where the warning was created)
(node:2464) [UNDICI-EHPA] Warning: EnvHttpProxyAgent is experimental, expect them to change at any time.
(Use `node --trace-warnings ...` to show where the warning was created)
 ✓ src/services/finalRiskConvergence.test.ts (5 tests) 20ms
 ✓ src/services/positionLifecycleIntegrity.test.ts (3 tests) 25ms
(node:45632) [UNDICI-EHPA] Warning: EnvHttpProxyAgent is experimental, expect them to change at any time.
(Use `node --trace-warnings ...` to show where the warning was created)
(node:41004) [UNDICI-EHPA] Warning: EnvHttpProxyAgent is experimental, expect them to change at any time.
(Use `node --trace-warnings ...` to show where the warning was created)
(node:35288) ExperimentalWarning: SQLite is an experimental feature and might change at any time
 ✓ src/services/preflightFeasibility.test.ts (6 tests) 20ms
 ✓ src/services/executableRiskHeadroom.test.ts (6 tests) 13ms
(node:47524) [UNDICI-EHPA] Warning: EnvHttpProxyAgent is experimental, expect them to change at any time.
(Use `node --trace-warnings ...` to show where the warning was created)
(node:39380) [UNDICI-EHPA] Warning: EnvHttpProxyAgent is experimental, expect them to change at any time.
(Use `node --trace-warnings ...` to show where the warning was created)
 ✓ src/services/v397FrozenSizing.test.ts (6 tests) 38ms
(node:49348) [UNDICI-EHPA] Warning: EnvHttpProxyAgent is experimental, expect them to change at any time.
(Use `node --trace-warnings ...` to show where the warning was created)
 ✓ src/services/temporalAlgorithms.test.ts (11 tests) 12ms
 ✓ src/services/p0EntryIntegrity.test.ts (4 tests) 5ms
 ✓ src/services/s05ConsumerBoundary.test.ts (4 tests) 389ms
   ✓ S05 production consumer boundary > the pure S05 modules have exactly one admission consumer plus their own siblings  366ms
(node:14572) [UNDICI-EHPA] Warning: EnvHttpProxyAgent is experimental, expect them to change at any time.
(Use `node --trace-warnings ...` to show where the warning was created)
(node:2188) [UNDICI-EHPA] Warning: EnvHttpProxyAgent is experimental, expect them to change at any time.
(Use `node --trace-warnings ...` to show where the warning was created)
(node:26996) [UNDICI-EHPA] Warning: EnvHttpProxyAgent is experimental, expect them to change at any time.
(Use `node --trace-warnings ...` to show where the warning was created)
(node:49348) ExperimentalWarning: SQLite is an experimental feature and might change at any time
 ✓ src/services/privateAccountSync.test.ts (5 tests) 12ms
 ✓ src/services/positionReviewSchedulerReviewOnly.test.ts (3 tests) 8ms
(node:49660) [UNDICI-EHPA] Warning: EnvHttpProxyAgent is experimental, expect them to change at any time.
(Use `node --trace-warnings ...` to show where the warning was created)
 ✓ src/services/lossHandoff.test.ts (4 tests) 8ms
(node:24680) [UNDICI-EHPA] Warning: EnvHttpProxyAgent is experimental, expect them to change at any time.
(Use `node --trace-warnings ...` to show where the warning was created)
(node:11100) [UNDICI-EHPA] Warning: EnvHttpProxyAgent is experimental, expect them to change at any time.
(Use `node --trace-warnings ...` to show where the warning was created)
(node:49660) ExperimentalWarning: SQLite is an experimental feature and might change at any time
(node:24680) ExperimentalWarning: SQLite is an experimental feature and might change at any time
(node:11100) ExperimentalWarning: SQLite is an experimental feature and might change at any time
 ✓ src/runtime/userPositionFacts.test.ts (4 tests) 38ms
(node:41896) [UNDICI-EHPA] Warning: EnvHttpProxyAgent is experimental, expect them to change at any time.
(Use `node --trace-warnings ...` to show where the warning was created)
 ✓ src/services/candidateLifecycleDeriver.test.ts (10 tests) 6ms
(node:15392) [UNDICI-EHPA] Warning: EnvHttpProxyAgent is experimental, expect them to change at any time.
(Use `node --trace-warnings ...` to show where the warning was created)
(node:49348) [UNDICI-EHPA] Warning: EnvHttpProxyAgent is experimental, expect them to change at any time.
(Use `node --trace-warnings ...` to show where the warning was created)
 ✓ src/runtime/riskPauseOverride.test.ts (1 test) 1103ms
   ✓ Testnet risk-pause override > TESTNET records daily loss without pausing Entry, including restored state  1102ms
(node:30304) [UNDICI-EHPA] Warning: EnvHttpProxyAgent is experimental, expect them to change at any time.
(Use `node --trace-warnings ...` to show where the warning was created)
(node:15392) ExperimentalWarning: SQLite is an experimental feature and might change at any time
(node:11100) [UNDICI-EHPA] Warning: EnvHttpProxyAgent is experimental, expect them to change at any time.
(Use `node --trace-warnings ...` to show where the warning was created)
(node:49660) [UNDICI-EHPA] Warning: EnvHttpProxyAgent is experimental, expect them to change at any time.
(Use `node --trace-warnings ...` to show where the warning was created)
(node:30304) ExperimentalWarning: SQLite is an experimental feature and might change at any time
(node:11100) [UNDICI-EHPA] Warning: EnvHttpProxyAgent is experimental, expect them to change at any time.
(Use `node --trace-warnings ...` to show where the warning was created)
(node:49660) [UNDICI-EHPA] Warning: EnvHttpProxyAgent is experimental, expect them to change at any time.
(Use `node --trace-warnings ...` to show where the warning was created)
 ✓ src/runtime/restartRecovery.test.ts (2 tests) 1278ms
   ✓ persists recovered lot projections and their evidence before a second reopen  921ms
   ✓ runtime restart recovery > restores test-harness facts only through the explicit harness factory  355ms
 ✓ src/services/externalResearchService.test.ts (3 tests) 337ms
(node:26608) [UNDICI-EHPA] Warning: EnvHttpProxyAgent is experimental, expect them to change at any time.
(Use `node --trace-warnings ...` to show where the warning was created)
(node:47968) [UNDICI-EHPA] Warning: EnvHttpProxyAgent is experimental, expect them to change at any time.
(Use `node --trace-warnings ...` to show where the warning was created)
(node:49660) [UNDICI-EHPA] Warning: EnvHttpProxyAgent is experimental, expect them to change at any time.
(Use `node --trace-warnings ...` to show where the warning was created)
 ✓ src/services/eipService.test.ts (3 tests) 1741ms
   ✓ EIP 3.0 evidence gates > builds seven-timeframe evidence within a bounded prompt size  977ms
   ✓ EIP 3.0 evidence gates > fails closed for stale price but sanitizes stale derivatives as contextual evidence  430ms
   ✓ EIP 3.0 evidence gates > sanitizes stale partial derivatives before classifying exchange availability, while preserving fresh partial facts  333ms
(node:19640) [UNDICI-EHPA] Warning: EnvHttpProxyAgent is experimental, expect them to change at any time.
(Use `node --trace-warnings ...` to show where the warning was created)
 ✓ src/services/accountValuation.test.ts (3 tests) 6ms
(node:30304) [UNDICI-EHPA] Warning: EnvHttpProxyAgent is experimental, expect them to change at any time.
(Use `node --trace-warnings ...` to show where the warning was created)
(node:35224) [UNDICI-EHPA] Warning: EnvHttpProxyAgent is experimental, expect them to change at any time.
(Use `node --trace-warnings ...` to show where the warning was created)
 ✓ src/services/positionService.test.ts (3 tests) 12ms
 ✓ src/services/s05ConvergenceHostile.test.ts (8 tests) 18ms
 ✓ src/runtime/tradeRecordAutoSync.test.ts (1 test) 407ms
   ✓ automatic TradeRecord rolling sync window > backfills the last seven days one day per pass, then stays incremental  406ms
(node:29188) [UNDICI-EHPA] Warning: EnvHttpProxyAgent is experimental, expect them to change at any time.
(Use `node --trace-warnings ...` to show where the warning was created)
(node:4408) [UNDICI-EHPA] Warning: EnvHttpProxyAgent is experimental, expect them to change at any time.
(Use `node --trace-warnings ...` to show where the warning was created)
(node:24276) [UNDICI-EHPA] Warning: EnvHttpProxyAgent is experimental, expect them to change at any time.
(Use `node --trace-warnings ...` to show where the warning was created)
(node:35224) ExperimentalWarning: SQLite is an experimental feature and might change at any time
(node:29188) ExperimentalWarning: SQLite is an experimental feature and might change at any time
(node:4408) ExperimentalWarning: SQLite is an experimental feature and might change at any time
 ✓ src/services/tpTerminalProjection.test.ts (5 tests) 25ms
 ✓ src/services/storageCapacityGuard.test.ts (4 tests) 36ms
(node:50260) [UNDICI-EHPA] Warning: EnvHttpProxyAgent is experimental, expect them to change at any time.
(Use `node --trace-warnings ...` to show where the warning was created)
(node:32032) [UNDICI-EHPA] Warning: EnvHttpProxyAgent is experimental, expect them to change at any time.
(Use `node --trace-warnings ...` to show where the warning was created)
 ✓ src/services/nearMarketPrice.test.ts (4 tests) 14ms
(node:34020) [UNDICI-EHPA] Warning: EnvHttpProxyAgent is experimental, expect them to change at any time.
(Use `node --trace-warnings ...` to show where the warning was created)
 ✓ src/services/supplyHealth.test.ts (3 tests) 5ms
(node:32032) ExperimentalWarning: SQLite is an experimental feature and might change at any time
 ✓ src/config/exposureCapacityPolicyMigration.test.ts (3 tests) 415ms
(node:42332) [UNDICI-EHPA] Warning: EnvHttpProxyAgent is experimental, expect them to change at any time.
(Use `node --trace-warnings ...` to show where the warning was created)
 ✓ src/adapters/binance/requestBudgetPrivateTruth.test.ts (3 tests) 18ms
(node:3884) [UNDICI-EHPA] Warning: EnvHttpProxyAgent is experimental, expect them to change at any time.
(Use `node --trace-warnings ...` to show where the warning was created)
(node:45144) [UNDICI-EHPA] Warning: EnvHttpProxyAgent is experimental, expect them to change at any time.
(Use `node --trace-warnings ...` to show where the warning was created)
 ✓ src/services/brainRunArchive.test.ts (4 tests) 5ms
 ✓ src/services/s01TruthAccountingObservability.test.ts (5 tests) 7ms
(node:8664) [UNDICI-EHPA] Warning: EnvHttpProxyAgent is experimental, expect them to change at any time.
(Use `node --trace-warnings ...` to show where the warning was created)
(node:43116) [UNDICI-EHPA] Warning: EnvHttpProxyAgent is experimental, expect them to change at any time.
(Use `node --trace-warnings ...` to show where the warning was created)
 ✓ src/services/candidateSupplyHealth.test.ts (3 tests) 14ms
(node:45552) [UNDICI-EHPA] Warning: EnvHttpProxyAgent is experimental, expect them to change at any time.
(Use `node --trace-warnings ...` to show where the warning was created)
(node:8664) ExperimentalWarning: SQLite is an experimental feature and might change at any time
 ✓ src/adapters/binance/BinanceTransportLanes.test.ts (3 tests) 8ms
(node:32096) [UNDICI-EHPA] Warning: EnvHttpProxyAgent is experimental, expect them to change at any time.
(Use `node --trace-warnings ...` to show where the warning was created)
(node:32032) [UNDICI-EHPA] Warning: EnvHttpProxyAgent is experimental, expect them to change at any time.
(Use `node --trace-warnings ...` to show where the warning was created)
 ✓ src/api/positionCycleSnapshot.test.ts (1 test) 364ms
   ✓ publishes the position-cycle accounting facts through the snapshot schema  363ms
(node:17036) [UNDICI-EHPA] Warning: EnvHttpProxyAgent is experimental, expect them to change at any time.
(Use `node --trace-warnings ...` to show where the warning was created)
 ✓ src/services/v392HistoricalDecisionRegression.test.ts (3 tests) 4ms
(node:43116) ExperimentalWarning: SQLite is an experimental feature and might change at any time
 ✓ src/services/tradingQualityBaseline.test.ts (4 tests) 5ms
(node:25232) [UNDICI-EHPA] Warning: EnvHttpProxyAgent is experimental, expect them to change at any time.
(Use `node --trace-warnings ...` to show where the warning was created)
(node:39076) [UNDICI-EHPA] Warning: EnvHttpProxyAgent is experimental, expect them to change at any time.
(Use `node --trace-warnings ...` to show where the warning was created)
 ✓ src/services/tradingQualityReleaseGate.test.ts (5 tests) 5ms
 ✓ src/services/externalResearchQuality.test.ts (2 tests) 6ms
(node:6420) [UNDICI-EHPA] Warning: EnvHttpProxyAgent is experimental, expect them to change at any time.
(Use `node --trace-warnings ...` to show where the warning was created)
(node:47344) [UNDICI-EHPA] Warning: EnvHttpProxyAgent is experimental, expect them to change at any time.
(Use `node --trace-warnings ...` to show where the warning was created)
 ✓ src/services/productionReadOnlyPreflight.test.ts (4 tests) 13ms
(node:49768) [UNDICI-EHPA] Warning: EnvHttpProxyAgent is experimental, expect them to change at any time.
(Use `node --trace-warnings ...` to show where the warning was created)
 ✓ src/services/operationalLogger.test.ts (2 tests) 61ms
(node:47344) ExperimentalWarning: SQLite is an experimental feature and might change at any time
(node:49768) ExperimentalWarning: SQLite is an experimental feature and might change at any time
(node:43116) [UNDICI-EHPA] Warning: EnvHttpProxyAgent is experimental, expect them to change at any time.
(Use `node --trace-warnings ...` to show where the warning was created)
(node:20396) [UNDICI-EHPA] Warning: EnvHttpProxyAgent is experimental, expect them to change at any time.
(Use `node --trace-warnings ...` to show where the warning was created)
 ✓ src/services/egressFailClosed.test.ts (3 tests) 7ms
 ✓ src/api/assetDirectoryReview.test.ts (1 test) 410ms
   ✓ asset directory review API > keeps default preview read-only and only explicitly applies through governance CAS  408ms
 ✓ src/config/assetAdmissionIntegration.test.ts (1 test) 143ms
(node:30768) [UNDICI-EHPA] Warning: EnvHttpProxyAgent is experimental, expect them to change at any time.
(Use `node --trace-warnings ...` to show where the warning was created)
(node:48652) [UNDICI-EHPA] Warning: EnvHttpProxyAgent is experimental, expect them to change at any time.
(Use `node --trace-warnings ...` to show where the warning was created)
(node:20396) ExperimentalWarning: SQLite is an experimental feature and might change at any time
(node:37908) [UNDICI-EHPA] Warning: EnvHttpProxyAgent is experimental, expect them to change at any time.
(Use `node --trace-warnings ...` to show where the warning was created)
(node:20396) [UNDICI-EHPA] Warning: EnvHttpProxyAgent is experimental, expect them to change at any time.
(Use `node --trace-warnings ...` to show where the warning was created)
 ✓ src/runtime/processLifecycleTelemetry.test.ts (3 tests) 17ms
(node:20396) ExperimentalWarning: SQLite is an experimental feature and might change at any time
 ✓ src/services/tradingQualityObserverWorker.test.ts (1 test) 178ms
 ✓ src/services/liveValidationObservation.test.ts (2 tests) 20ms
(node:23984) [UNDICI-EHPA] Warning: EnvHttpProxyAgent is experimental, expect them to change at any time.
(Use `node --trace-warnings ...` to show where the warning was created)
(node:36628) [UNDICI-EHPA] Warning: EnvHttpProxyAgent is experimental, expect them to change at any time.
(Use `node --trace-warnings ...` to show where the warning was created)
 ✓ src/services/reconciliationOpenOrdersProjection.test.ts (2 tests) 7ms
(node:25084) [UNDICI-EHPA] Warning: EnvHttpProxyAgent is experimental, expect them to change at any time.
(Use `node --trace-warnings ...` to show where the warning was created)
(node:4940) [UNDICI-EHPA] Warning: EnvHttpProxyAgent is experimental, expect them to change at any time.
(Use `node --trace-warnings ...` to show where the warning was created)
 ✓ src/adapters/exchange/historyWindow.test.ts (5 tests) 9ms
 ✓ src/services/marketDataReadiness.test.ts (3 tests) 4ms
 ✓ src/services/entryWaiting.test.ts (4 tests) 3ms
(node:34664) [UNDICI-EHPA] Warning: EnvHttpProxyAgent is experimental, expect them to change at any time.
(Use `node --trace-warnings ...` to show where the warning was created)
 ✓ src/services/riskReadiness.test.ts (3 tests) 3ms
(node:15036) [UNDICI-EHPA] Warning: EnvHttpProxyAgent is experimental, expect them to change at any time.
(Use `node --trace-warnings ...` to show where the warning was created)
(node:21112) [UNDICI-EHPA] Warning: EnvHttpProxyAgent is experimental, expect them to change at any time.
(Use `node --trace-warnings ...` to show where the warning was created)
(node:9268) [UNDICI-EHPA] Warning: EnvHttpProxyAgent is experimental, expect them to change at any time.
(Use `node --trace-warnings ...` to show where the warning was created)
 ✓ src/services/historicalTpReachability.test.ts (3 tests) 5ms
 ✓ src/services/entryObservation.test.ts (4 tests) 7ms
 ✓ src/api/activeEntryProjection.test.ts (1 test) 3ms
(node:35204) [UNDICI-EHPA] Warning: EnvHttpProxyAgent is experimental, expect them to change at any time.
(Use `node --trace-warnings ...` to show where the warning was created)
(node:15952) [UNDICI-EHPA] Warning: EnvHttpProxyAgent is experimental, expect them to change at any time.
(Use `node --trace-warnings ...` to show where the warning was created)
(node:16320) [UNDICI-EHPA] Warning: EnvHttpProxyAgent is experimental, expect them to change at any time.
(Use `node --trace-warnings ...` to show where the warning was created)
 ✓ src/services/shadowReadiness.test.ts (2 tests) 7ms
 ✓ src/adapters/binance/requestBudgetEntryGate.test.ts (2 tests) 9ms
(node:27300) [UNDICI-EHPA] Warning: EnvHttpProxyAgent is experimental, expect them to change at any time.
(Use `node --trace-warnings ...` to show where the warning was created)
(node:32160) [UNDICI-EHPA] Warning: EnvHttpProxyAgent is experimental, expect them to change at any time.
(Use `node --trace-warnings ...` to show where the warning was created)
 ✓ src/config/aiResourceLoader.test.ts (1 test) 9ms
 ✓ src/adapters/binance/requestBudgetAnomaly.test.ts (1 test) 12ms
(node:29192) [UNDICI-EHPA] Warning: EnvHttpProxyAgent is experimental, expect them to change at any time.
(Use `node --trace-warnings ...` to show where the warning was created)
 ✓ src/services/humanManagedProjection.test.ts (1 test) 4ms
(node:41348) [UNDICI-EHPA] Warning: EnvHttpProxyAgent is experimental, expect them to change at any time.
(Use `node --trace-warnings ...` to show where the warning was created)
(node:37784) [UNDICI-EHPA] Warning: EnvHttpProxyAgent is experimental, expect them to change at any time.
(Use `node --trace-warnings ...` to show where the warning was created)
 ✓ src/adapters/binance/BinanceUserDataStream.test.ts (2 tests) 7ms
 ✓ src/services/directionPolicyService.test.ts (1 test) 8ms
(node:27492) [UNDICI-EHPA] Warning: EnvHttpProxyAgent is experimental, expect them to change at any time.
(Use `node --trace-warnings ...` to show where the warning was created)
 ✓ src/services/positionReviewPrompt.test.ts (1 test) 4ms
(node:16256) [UNDICI-EHPA] Warning: EnvHttpProxyAgent is experimental, expect them to change at any time.
(Use `node --trace-warnings ...` to show where the warning was created)
(node:22564) [UNDICI-EHPA] Warning: EnvHttpProxyAgent is experimental, expect them to change at any time.
(Use `node --trace-warnings ...` to show where the warning was created)
(node:41348) ExperimentalWarning: SQLite is an experimental feature and might change at any time
(node:27492) ExperimentalWarning: SQLite is an experimental feature and might change at any time
 ✓ src/services/shadowObservation.test.ts (4 tests) 9ms
 ✓ src/services/tradingQualityObservationPlan.test.ts (3 tests) 4ms
(node:38540) [UNDICI-EHPA] Warning: EnvHttpProxyAgent is experimental, expect them to change at any time.
(Use `node --trace-warnings ...` to show where the warning was created)
(node:11412) [UNDICI-EHPA] Warning: EnvHttpProxyAgent is experimental, expect them to change at any time.
(Use `node --trace-warnings ...` to show where the warning was created)
 ✓ src/api/entryCancelEligibility.test.ts (5 tests) 3ms
 ✓ src/services/collectorRecovery.test.ts (1 test) 60ms
(node:47920) [UNDICI-EHPA] Warning: EnvHttpProxyAgent is experimental, expect them to change at any time.
(Use `node --trace-warnings ...` to show where the warning was created)
(node:11412) ExperimentalWarning: SQLite is an experimental feature and might change at any time
(node:39592) [UNDICI-EHPA] Warning: EnvHttpProxyAgent is experimental, expect them to change at any time.
(Use `node --trace-warnings ...` to show where the warning was created)
 ✓ src/services/runtimeWriteBuffer.test.ts (1 test) 107ms
(node:19696) [UNDICI-EHPA] Warning: EnvHttpProxyAgent is experimental, expect them to change at any time.
(Use `node --trace-warnings ...` to show where the warning was created)
 ✓ src/adapters/ai/OpenAiCompatibleClient.test.ts (1 test) 8ms
(node:34808) [UNDICI-EHPA] Warning: EnvHttpProxyAgent is experimental, expect them to change at any time.
(Use `node --trace-warnings ...` to show where the warning was created)
 ✓ src/services/decisionContext.test.ts (3 tests) 3ms
(node:47920) ExperimentalWarning: SQLite is an experimental feature and might change at any time
(node:29736) [UNDICI-EHPA] Warning: EnvHttpProxyAgent is experimental, expect them to change at any time.
(Use `node --trace-warnings ...` to show where the warning was created)
 ✓ src/services/p0RiskConvergence.test.ts (3 tests) 6ms
 ✓ src/api/tradeCloseProvenance.test.ts (2 tests) 4ms
(node:47672) [UNDICI-EHPA] Warning: EnvHttpProxyAgent is experimental, expect them to change at any time.
(Use `node --trace-warnings ...` to show where the warning was created)
(node:42684) [UNDICI-EHPA] Warning: EnvHttpProxyAgent is experimental, expect them to change at any time.
(Use `node --trace-warnings ...` to show where the warning was created)
(node:41348) [UNDICI-EHPA] Warning: EnvHttpProxyAgent is experimental, expect them to change at any time.
(Use `node --trace-warnings ...` to show where the warning was created)
 ✓ src/api/exchangeFillProjection.test.ts (1 test) 912ms
   ✓ exchange fill projection > does not raise a system attribution alert for an external Binance App fill  911ms
 ✓ src/adapters/binance/requestBudgetProxyTruth.test.ts (1 test) 10ms
(node:43152) [UNDICI-EHPA] Warning: EnvHttpProxyAgent is experimental, expect them to change at any time.
(Use `node --trace-warnings ...` to show where the warning was created)
(node:33320) [UNDICI-EHPA] Warning: EnvHttpProxyAgent is experimental, expect them to change at any time.
(Use `node --trace-warnings ...` to show where the warning was created)
(node:47672) ExperimentalWarning: SQLite is an experimental feature and might change at any time
(node:42684) ExperimentalWarning: SQLite is an experimental feature and might change at any time
 ✓ src/services/unsubmittedEntryRecovery.test.ts (2 tests) 5ms
 ✓ src/services/tradingQualityCollectorSummary.test.ts (1 test) 36ms
(node:14904) [UNDICI-EHPA] Warning: EnvHttpProxyAgent is experimental, expect them to change at any time.
(Use `node --trace-warnings ...` to show where the warning was created)
 ✓ src/services/quoteUsdConversion.test.ts (2 tests) 4ms
(node:3620) [UNDICI-EHPA] Warning: EnvHttpProxyAgent is experimental, expect them to change at any time.
(Use `node --trace-warnings ...` to show where the warning was created)
(node:22116) [UNDICI-EHPA] Warning: EnvHttpProxyAgent is experimental, expect them to change at any time.
(Use `node --trace-warnings ...` to show where the warning was created)
 ✓ src/services/binanceClientOrderIdFactory.test.ts (3 tests) 4ms
 ✓ src/services/experienceService.test.ts (1 test) 5ms
(node:31508) [UNDICI-EHPA] Warning: EnvHttpProxyAgent is experimental, expect them to change at any time.
(Use `node --trace-warnings ...` to show where the warning was created)
(node:17464) [UNDICI-EHPA] Warning: EnvHttpProxyAgent is experimental, expect them to change at any time.
(Use `node --trace-warnings ...` to show where the warning was created)
(node:31508) ExperimentalWarning: SQLite is an experimental feature and might change at any time
 ✓ src/adapters/market/BinanceExchangeInfoSingleFlight.test.ts (1 test) 4ms
 ✓ src/adapters/binance/BinanceBudgetFailureTelemetry.test.ts (1 test) 2ms
(node:19056) [UNDICI-EHPA] Warning: EnvHttpProxyAgent is experimental, expect them to change at any time.
(Use `node --trace-warnings ...` to show where the warning was created)
 ✓ src/api/chronologicalSort.test.ts (2 tests) 3ms
(node:20660) [UNDICI-EHPA] Warning: EnvHttpProxyAgent is experimental, expect them to change at any time.
(Use `node --trace-warnings ...` to show where the warning was created)
(node:37400) [UNDICI-EHPA] Warning: EnvHttpProxyAgent is experimental, expect them to change at any time.
(Use `node --trace-warnings ...` to show where the warning was created)
(node:19056) ExperimentalWarning: SQLite is an experimental feature and might change at any time
 ✓ src/services/testnetLowLossCleanupService.test.ts (2 tests) 3ms
 ✓ src/config/settingsCloseoutInvariant.test.ts (1 test) 4ms
(node:44716) [UNDICI-EHPA] Warning: EnvHttpProxyAgent is experimental, expect them to change at any time.
(Use `node --trace-warnings ...` to show where the warning was created)
 ✓ src/services/TemporalIntelligenceService.test.ts (1 test) 5ms
(node:13936) [UNDICI-EHPA] Warning: EnvHttpProxyAgent is experimental, expect them to change at any time.
(Use `node --trace-warnings ...` to show where the warning was created)
(node:50380) [UNDICI-EHPA] Warning: EnvHttpProxyAgent is experimental, expect them to change at any time.
(Use `node --trace-warnings ...` to show where the warning was created)
 ✓ src/runtime/bootstrapReconciliationInvariant.test.ts (1 test) 4ms
(node:47672) [UNDICI-EHPA] Warning: EnvHttpProxyAgent is experimental, expect them to change at any time.
(Use `node --trace-warnings ...` to show where the warning was created)
 ✓ src/services/eipResidentInspection.test.ts (1 test) 937ms
   ✓ resident EIP inspection > keeps a held contract available to read-only EIP inspection  935ms
 ✓ src/services/tradeAuditProvenance.test.ts (1 test) 6ms
(node:30100) [UNDICI-EHPA] Warning: EnvHttpProxyAgent is experimental, expect them to change at any time.
(Use `node --trace-warnings ...` to show where the warning was created)
(node:38324) [UNDICI-EHPA] Warning: EnvHttpProxyAgent is experimental, expect them to change at any time.
(Use `node --trace-warnings ...` to show where the warning was created)
 ✓ src/config/engineTestTimeout.test.ts (1 test) 3ms
(node:47676) [UNDICI-EHPA] Warning: EnvHttpProxyAgent is experimental, expect them to change at any time.
(Use `node --trace-warnings ...` to show where the warning was created)
(node:15992) [UNDICI-EHPA] Warning: EnvHttpProxyAgent is experimental, expect them to change at any time.
(Use `node --trace-warnings ...` to show where the warning was created)
 ✓ src/services/privateAccountReadiness.test.ts (1 test) 3ms
(node:2796) [UNDICI-EHPA] Warning: EnvHttpProxyAgent is experimental, expect them to change at any time.
(Use `node --trace-warnings ...` to show where the warning was created)
 ✓ src/events/eventBus.test.ts (1 test) 4ms

 Test Files  200 passed (200)
      Tests  1799 passed (1799)
   Start at  23:07:25
   Duration  47.81s (transform 4.52s, setup 0ms, collect 45.71s, tests 79.04s, environment 46ms, prepare 23.01s)

(node:28628) [UNDICI-EHPA] Warning: EnvHttpProxyAgent is experimental, expect them to change at any time.
(Use `node --trace-warnings ...` to show where the warning was created)
