(node:49776) [UNDICI-EHPA] Warning: EnvHttpProxyAgent is experimental, expect them to change at any time.
(Use `node --trace-warnings ...` to show where the warning was created)
(node:8548) [UNDICI-EHPA] Warning: EnvHttpProxyAgent is experimental, expect them to change at any time.
(Use `node --trace-warnings ...` to show where the warning was created)

> zdj-mits-v3@3.9.8 verify
> npm run verify:deps && npm run verify:scripts && npm run verify:release && npm run verify:s00 && npm run typecheck && npm run build && npm run test

(node:2224) [UNDICI-EHPA] Warning: EnvHttpProxyAgent is experimental, expect them to change at any time.
(Use `node --trace-warnings ...` to show where the warning was created)
(node:4280) [UNDICI-EHPA] Warning: EnvHttpProxyAgent is experimental, expect them to change at any time.
(Use `node --trace-warnings ...` to show where the warning was created)

> zdj-mits-v3@3.9.8 verify:deps
> npm run build -w @zdj/contracts && npm run build -w @zdj/core

(node:40460) [UNDICI-EHPA] Warning: EnvHttpProxyAgent is experimental, expect them to change at any time.
(Use `node --trace-warnings ...` to show where the warning was created)
(node:47252) [UNDICI-EHPA] Warning: EnvHttpProxyAgent is experimental, expect them to change at any time.
(Use `node --trace-warnings ...` to show where the warning was created)

> @zdj/contracts@3.9.8 build
> tsc -p tsconfig.json

(node:39964) [UNDICI-EHPA] Warning: EnvHttpProxyAgent is experimental, expect them to change at any time.
(Use `node --trace-warnings ...` to show where the warning was created)
(node:20204) [UNDICI-EHPA] Warning: EnvHttpProxyAgent is experimental, expect them to change at any time.
(Use `node --trace-warnings ...` to show where the warning was created)

> @zdj/core@3.9.8 build
> tsc -p tsconfig.json

(node:50212) [UNDICI-EHPA] Warning: EnvHttpProxyAgent is experimental, expect them to change at any time.
(Use `node --trace-warnings ...` to show where the warning was created)
(node:14852) [UNDICI-EHPA] Warning: EnvHttpProxyAgent is experimental, expect them to change at any time.
(Use `node --trace-warnings ...` to show where the warning was created)

> zdj-mits-v3@3.9.8 verify:scripts
> node --check scripts/maintain-storage.mjs && node --check scripts/reset-testnet-runtime-db.mjs && node --check scripts/init-local-runtime.mjs && node --check scripts/prune-zdj-backups.mjs && node --check scripts/install-storage-retention.mjs && node --check scripts/v394-stage6-set-readonly.mjs && node scripts/v394-stage6-set-readonly.mjs --self-test && node --check scripts/v394-stage6-preflight.mjs && node scripts/v394-stage6-preflight.mjs --self-test && node --check scripts/audit-ai-entry-quality.mjs && node --check scripts/audit-trading-quality-baseline.mjs && node --check scripts/inspect-sqlite-capacity.mjs && node --check scripts/audit-v394-entry-authorization.mjs && node --test scripts/maintain-storage.test.mjs scripts/reset-testnet-runtime-db.test.mjs scripts/init-local-runtime.test.mjs && powershell -NoProfile -ExecutionPolicy Bypass -File scripts/start-zdj-engine-host.test.ps1 && powershell -NoProfile -ExecutionPolicy Bypass -File scripts/run-v394-readonly-canary.test.ps1 && powershell -NoProfile -ExecutionPolicy Bypass -File scripts/run-v394-local-rollout.test.ps1 && powershell -NoProfile -ExecutionPolicy Bypass -File scripts/run-v394-stage7-to-stage9.test.ps1 && powershell -NoProfile -ExecutionPolicy Bypass -File scripts/vpn/zdj-trade-proxy-client-windows.test.ps1

(node:47832) [UNDICI-EHPA] Warning: EnvHttpProxyAgent is experimental, expect them to change at any time.
(Use `node --trace-warnings ...` to show where the warning was created)
(node:43856) [UNDICI-EHPA] Warning: EnvHttpProxyAgent is experimental, expect them to change at any time.
(Use `node --trace-warnings ...` to show where the warning was created)
(node:30512) [UNDICI-EHPA] Warning: EnvHttpProxyAgent is experimental, expect them to change at any time.
(Use `node --trace-warnings ...` to show where the warning was created)
(node:29352) [UNDICI-EHPA] Warning: EnvHttpProxyAgent is experimental, expect them to change at any time.
(Use `node --trace-warnings ...` to show where the warning was created)
(node:43936) [UNDICI-EHPA] Warning: EnvHttpProxyAgent is experimental, expect them to change at any time.
(Use `node --trace-warnings ...` to show where the warning was created)
(node:15260) [UNDICI-EHPA] Warning: EnvHttpProxyAgent is experimental, expect them to change at any time.
(Use `node --trace-warnings ...` to show where the warning was created)
(node:42940) [UNDICI-EHPA] Warning: EnvHttpProxyAgent is experimental, expect them to change at any time.
(Use `node --trace-warnings ...` to show where the warning was created)
(node:42940) ExperimentalWarning: SQLite is an experimental feature and might change at any time
V3.9.4 explicit proxy-enable + legacy normalization + READ_ONLY self-test PASS
(node:37036) [UNDICI-EHPA] Warning: EnvHttpProxyAgent is experimental, expect them to change at any time.
(Use `node --trace-warnings ...` to show where the warning was created)
(node:10696) [UNDICI-EHPA] Warning: EnvHttpProxyAgent is experimental, expect them to change at any time.
(Use `node --trace-warnings ...` to show where the warning was created)
(node:10696) ExperimentalWarning: SQLite is an experimental feature and might change at any time
V3.9.4 Stage6 preflight self-test PASS
(node:46948) [UNDICI-EHPA] Warning: EnvHttpProxyAgent is experimental, expect them to change at any time.
(Use `node --trace-warnings ...` to show where the warning was created)
(node:15996) [UNDICI-EHPA] Warning: EnvHttpProxyAgent is experimental, expect them to change at any time.
(Use `node --trace-warnings ...` to show where the warning was created)
(node:33916) [UNDICI-EHPA] Warning: EnvHttpProxyAgent is experimental, expect them to change at any time.
(Use `node --trace-warnings ...` to show where the warning was created)
(node:41284) [UNDICI-EHPA] Warning: EnvHttpProxyAgent is experimental, expect them to change at any time.
(Use `node --trace-warnings ...` to show where the warning was created)
(node:22472) [UNDICI-EHPA] Warning: EnvHttpProxyAgent is experimental, expect them to change at any time.
(Use `node --trace-warnings ...` to show where the warning was created)
TAP version 13
# (node:47656) [UNDICI-EHPA] Warning: EnvHttpProxyAgent is experimental, expect them to change at any time.
# (Use `node --trace-warnings ...` to show where the warning was created)
# (node:47656) ExperimentalWarning: SQLite is an experimental feature and might change at any time
# Subtest: V3.9.3 init preserves static configuration and removes active local trading history
ok 1 - V3.9.3 init preserves static configuration and removes active local trading history
  ---
  duration_ms: 1017.0472
  type: 'test'
  ...
# (node:27272) [UNDICI-EHPA] Warning: EnvHttpProxyAgent is experimental, expect them to change at any time.
# (Use `node --trace-warnings ...` to show where the warning was created)
# (node:27272) ExperimentalWarning: SQLite is an experimental feature and might change at any time
# Subtest: offline maintenance preserves source: dry
ok 2 - offline maintenance preserves source: dry
  ---
  duration_ms: 676.0099
  type: 'test'
  ...
# Subtest: offline maintenance preserves source: build
ok 3 - offline maintenance preserves source: build
  ---
  duration_ms: 279.8909
  type: 'test'
  ...
# Subtest: offline maintenance preserves source: alias
ok 4 - offline maintenance preserves source: alias
  ---
  duration_ms: 163.191
  type: 'test'
  ...
# Subtest: offline maintenance preserves source: existing
ok 5 - offline maintenance preserves source: existing
  ---
  duration_ms: 162.2056
  type: 'test'
  ...
# Subtest: offline maintenance preserves source: wal
ok 6 - offline maintenance preserves source: wal
  ---
  duration_ms: 157.144
  type: 'test'
  ...
# Subtest: offline maintenance preserves source: disk
ok 7 - offline maintenance preserves source: disk
  ---
  duration_ms: 158.7555
  type: 'test'
  ...
# Subtest: offline maintenance preserves source: delete-failure
ok 8 - offline maintenance preserves source: delete-failure
  ---
  duration_ms: 169.1633
  type: 'test'
  ...
# Subtest: offline maintenance preserves source: vacuum-failure
ok 9 - offline maintenance preserves source: vacuum-failure
  ---
  duration_ms: 185.0566
  type: 'test'
  ...
# Subtest: offline maintenance preserves source: publish-lock
ok 10 - offline maintenance preserves source: publish-lock
  ---
  duration_ms: 194.8865
  type: 'test'
  ...
# Subtest: offline maintenance preserves source: corrupt-copy
ok 11 - offline maintenance preserves source: corrupt-copy
  ---
  duration_ms: 197.4253
  type: 'test'
  ...
# Subtest: offline maintenance preserves source: crash
ok 12 - offline maintenance preserves source: crash
  ---
  duration_ms: 170.2494
  type: 'test'
  ...
# Subtest: backup pruning requires an explicit verified baseline and keeps it even when it is oldest
ok 13 - backup pruning requires an explicit verified baseline and keeps it even when it is oldest
  ---
  duration_ms: 411.6341
  type: 'test'
  ...
# Subtest: AI quality treats missing outcomes as missing and does not promote PLACE-only samples
ok 14 - AI quality treats missing outcomes as missing and does not promote PLACE-only samples
  ---
  duration_ms: 307.9798
  type: 'test'
  ...
# Subtest: valid WAL is copied and replayed only on the working database
ok 15 - valid WAL is copied and replayed only on the working database
  ---
  duration_ms: 226.6317
  type: 'test'
  ...
# (node:23824) [UNDICI-EHPA] Warning: EnvHttpProxyAgent is experimental, expect them to change at any time.
# (Use `node --trace-warnings ...` to show where the warning was created)
# (node:23824) ExperimentalWarning: SQLite is an experimental feature and might change at any time
# Subtest: schema-only reset preserves schema/static configuration and never copies runtime history
ok 16 - schema-only reset preserves schema/static configuration and never copies runtime history
  ---
  duration_ms: 888.6575
  type: 'test'
  ...
1..16
# tests 16
# suites 0
# pass 16
# fail 0
# cancelled 0
# skipped 0
# todo 0
# duration_ms 3600.8308
start-zdj-engine-host.test.ps1 PASS
V3.9.4 read-only canary script contract PASS
V3.9.4 local rollout script contract PASS
V3.9.4 stage7-to-stage9 runner contract PASS
VPN_CLIENT_TEST_PASS: foreign owner, pid reuse, real stalled peer deadline/socket close, finite failed-start recovery, no embedded secret
(node:24156) [UNDICI-EHPA] Warning: EnvHttpProxyAgent is experimental, expect them to change at any time.
(Use `node --trace-warnings ...` to show where the warning was created)
(node:9488) [UNDICI-EHPA] Warning: EnvHttpProxyAgent is experimental, expect them to change at any time.
(Use `node --trace-warnings ...` to show where the warning was created)

> zdj-mits-v3@3.9.8 verify:release
> node scripts/v397-release-identity.mjs

(node:15364) [UNDICI-EHPA] Warning: EnvHttpProxyAgent is experimental, expect them to change at any time.
(Use `node --trace-warnings ...` to show where the warning was created)
{"gate":"V398_RELEASE_IDENTITY_PASS","version":"3.9.8","packages":5,"lock":true,"api":"V3.9.7"}
(node:42052) [UNDICI-EHPA] Warning: EnvHttpProxyAgent is experimental, expect them to change at any time.
(Use `node --trace-warnings ...` to show where the warning was created)
(node:25748) [UNDICI-EHPA] Warning: EnvHttpProxyAgent is experimental, expect them to change at any time.
(Use `node --trace-warnings ...` to show where the warning was created)

> zdj-mits-v3@3.9.8 verify:s00
> node scripts/v396-s00-static-check.mjs --review=docs/reports/v398-entry-sizing-quality-review/s00/entrypoint-review.json --current-identity=docs/reports/v398-entry-sizing-quality-review/s00/current-identity.json --historical-lock=docs/reports/v398-entry-sizing-quality-review/s00/historical-package-lock.json

(node:8728) [UNDICI-EHPA] Warning: EnvHttpProxyAgent is experimental, expect them to change at any time.
(Use `node --trace-warnings ...` to show where the warning was created)
{
  "stage": "S00",
  "tests": {
    "S00_T01": "PASS",
    "S00_T02": "PASS",
    "S00_T03": "PASS",
    "S00_T04": "PASS",
    "S00_T05": "PASS",
    "S00_T06": "PASS"
  },
  "fixtureHash": "295c949a0cf5b2c7c06db81db91e42fd6fd4437fe5a2f23143c09ac4a7fbab21",
  "network": "NOT_USED",
  "exchangeWrites": 0,
  "engineLifecycle": "NOT_USED",
  "settingsModified": false,
  "verifierScope": "STATIC_READS_AND_OS_TEMP_ONLY",
  "entrypointReviewCount": 166,
  "entrypointStatusCounts": {
    "FORBIDDEN_OR_NOT_RUN": 151,
    "CONDITIONAL_NOT_RUN": 14,
    "ALLOWED_STATIC": 1
  },
  "engineTestIsolation": {
    "testFiles": 207,
    "openingAStore": 21,
    "everyStoreOpeningTestIsolated": true,
    "repositoryDataDirReferences": 0,
    "productionPortReferences": 0
  },
  "blockers": []
}
(node:6456) [UNDICI-EHPA] Warning: EnvHttpProxyAgent is experimental, expect them to change at any time.
(Use `node --trace-warnings ...` to show where the warning was created)
(node:20984) [UNDICI-EHPA] Warning: EnvHttpProxyAgent is experimental, expect them to change at any time.
(Use `node --trace-warnings ...` to show where the warning was created)

> zdj-mits-v3@3.9.8 typecheck
> npm run typecheck -ws --if-present

(node:34196) [UNDICI-EHPA] Warning: EnvHttpProxyAgent is experimental, expect them to change at any time.
(Use `node --trace-warnings ...` to show where the warning was created)
(node:48496) [UNDICI-EHPA] Warning: EnvHttpProxyAgent is experimental, expect them to change at any time.
(Use `node --trace-warnings ...` to show where the warning was created)

> @zdj/contracts@3.9.8 typecheck
> tsc -p tsconfig.json --noEmit


> @zdj/core@3.9.8 typecheck
> tsc -p tsconfig.json --noEmit


> @zdj/dashboard@3.9.8 typecheck
> vue-tsc --noEmit


> @zdj/engine@3.9.8 typecheck
> tsc -p tsconfig.json --noEmit

(node:29648) [UNDICI-EHPA] Warning: EnvHttpProxyAgent is experimental, expect them to change at any time.
(Use `node --trace-warnings ...` to show where the warning was created)
(node:24460) [UNDICI-EHPA] Warning: EnvHttpProxyAgent is experimental, expect them to change at any time.
(Use `node --trace-warnings ...` to show where the warning was created)

> zdj-mits-v3@3.9.8 build
> npm run build -ws --if-present

(node:2900) [UNDICI-EHPA] Warning: EnvHttpProxyAgent is experimental, expect them to change at any time.
(Use `node --trace-warnings ...` to show where the warning was created)
(node:30408) [UNDICI-EHPA] Warning: EnvHttpProxyAgent is experimental, expect them to change at any time.
(Use `node --trace-warnings ...` to show where the warning was created)

> @zdj/contracts@3.9.8 build
> tsc -p tsconfig.json


> @zdj/core@3.9.8 build
> tsc -p tsconfig.json


> @zdj/dashboard@3.9.8 build
> vue-tsc -b && vite build

(node:5868) [UNDICI-EHPA] Warning: EnvHttpProxyAgent is experimental, expect them to change at any time.
(Use `node --trace-warnings ...` to show where the warning was created)
vite v7.3.6 building client environment for production...
transforming...
✓ 1669 modules transformed.
rendering chunks...
computing gzip size...
dist/index.html                                                                0.42 kB │ gzip:  0.30 kB
dist/assets/BrainView-BCyTbNve.css                                             0.41 kB │ gzip:  0.25 kB
dist/assets/SettingsView-CMZUtQtU.css                                          4.20 kB │ gzip:  1.10 kB
dist/assets/index-2bhk4SYA.css                                                42.87 kB │ gzip:  9.82 kB
dist/assets/positionModel-UU3TmqIC.js                                          0.28 kB │ gzip:  0.20 kB
dist/assets/EmptyState.vue_vue_type_script_setup_true_lang-DT6qLXIl.js         0.30 kB │ gzip:  0.24 kB
dist/assets/format-BTnsUY7D.js                                                 0.37 kB │ gzip:  0.28 kB
dist/assets/Panel.vue_vue_type_script_setup_true_lang-DgyC24St.js              0.56 kB │ gzip:  0.34 kB
dist/assets/StatusBadge.vue_vue_type_script_setup_true_lang-BVTVXIMq.js        0.58 kB │ gzip:  0.40 kB
dist/assets/MemoryView-U34xP4cv.js                                             2.35 kB │ gzip:  1.18 kB
dist/assets/UniverseView-DjZh1UR6.js                                           4.95 kB │ gzip:  2.14 kB
dist/assets/HumanManagedView-DBPBsOrG.js                                       6.89 kB │ gzip:  3.10 kB
dist/assets/PositionsView-CtWrHRnQ.js                                          7.30 kB │ gzip:  3.15 kB
dist/assets/OrdersView-CnHoZ4l_.js                                             7.42 kB │ gzip:  2.74 kB
dist/assets/IntelligenceView-iZqMUVEJ.js                                       7.89 kB │ gzip:  2.85 kB
dist/assets/OperationsView--OCqGhFA.js                                         8.24 kB │ gzip:  3.42 kB
dist/assets/TemporalIntelligenceView-BnZZnhX5.js                               8.25 kB │ gzip:  3.03 kB
dist/assets/PositionConsole.vue_vue_type_script_setup_true_lang-CAYKBjX_.js   13.21 kB │ gzip:  5.62 kB
dist/assets/BrainView-DwLl3NJE.js                                             14.86 kB │ gzip:  5.93 kB
dist/assets/TradeRecordsView-B6vmccX5.js                                      17.30 kB │ gzip:  6.40 kB
dist/assets/OverviewView-CQAV7e66.js                                          48.52 kB │ gzip: 16.20 kB
dist/assets/SettingsView-BwezjhCp.js                                          73.30 kB │ gzip: 21.07 kB
dist/assets/index--pDFBuVP.js                                                279.20 kB │ gzip: 85.31 kB
✓ built in 2.96s

> @zdj/engine@3.9.8 build
> tsc -p tsconfig.json

(node:18732) [UNDICI-EHPA] Warning: EnvHttpProxyAgent is experimental, expect them to change at any time.
(Use `node --trace-warnings ...` to show where the warning was created)
(node:37988) [UNDICI-EHPA] Warning: EnvHttpProxyAgent is experimental, expect them to change at any time.
(Use `node --trace-warnings ...` to show where the warning was created)

> zdj-mits-v3@3.9.8 test
> npm run test -ws --if-present

(node:17220) [UNDICI-EHPA] Warning: EnvHttpProxyAgent is experimental, expect them to change at any time.
(Use `node --trace-warnings ...` to show where the warning was created)
(node:48548) [UNDICI-EHPA] Warning: EnvHttpProxyAgent is experimental, expect them to change at any time.
(Use `node --trace-warnings ...` to show where the warning was created)

> @zdj/contracts@3.9.8 test
> vitest run --passWithNoTests

(node:31012) [UNDICI-EHPA] Warning: EnvHttpProxyAgent is experimental, expect them to change at any time.
(Use `node --trace-warnings ...` to show where the warning was created)

 RUN  v3.2.7 D:/MITS-WORKTREES/v398-entry-quality-20261008/packages/contracts

(node:15224) [UNDICI-EHPA] Warning: EnvHttpProxyAgent is experimental, expect them to change at any time.
(Use `node --trace-warnings ...` to show where the warning was created)
(node:31524) [UNDICI-EHPA] Warning: EnvHttpProxyAgent is experimental, expect them to change at any time.
(Use `node --trace-warnings ...` to show where the warning was created)
(node:41644) [UNDICI-EHPA] Warning: EnvHttpProxyAgent is experimental, expect them to change at any time.
(Use `node --trace-warnings ...` to show where the warning was created)
(node:48488) [UNDICI-EHPA] Warning: EnvHttpProxyAgent is experimental, expect them to change at any time.
(Use `node --trace-warnings ...` to show where the warning was created)
(node:35344) [UNDICI-EHPA] Warning: EnvHttpProxyAgent is experimental, expect them to change at any time.
(Use `node --trace-warnings ...` to show where the warning was created)
(node:38884) [UNDICI-EHPA] Warning: EnvHttpProxyAgent is experimental, expect them to change at any time.
(Use `node --trace-warnings ...` to show where the warning was created)
(node:45404) [UNDICI-EHPA] Warning: EnvHttpProxyAgent is experimental, expect them to change at any time.
(Use `node --trace-warnings ...` to show where the warning was created)
(node:19736) [UNDICI-EHPA] Warning: EnvHttpProxyAgent is experimental, expect them to change at any time.
(Use `node --trace-warnings ...` to show where the warning was created)
(node:19400) [UNDICI-EHPA] Warning: EnvHttpProxyAgent is experimental, expect them to change at any time.
(Use `node --trace-warnings ...` to show where the warning was created)
(node:3104) [UNDICI-EHPA] Warning: EnvHttpProxyAgent is experimental, expect them to change at any time.
(Use `node --trace-warnings ...` to show where the warning was created)
(node:5896) [UNDICI-EHPA] Warning: EnvHttpProxyAgent is experimental, expect them to change at any time.
(Use `node --trace-warnings ...` to show where the warning was created)
(node:27332) [UNDICI-EHPA] Warning: EnvHttpProxyAgent is experimental, expect them to change at any time.
(Use `node --trace-warnings ...` to show where the warning was created)
(node:37544) [UNDICI-EHPA] Warning: EnvHttpProxyAgent is experimental, expect them to change at any time.
(Use `node --trace-warnings ...` to show where the warning was created)
(node:8900) [UNDICI-EHPA] Warning: EnvHttpProxyAgent is experimental, expect them to change at any time.
(Use `node --trace-warnings ...` to show where the warning was created)
(node:26648) [UNDICI-EHPA] Warning: EnvHttpProxyAgent is experimental, expect them to change at any time.
(Use `node --trace-warnings ...` to show where the warning was created)
 ✓ src/entryEconomicMandate.test.ts (2 tests) 7ms

 Test Files  1 passed (1)
      Tests  2 passed (2)
   Start at  05:47:40
   Duration  550ms (transform 63ms, setup 0ms, collect 75ms, tests 7ms, environment 0ms, prepare 121ms)

(node:42404) [UNDICI-EHPA] Warning: EnvHttpProxyAgent is experimental, expect them to change at any time.
(Use `node --trace-warnings ...` to show where the warning was created)

> @zdj/core@3.9.8 test
> vitest run

(node:13924) [UNDICI-EHPA] Warning: EnvHttpProxyAgent is experimental, expect them to change at any time.
(Use `node --trace-warnings ...` to show where the warning was created)

 RUN  v3.2.7 D:/MITS-WORKTREES/v398-entry-quality-20261008/packages/core

(node:24284) [UNDICI-EHPA] Warning: EnvHttpProxyAgent is experimental, expect them to change at any time.
(Use `node --trace-warnings ...` to show where the warning was created)
(node:7040) [UNDICI-EHPA] Warning: EnvHttpProxyAgent is experimental, expect them to change at any time.
(Use `node --trace-warnings ...` to show where the warning was created)
(node:8596) [UNDICI-EHPA] Warning: EnvHttpProxyAgent is experimental, expect them to change at any time.
(Use `node --trace-warnings ...` to show where the warning was created)
(node:40992) [UNDICI-EHPA] Warning: EnvHttpProxyAgent is experimental, expect them to change at any time.
(Use `node --trace-warnings ...` to show where the warning was created)
(node:36344) [UNDICI-EHPA] Warning: EnvHttpProxyAgent is experimental, expect them to change at any time.
(Use `node --trace-warnings ...` to show where the warning was created)
(node:28684) [UNDICI-EHPA] Warning: EnvHttpProxyAgent is experimental, expect them to change at any time.
(Use `node --trace-warnings ...` to show where the warning was created)
(node:46616) [UNDICI-EHPA] Warning: EnvHttpProxyAgent is experimental, expect them to change at any time.
(Use `node --trace-warnings ...` to show where the warning was created)
(node:31412) [UNDICI-EHPA] Warning: EnvHttpProxyAgent is experimental, expect them to change at any time.
(Use `node --trace-warnings ...` to show where the warning was created)
(node:38096) [UNDICI-EHPA] Warning: EnvHttpProxyAgent is experimental, expect them to change at any time.
(Use `node --trace-warnings ...` to show where the warning was created)
(node:44804) [UNDICI-EHPA] Warning: EnvHttpProxyAgent is experimental, expect them to change at any time.
(Use `node --trace-warnings ...` to show where the warning was created)
(node:23324) [UNDICI-EHPA] Warning: EnvHttpProxyAgent is experimental, expect them to change at any time.
(Use `node --trace-warnings ...` to show where the warning was created)
(node:23312) [UNDICI-EHPA] Warning: EnvHttpProxyAgent is experimental, expect them to change at any time.
(Use `node --trace-warnings ...` to show where the warning was created)
(node:41592) [UNDICI-EHPA] Warning: EnvHttpProxyAgent is experimental, expect them to change at any time.
(Use `node --trace-warnings ...` to show where the warning was created)
(node:28488) [UNDICI-EHPA] Warning: EnvHttpProxyAgent is experimental, expect them to change at any time.
(Use `node --trace-warnings ...` to show where the warning was created)
(node:20780) [UNDICI-EHPA] Warning: EnvHttpProxyAgent is experimental, expect them to change at any time.
(Use `node --trace-warnings ...` to show where the warning was created)
 ✓ src/tradingCost.test.ts (4 tests) 6ms
 ✓ src/tpStructure.test.ts (3 tests) 5ms
 ✓ src/makerPricing.test.ts (5 tests) 69ms
(node:32328) [UNDICI-EHPA] Warning: EnvHttpProxyAgent is experimental, expect them to change at any time.
(Use `node --trace-warnings ...` to show where the warning was created)
 ✓ src/selection.test.ts (9 tests) 13ms
(node:42260) [UNDICI-EHPA] Warning: EnvHttpProxyAgent is experimental, expect them to change at any time.
(Use `node --trace-warnings ...` to show where the warning was created)
(node:27484) [UNDICI-EHPA] Warning: EnvHttpProxyAgent is experimental, expect them to change at any time.
(Use `node --trace-warnings ...` to show where the warning was created)
(node:7780) [UNDICI-EHPA] Warning: EnvHttpProxyAgent is experimental, expect them to change at any time.
(Use `node --trace-warnings ...` to show where the warning was created)
 ✓ src/assetAdmission.test.ts (3 tests) 4ms
 ✓ src/pool.test.ts (11 tests) 9ms
 ✓ src/portfolio.test.ts (16 tests) 15ms
 ✓ src/capitalAdmission.test.ts (8 tests) 12ms
(node:41160) [UNDICI-EHPA] Warning: EnvHttpProxyAgent is experimental, expect them to change at any time.
(Use `node --trace-warnings ...` to show where the warning was created)
(node:21428) [UNDICI-EHPA] Warning: EnvHttpProxyAgent is experimental, expect them to change at any time.
(Use `node --trace-warnings ...` to show where the warning was created)

 Test Files  8 passed (8)
      Tests  59 passed (59)
   Start at  05:47:41
   Duration  1.54s (transform 824ms, setup 0ms, collect 3.10s, tests 133ms, environment 2ms, prepare 1.21s)

(node:27444) [UNDICI-EHPA] Warning: EnvHttpProxyAgent is experimental, expect them to change at any time.
(Use `node --trace-warnings ...` to show where the warning was created)
(node:43048) [UNDICI-EHPA] Warning: EnvHttpProxyAgent is experimental, expect them to change at any time.
(Use `node --trace-warnings ...` to show where the warning was created)

> @zdj/dashboard@3.9.8 test
> vitest run

(node:37280) [UNDICI-EHPA] Warning: EnvHttpProxyAgent is experimental, expect them to change at any time.
(Use `node --trace-warnings ...` to show where the warning was created)

 RUN  v3.2.7 D:/MITS-WORKTREES/v398-entry-quality-20261008/apps/dashboard

(node:48492) [UNDICI-EHPA] Warning: EnvHttpProxyAgent is experimental, expect them to change at any time.
(Use `node --trace-warnings ...` to show where the warning was created)
(node:11948) [UNDICI-EHPA] Warning: EnvHttpProxyAgent is experimental, expect them to change at any time.
(Use `node --trace-warnings ...` to show where the warning was created)
(node:22420) [UNDICI-EHPA] Warning: EnvHttpProxyAgent is experimental, expect them to change at any time.
(Use `node --trace-warnings ...` to show where the warning was created)
(node:3572) [UNDICI-EHPA] Warning: EnvHttpProxyAgent is experimental, expect them to change at any time.
(Use `node --trace-warnings ...` to show where the warning was created)
 ✓ src/views/PositionsView.holding.test.ts (5 tests) 146ms
 ✓ src/views/SettingsView.exposure.test.ts (7 tests) 191ms
(node:12792) [UNDICI-EHPA] Warning: EnvHttpProxyAgent is experimental, expect them to change at any time.
(Use `node --trace-warnings ...` to show where the warning was created)
 ✓ src/views/OverviewView.capacity.test.ts (21 tests) 469ms
(node:48752) [UNDICI-EHPA] Warning: EnvHttpProxyAgent is experimental, expect them to change at any time.
(Use `node --trace-warnings ...` to show where the warning was created)
 ✓ src/views/OverviewView.executionTruth.test.ts (14 tests) 352ms
(node:45516) [UNDICI-EHPA] Warning: EnvHttpProxyAgent is experimental, expect them to change at any time.
(Use `node --trace-warnings ...` to show where the warning was created)
(node:41372) [UNDICI-EHPA] Warning: EnvHttpProxyAgent is experimental, expect them to change at any time.
(Use `node --trace-warnings ...` to show where the warning was created)
 ✓ src/views/OverviewView.conversion.test.ts (6 tests) 243ms
 ✓ src/views/BrainView.auditDrawer.test.ts (6 tests) 196ms
(node:33528) [UNDICI-EHPA] Warning: EnvHttpProxyAgent is experimental, expect them to change at any time.
(Use `node --trace-warnings ...` to show where the warning was created)
(node:22576) [UNDICI-EHPA] Warning: EnvHttpProxyAgent is experimental, expect them to change at any time.
(Use `node --trace-warnings ...` to show where the warning was created)
 ✓ src/views/SettingsView.resources.test.ts (2 tests) 142ms
 ✓ src/layouts/AppShell.incidents.test.ts (2 tests) 117ms
(node:31972) [UNDICI-EHPA] Warning: EnvHttpProxyAgent is experimental, expect them to change at any time.
(Use `node --trace-warnings ...` to show where the warning was created)
(node:42956) [UNDICI-EHPA] Warning: EnvHttpProxyAgent is experimental, expect them to change at any time.
(Use `node --trace-warnings ...` to show where the warning was created)
 ✓ src/components/PositionConsole.holding.test.ts (5 tests) 105ms
 ✓ src/views/BrainView.execution.test.ts (3 tests) 125ms
(node:36952) [UNDICI-EHPA] Warning: EnvHttpProxyAgent is experimental, expect them to change at any time.
(Use `node --trace-warnings ...` to show where the warning was created)
 ✓ src/views/OverviewView.test.ts (1 test) 73ms
(node:46460) [UNDICI-EHPA] Warning: EnvHttpProxyAgent is experimental, expect them to change at any time.
(Use `node --trace-warnings ...` to show where the warning was created)
(node:23684) [UNDICI-EHPA] Warning: EnvHttpProxyAgent is experimental, expect them to change at any time.
(Use `node --trace-warnings ...` to show where the warning was created)
 ✓ src/views/HumanManagedView.holding.test.ts (4 tests) 124ms
 ✓ src/utils/holdingDuration.test.ts (15 tests) 22ms
(node:30348) [UNDICI-EHPA] Warning: EnvHttpProxyAgent is experimental, expect them to change at any time.
(Use `node --trace-warnings ...` to show where the warning was created)
(node:45604) [UNDICI-EHPA] Warning: EnvHttpProxyAgent is experimental, expect them to change at any time.
(Use `node --trace-warnings ...` to show where the warning was created)
 ✓ src/testing/dashboardSnapshotFixture.test.ts (3 tests) 14ms
 ✓ src/governancePanel.test.ts (8 tests) 6ms
 ✓ src/requestId.test.ts (3 tests) 5ms
(node:1368) [UNDICI-EHPA] Warning: EnvHttpProxyAgent is experimental, expect them to change at any time.
(Use `node --trace-warnings ...` to show where the warning was created)
(node:16928) [UNDICI-EHPA] Warning: EnvHttpProxyAgent is experimental, expect them to change at any time.
(Use `node --trace-warnings ...` to show where the warning was created)
(node:38332) [UNDICI-EHPA] Warning: EnvHttpProxyAgent is experimental, expect them to change at any time.
(Use `node --trace-warnings ...` to show where the warning was created)
 ✓ src/blacklistInput.test.ts (2 tests) 4ms
 ✓ src/positionModel.test.ts (4 tests) 4ms
 ✓ src/navigation.test.ts (2 tests) 4ms
(node:23380) [UNDICI-EHPA] Warning: EnvHttpProxyAgent is experimental, expect them to change at any time.
(Use `node --trace-warnings ...` to show where the warning was created)
 ✓ src/utils/useNow.test.ts (1 test) 20ms
(node:32092) [UNDICI-EHPA] Warning: EnvHttpProxyAgent is experimental, expect them to change at any time.
(Use `node --trace-warnings ...` to show where the warning was created)
(node:29684) [UNDICI-EHPA] Warning: EnvHttpProxyAgent is experimental, expect them to change at any time.
(Use `node --trace-warnings ...` to show where the warning was created)
(node:9524) [UNDICI-EHPA] Warning: EnvHttpProxyAgent is experimental, expect them to change at any time.
(Use `node --trace-warnings ...` to show where the warning was created)
 ✓ src/views/tradeClosePresentation.test.ts (5 tests) 3ms
 ✓ src/candidateBlacklistDto.test.ts (2 tests) 6ms
(node:24472) [UNDICI-EHPA] Warning: EnvHttpProxyAgent is experimental, expect them to change at any time.
(Use `node --trace-warnings ...` to show where the warning was created)
 ✓ src/tradingParameterProfiles.test.ts (2 tests) 4ms
 ✓ src/stores/system.test.ts (1 test) 4ms
(node:34768) [UNDICI-EHPA] Warning: EnvHttpProxyAgent is experimental, expect them to change at any time.
(Use `node --trace-warnings ...` to show where the warning was created)
(node:35236) [UNDICI-EHPA] Warning: EnvHttpProxyAgent is experimental, expect them to change at any time.
(Use `node --trace-warnings ...` to show where the warning was created)

 Test Files  24 passed (24)
      Tests  124 passed (124)
   Start at  05:47:43
   Duration  6.41s (transform 1.45s, setup 0ms, collect 5.50s, tests 2.38s, environment 9.60s, prepare 2.50s)

(node:7316) [UNDICI-EHPA] Warning: EnvHttpProxyAgent is experimental, expect them to change at any time.
(Use `node --trace-warnings ...` to show where the warning was created)

> @zdj/engine@3.9.8 test
> vitest run

(node:41072) [UNDICI-EHPA] Warning: EnvHttpProxyAgent is experimental, expect them to change at any time.
(Use `node --trace-warnings ...` to show where the warning was created)
VITEST_TEST_TIMEOUT=5000 CI=

 RUN  v3.2.7 D:/MITS-WORKTREES/v398-entry-quality-20261008/apps/engine

(node:25508) [UNDICI-EHPA] Warning: EnvHttpProxyAgent is experimental, expect them to change at any time.
(Use `node --trace-warnings ...` to show where the warning was created)
(node:10504) [UNDICI-EHPA] Warning: EnvHttpProxyAgent is experimental, expect them to change at any time.
(Use `node --trace-warnings ...` to show where the warning was created)
(node:38780) [UNDICI-EHPA] Warning: EnvHttpProxyAgent is experimental, expect them to change at any time.
(Use `node --trace-warnings ...` to show where the warning was created)
(node:31316) [UNDICI-EHPA] Warning: EnvHttpProxyAgent is experimental, expect them to change at any time.
(Use `node --trace-warnings ...` to show where the warning was created)
(node:10504) ExperimentalWarning: SQLite is an experimental feature and might change at any time
(node:25508) ExperimentalWarning: SQLite is an experimental feature and might change at any time
(node:31316) ExperimentalWarning: SQLite is an experimental feature and might change at any time
 ✓ src/services/exitConvergenceFairness.test.ts (15 tests) 5194ms
   ✓ recovers only bound pre-wire non-sends, never a generic timeout or a known working order  446ms
   ✓ P1 exit convergence fairness > a terminal order at the tail is serviced even while the head stays WORKING  2105ms
   ✓ P1 exit convergence fairness > a failed query backs off only the order that failed  433ms
   ✓ P1 exit convergence fairness > readback reports queue length, oldest unpolled age and terminal-unreleased claims  485ms
(node:20472) [UNDICI-EHPA] Warning: EnvHttpProxyAgent is experimental, expect them to change at any time.
(Use `node --trace-warnings ...` to show where the warning was created)
(node:20472) ExperimentalWarning: SQLite is an experimental feature and might change at any time
 ✓ src/services/entryCoordinator.test.ts (25 tests) 6170ms
   ✓ Entry Manager chain > recovers an accepted-but-disconnected submit by stable client id without a second order  3065ms
   ✓ Entry Manager chain > keeps the same order identity across restart recovery from UNKNOWN  3079ms
(node:33364) [UNDICI-EHPA] Warning: EnvHttpProxyAgent is experimental, expect them to change at any time.
(Use `node --trace-warnings ...` to show where the warning was created)
 ✓ src/config/settingsStore.test.ts (37 tests) 6462ms
   ✓ SettingsStore > keeps in-range migrated floors untouched and migrates a legacy document exactly once  634ms
   ✓ SettingsStore > paginates compact AI summaries in SQL with a stable tie-break and keeps full detail by id  322ms
   ✓ runs bounded retention, keeps raw running AI and all critical events, and evicts only orphan AI entities  466ms
(node:22988) [UNDICI-EHPA] Warning: EnvHttpProxyAgent is experimental, expect them to change at any time.
(Use `node --trace-warnings ...` to show where the warning was created)
(node:33364) ExperimentalWarning: SQLite is an experimental feature and might change at any time
 ✓ src/services/v370Contract.test.ts (35 tests) 6712ms
   ✓ V3.7.0 isolated real-EIP contracts; production write=0 > recovers an exchange-accepted submit after response loss without a duplicate  3078ms
   ✓ V3.7.0 isolated real-EIP contracts; production write=0 > recovers the same UNKNOWN identity by clientOrderId without another wire submit  3117ms
(node:10876) [UNDICI-EHPA] Warning: EnvHttpProxyAgent is experimental, expect them to change at any time.
(Use `node --trace-warnings ...` to show where the warning was created)
(node:10876) ExperimentalWarning: SQLite is an experimental feature and might change at any time
 ✓ src/state/c2ReservationAtomicityHostile.test.ts (23 tests) 3181ms
(node:33364) [UNDICI-EHPA] Warning: EnvHttpProxyAgent is experimental, expect them to change at any time.
(Use `node --trace-warnings ...` to show where the warning was created)
(node:19304) [UNDICI-EHPA] Warning: EnvHttpProxyAgent is experimental, expect them to change at any time.
(Use `node --trace-warnings ...` to show where the warning was created)
(node:33364) [UNDICI-EHPA] Warning: EnvHttpProxyAgent is experimental, expect them to change at any time.
(Use `node --trace-warnings ...` to show where the warning was created)
(node:19304) ExperimentalWarning: SQLite is an experimental feature and might change at any time
(node:33364) [UNDICI-EHPA] Warning: EnvHttpProxyAgent is experimental, expect them to change at any time.
(Use `node --trace-warnings ...` to show where the warning was created)
(node:19304) [UNDICI-EHPA] Warning: EnvHttpProxyAgent is experimental, expect them to change at any time.
(Use `node --trace-warnings ...` to show where the warning was created)
(node:33364) [UNDICI-EHPA] Warning: EnvHttpProxyAgent is experimental, expect them to change at any time.
(Use `node --trace-warnings ...` to show where the warning was created)
(node:19304) [UNDICI-EHPA] Warning: EnvHttpProxyAgent is experimental, expect them to change at any time.
(Use `node --trace-warnings ...` to show where the warning was created)
(node:33364) [UNDICI-EHPA] Warning: EnvHttpProxyAgent is experimental, expect them to change at any time.
(Use `node --trace-warnings ...` to show where the warning was created)
(node:19304) [UNDICI-EHPA] Warning: EnvHttpProxyAgent is experimental, expect them to change at any time.
(Use `node --trace-warnings ...` to show where the warning was created)
(node:19304) [UNDICI-EHPA] Warning: EnvHttpProxyAgent is experimental, expect them to change at any time.
(Use `node --trace-warnings ...` to show where the warning was created)
(node:19304) [UNDICI-EHPA] Warning: EnvHttpProxyAgent is experimental, expect them to change at any time.
(Use `node --trace-warnings ...` to show where the warning was created)
(node:33364) [UNDICI-EHPA] Warning: EnvHttpProxyAgent is experimental, expect them to change at any time.
(Use `node --trace-warnings ...` to show where the warning was created)
 ✓ src/services/entryExecutionChain.test.ts (6 tests) 3278ms
   ✓ V3.9.6 PLACE -> submit chain closure > EC-04 (T5) an unknown submission is reconciled, never re-sent  3102ms
(node:33364) [UNDICI-EHPA] Warning: EnvHttpProxyAgent is experimental, expect them to change at any time.
(Use `node --trace-warnings ...` to show where the warning was created)
(node:50012) [UNDICI-EHPA] Warning: EnvHttpProxyAgent is experimental, expect them to change at any time.
(Use `node --trace-warnings ...` to show where the warning was created)
(node:19304) [UNDICI-EHPA] Warning: EnvHttpProxyAgent is experimental, expect them to change at any time.
(Use `node --trace-warnings ...` to show where the warning was created)
 ✓ src/services/j4ReviewMemoryHostile.test.ts (54 tests) 3334ms
(node:32608) [UNDICI-EHPA] Warning: EnvHttpProxyAgent is experimental, expect them to change at any time.
(Use `node --trace-warnings ...` to show where the warning was created)
(node:33364) [UNDICI-EHPA] Warning: EnvHttpProxyAgent is experimental, expect them to change at any time.
(Use `node --trace-warnings ...` to show where the warning was created)
(node:50012) ExperimentalWarning: SQLite is an experimental feature and might change at any time
(node:32608) ExperimentalWarning: SQLite is an experimental feature and might change at any time
(node:33364) [UNDICI-EHPA] Warning: EnvHttpProxyAgent is experimental, expect them to change at any time.
(Use `node --trace-warnings ...` to show where the warning was created)
(node:19304) [UNDICI-EHPA] Warning: EnvHttpProxyAgent is experimental, expect them to change at any time.
(Use `node --trace-warnings ...` to show where the warning was created)
 ✓ src/runtime/appRuntime.test.ts (8 tests) 2343ms
   ✓ mock V3 runtime > retains an in-flight cohort hydrate through the real runtime sync, then admits its snapshot  430ms
   ✓ mock V3 runtime > loads every missing position market before a serialized reconciliation pass  403ms
   ✓ does not publish into the closed database from queued UI snapshots  941ms
   ✓ starts private synchronization before a delayed bounded cohort bootstrap  334ms
(node:43044) [UNDICI-EHPA] Warning: EnvHttpProxyAgent is experimental, expect them to change at any time.
(Use `node --trace-warnings ...` to show where the warning was created)
(node:33364) [UNDICI-EHPA] Warning: EnvHttpProxyAgent is experimental, expect them to change at any time.
(Use `node --trace-warnings ...` to show where the warning was created)
(node:43044) ExperimentalWarning: SQLite is an experimental feature and might change at any time
(node:50012) [UNDICI-EHPA] Warning: EnvHttpProxyAgent is experimental, expect them to change at any time.
(Use `node --trace-warnings ...` to show where the warning was created)
(node:33364) [UNDICI-EHPA] Warning: EnvHttpProxyAgent is experimental, expect them to change at any time.
(Use `node --trace-warnings ...` to show where the warning was created)
(node:50012) [UNDICI-EHPA] Warning: EnvHttpProxyAgent is experimental, expect them to change at any time.
(Use `node --trace-warnings ...` to show where the warning was created)
(node:33364) [UNDICI-EHPA] Warning: EnvHttpProxyAgent is experimental, expect them to change at any time.
(Use `node --trace-warnings ...` to show where the warning was created)
 ✓ src/services/aiFabric.test.ts (14 tests) 4689ms
   ✓ Primary decision fail-closed normalization > normalizes a reject without inventing an executable side  511ms
   ✓ Primary decision fail-closed normalization > repairs reject formatting without restoring a trade side or direction authority  312ms
   ✓ Primary decision fail-closed normalization > preserves raw PLACE_LONG including autonomous quantity  330ms
   ✓ Primary decision fail-closed normalization > preserves raw PLACE_SHORT including autonomous quantity  395ms
   ✓ Primary decision fail-closed normalization > normalizes only unambiguous confidence protocol values  428ms
   ✓ Primary decision fail-closed normalization > normalizes only unambiguous confidence protocol values  368ms
   ✓ Primary decision fail-closed normalization > normalizes only unambiguous confidence protocol values  399ms
   ✓ Primary decision fail-closed normalization > accepts a directionless reject without inventing PLACE  444ms
   ✓ Primary decision fail-closed normalization > computes 15m structure evidence without creating an execution decision  440ms
   ✓ Primary decision fail-closed normalization > accepts both AI sides regardless of 15m trend when protocol fields are valid  480ms
(node:34676) [UNDICI-EHPA] Warning: EnvHttpProxyAgent is experimental, expect them to change at any time.
(Use `node --trace-warnings ...` to show where the warning was created)
(node:50012) [UNDICI-EHPA] Warning: EnvHttpProxyAgent is experimental, expect them to change at any time.
(Use `node --trace-warnings ...` to show where the warning was created)
(node:34676) ExperimentalWarning: SQLite is an experimental feature and might change at any time
(node:50012) [UNDICI-EHPA] Warning: EnvHttpProxyAgent is experimental, expect them to change at any time.
(Use `node --trace-warnings ...` to show where the warning was created)
 ✓ src/services/executionLifecycle.integration.test.ts (17 tests) 2482ms
(node:50012) [UNDICI-EHPA] Warning: EnvHttpProxyAgent is experimental, expect them to change at any time.
(Use `node --trace-warnings ...` to show where the warning was created)
(node:31320) [UNDICI-EHPA] Warning: EnvHttpProxyAgent is experimental, expect them to change at any time.
(Use `node --trace-warnings ...` to show where the warning was created)
 ✓ src/api/snapshotReadOnly.test.ts (5 tests) 2395ms
   ✓ TradeRecord GET list/detail and Experience perform zero SQLite writes and zero state mutation  560ms
   ✓ published dashboard snapshot > serves a bounded immutable summary without reconciliation waits or SQLite writes  466ms
   ✓ position detail and stale manual preview perform zero market REST reads  459ms
   ✓ reconciliation telemetry still persists execution facts  459ms
   ✓ pipeline HTTP preserves the installed admission readback and scoped reconciliation without writes after the initial authority diagnostic  448ms
(node:6484) [UNDICI-EHPA] Warning: EnvHttpProxyAgent is experimental, expect them to change at any time.
(Use `node --trace-warnings ...` to show where the warning was created)
(node:31320) ExperimentalWarning: SQLite is an experimental feature and might change at any time
(node:6484) ExperimentalWarning: SQLite is an experimental feature and might change at any time
 ✓ src/services/entrySubmissionIdentity.integration.test.ts (13 tests) 2645ms
 ✓ src/services/c3RuntimeWiringHostile.test.ts (48 tests) 1559ms
(node:24552) [UNDICI-EHPA] Warning: EnvHttpProxyAgent is experimental, expect them to change at any time.
(Use `node --trace-warnings ...` to show where the warning was created)
(node:47628) [UNDICI-EHPA] Warning: EnvHttpProxyAgent is experimental, expect them to change at any time.
(Use `node --trace-warnings ...` to show where the warning was created)
 ✓ src/config/exposureCapacityPolicyMigration.test.ts (3 tests) 639ms
(node:16740) [UNDICI-EHPA] Warning: EnvHttpProxyAgent is experimental, expect them to change at any time.
(Use `node --trace-warnings ...` to show where the warning was created)
(node:47628) ExperimentalWarning: SQLite is an experimental feature and might change at any time
(node:24552) ExperimentalWarning: SQLite is an experimental feature and might change at any time
(node:6484) [UNDICI-EHPA] Warning: EnvHttpProxyAgent is experimental, expect them to change at any time.
(Use `node --trace-warnings ...` to show where the warning was created)
(node:16740) ExperimentalWarning: SQLite is an experimental feature and might change at any time
(node:6484) [UNDICI-EHPA] Warning: EnvHttpProxyAgent is experimental, expect them to change at any time.
(Use `node --trace-warnings ...` to show where the warning was created)
(node:6484) [UNDICI-EHPA] Warning: EnvHttpProxyAgent is experimental, expect them to change at any time.
(Use `node --trace-warnings ...` to show where the warning was created)
 ✓ src/services/eipService.test.ts (3 tests) 1331ms
   ✓ EIP 3.0 evidence gates > builds seven-timeframe evidence within a bounded prompt size  512ms
   ✓ EIP 3.0 evidence gates > fails closed for stale price but sanitizes stale derivatives as contextual evidence  376ms
   ✓ EIP 3.0 evidence gates > sanitizes stale partial derivatives before classifying exchange availability, while preserving fresh partial facts  441ms
(node:48160) [UNDICI-EHPA] Warning: EnvHttpProxyAgent is experimental, expect them to change at any time.
(Use `node --trace-warnings ...` to show where the warning was created)
 ✓ src/services/ownershipS02Acceptance.test.ts (11 tests) 1031ms
 ✓ src/config/entryClaimStatsIndex.test.ts (4 tests) 761ms
(node:28948) [UNDICI-EHPA] Warning: EnvHttpProxyAgent is experimental, expect them to change at any time.
(Use `node --trace-warnings ...` to show where the warning was created)
(node:5636) [UNDICI-EHPA] Warning: EnvHttpProxyAgent is experimental, expect them to change at any time.
(Use `node --trace-warnings ...` to show where the warning was created)
(node:48160) ExperimentalWarning: SQLite is an experimental feature and might change at any time
(node:28948) ExperimentalWarning: SQLite is an experimental feature and might change at any time
(node:5636) ExperimentalWarning: SQLite is an experimental feature and might change at any time
 ✓ src/services/executionReadiness.test.ts (18 tests) 1368ms
(node:12380) [UNDICI-EHPA] Warning: EnvHttpProxyAgent is experimental, expect them to change at any time.
(Use `node --trace-warnings ...` to show where the warning was created)
(node:12380) ExperimentalWarning: SQLite is an experimental feature and might change at any time
(node:48160) [UNDICI-EHPA] Warning: EnvHttpProxyAgent is experimental, expect them to change at any time.
(Use `node --trace-warnings ...` to show where the warning was created)
 ✓ src/api/positionCycleSnapshot.test.ts (1 test) 786ms
   ✓ publishes the position-cycle accounting facts through the snapshot schema  785ms
(node:5636) [UNDICI-EHPA] Warning: EnvHttpProxyAgent is experimental, expect them to change at any time.
(Use `node --trace-warnings ...` to show where the warning was created)
(node:30224) [UNDICI-EHPA] Warning: EnvHttpProxyAgent is experimental, expect them to change at any time.
(Use `node --trace-warnings ...` to show where the warning was created)
(node:28948) [UNDICI-EHPA] Warning: EnvHttpProxyAgent is experimental, expect them to change at any time.
(Use `node --trace-warnings ...` to show where the warning was created)
 ✓ src/api/assetDirectoryReview.test.ts (1 test) 613ms
   ✓ asset directory review API > keeps default preview read-only and only explicitly applies through governance CAS  612ms
(node:42932) [UNDICI-EHPA] Warning: EnvHttpProxyAgent is experimental, expect them to change at any time.
(Use `node --trace-warnings ...` to show where the warning was created)
(node:30224) ExperimentalWarning: SQLite is an experimental feature and might change at any time
(node:28948) [UNDICI-EHPA] Warning: EnvHttpProxyAgent is experimental, expect them to change at any time.
(Use `node --trace-warnings ...` to show where the warning was created)
(node:42932) ExperimentalWarning: SQLite is an experimental feature and might change at any time
(node:28948) [UNDICI-EHPA] Warning: EnvHttpProxyAgent is experimental, expect them to change at any time.
(Use `node --trace-warnings ...` to show where the warning was created)
 ✓ src/api/projections.test.ts (4 tests) 1526ms
   ✓ dashboard projections > schema-validates one server-side snapshot and redacts audit secrets  835ms
   ✓ projects the configured 5000+5000 wallet baseline separately from rolling local and exchange PnL  400ms
(node:8916) [UNDICI-EHPA] Warning: EnvHttpProxyAgent is experimental, expect them to change at any time.
(Use `node --trace-warnings ...` to show where the warning was created)
(node:8916) ExperimentalWarning: SQLite is an experimental feature and might change at any time
 ✓ src/services/s04ExitCoordination.test.ts (11 tests) 1478ms
(node:48544) [UNDICI-EHPA] Warning: EnvHttpProxyAgent is experimental, expect them to change at any time.
(Use `node --trace-warnings ...` to show where the warning was created)
 ✓ src/config/portfolioRiskAuthorityStore.test.ts (6 tests) 1012ms
(node:40428) [UNDICI-EHPA] Warning: EnvHttpProxyAgent is experimental, expect them to change at any time.
(Use `node --trace-warnings ...` to show where the warning was created)
(node:48544) ExperimentalWarning: SQLite is an experimental feature and might change at any time
 ❯ src/services/tradingQualityIntegration.test.ts (30 tests | 3 failed) 1148ms
   × real EntryCoordinator opportunity authorization > records TradingQuality evidence without carrying it as Entry direction authorization 74ms
     → [
  {
    "code": "unrecognized_keys",
    "keys": [
      "entryAuthorizationPolicy"
    ],
    "path": [
      "executionEnvelope"
    ],
    "message": "Unrecognized key(s) in object: 'entryAuthorizationPolicy'"
  }
]
   ✓ real EntryCoordinator opportunity authorization > keeps TradingQuality observation outside the Primary input contract 32ms
   ✓ real EntryCoordinator opportunity authorization > does not treat legacy timingEvent evidence as post-AI direction authorization 22ms
   ✓ real EntryCoordinator opportunity authorization > keeps TradingQuality expiry perturbation observational after autonomous Primary 25ms
   ✓ real EntryCoordinator opportunity authorization > keeps TradingQuality price perturbation observational after autonomous Primary 23ms
   ✓ real EntryCoordinator opportunity authorization > keeps TradingQuality structure perturbation observational after autonomous Primary 23ms
   ✓ real EntryCoordinator opportunity authorization > keeps TradingQuality payoff perturbation observational after autonomous Primary 26ms
   ✓ real EntryCoordinator opportunity authorization > keeps TradingQuality policy perturbation observational after autonomous Primary 22ms
   ✓ real EntryCoordinator opportunity authorization > WAIT creates no intent and fresh evaluation creates new authorization 47ms
   × real EntryCoordinator opportunity authorization > round-trips frozen quantity and execution envelope through the durable EntryIntent schema 23ms
     → [
  {
    "code": "unrecognized_keys",
    "keys": [
      "entryAuthorizationPolicy"
    ],
    "path": [
      "executionEnvelope"
    ],
    "message": "Unrecognized key(s) in object: 'entryAuthorizationPolicy'"
  }
]
   ✓ real EntryCoordinator opportunity authorization > revalidates changed replacement price independently of original legal price 2ms
   ✓ real EntryCoordinator opportunity authorization > reviewPending keeps proposed reprice 101 inside the frozen candidate range 27ms
   ✓ real EntryCoordinator opportunity authorization > reviewPending keeps proposed reprice 102.44 inside the frozen candidate range 21ms
   ✓ real EntryCoordinator opportunity authorization > restored legacy execution wait treats authorization age as audit-only and missing intent cannot release UNKNOWN 19ms
   × real EntryCoordinator opportunity authorization > recovers UNKNOWN with same identity even after opportunity expiry without a new submit 25ms
     → [
  {
    "code": "unrecognized_keys",
    "keys": [
      "entryAuthorizationPolicy"
    ],
    "path": [
      "executionEnvelope"
    ],
    "message": "Unrecognized key(s) in object: 'entryAuthorizationPolicy'"
  }
]
   ✓ real EntryCoordinator opportunity authorization > TradingQuality evidence storage is observational in TESTNET funds-only and cannot suppress Primary 39ms
   ✓ real EntryCoordinator opportunity authorization > processPool wakes WAIT on a fresh event and obtains a new Primary decision 34ms
   ✓ real EntryCoordinator opportunity authorization > OFF keeps accepted baseline authorization unchanged 18ms
   ✓ prospective runtime evidence collection > does not leave an UNKNOWN durable claim when evidence storage fails before exchange submission 28ms
   ✓ prospective runtime evidence collection > 100 idle symbols produce no path-mark writes 30ms
   ✓ prospective runtime evidence collection > 100 unchanged SHADOW candidates do not create poll-time observation rows 124ms
   ✓ prospective runtime evidence collection > persists a new candidate observation when a material opportunity version changes 28ms
   ✓ prospective runtime evidence collection > keeps the exact Primary-linked opportunity observation alongside candidate coalescing 30ms
   ✓ prospective runtime evidence collection > does not replay unchanged candidate observations after collector restart 37ms
   ✓ prospective runtime evidence collection > samples an exactly attributed filled Entry and ignores idle-symbol quotes 94ms
   ✓ prospective runtime evidence collection > restarts an unfinished exact observation window without changing its identity 88ms
   ✓ prospective runtime evidence collection > stops raw path writes and episode recomputation after the observation horizon matures 90ms
   ✓ prospective runtime evidence collection > same symbol reopened in the same millisecond keeps separate position cycles and exact fills 5ms
   ✓ prospective runtime evidence collection > automatically persists fills/episodes, samples fresh quote timestamps and survives reopen 89ms
   ✓ retains all legitimate plan evidence warnings through intent schema hydration 1ms
(node:25340) [UNDICI-EHPA] Warning: EnvHttpProxyAgent is experimental, expect them to change at any time.
(Use `node --trace-warnings ...` to show where the warning was created)
(node:40428) ExperimentalWarning: SQLite is an experimental feature and might change at any time
(node:25340) ExperimentalWarning: SQLite is an experimental feature and might change at any time
(node:48544) [UNDICI-EHPA] Warning: EnvHttpProxyAgent is experimental, expect them to change at any time.
(Use `node --trace-warnings ...` to show where the warning was created)
 ✓ src/services/j1AiExitConsumer.test.ts (13 tests) 498ms
   ✓ J1 runtime consumer > binds the management deadline in the same turn as the fill and never re-fixes it  459ms
 ✓ src/api/brainRunExecution.test.ts (4 tests) 919ms
   ✓ V3.9.6 durable run -> execution result > RX-04 the funnel reads the same journal the rows do  327ms
(node:7584) [UNDICI-EHPA] Warning: EnvHttpProxyAgent is experimental, expect them to change at any time.
(Use `node --trace-warnings ...` to show where the warning was created)
(node:448) [UNDICI-EHPA] Warning: EnvHttpProxyAgent is experimental, expect them to change at any time.
(Use `node --trace-warnings ...` to show where the warning was created)
(node:40428) [UNDICI-EHPA] Warning: EnvHttpProxyAgent is experimental, expect them to change at any time.
(Use `node --trace-warnings ...` to show where the warning was created)
 ✓ src/api/exchangeFillProjection.test.ts (1 test) 453ms
   ✓ exchange fill projection > does not raise a system attribution alert for an external Binance App fill  452ms
(node:49904) [UNDICI-EHPA] Warning: EnvHttpProxyAgent is experimental, expect them to change at any time.
(Use `node --trace-warnings ...` to show where the warning was created)
 ✓ src/services/ownershipJournal.test.ts (11 tests) 802ms
(node:7584) ExperimentalWarning: SQLite is an experimental feature and might change at any time
(node:37020) [UNDICI-EHPA] Warning: EnvHttpProxyAgent is experimental, expect them to change at any time.
(Use `node --trace-warnings ...` to show where the warning was created)
(node:448) ExperimentalWarning: SQLite is an experimental feature and might change at any time
(node:49904) ExperimentalWarning: SQLite is an experimental feature and might change at any time
(node:37020) ExperimentalWarning: SQLite is an experimental feature and might change at any time
(node:49904) [UNDICI-EHPA] Warning: EnvHttpProxyAgent is experimental, expect them to change at any time.
(Use `node --trace-warnings ...` to show where the warning was created)
 ✓ src/services/unknownProofHydration.test.ts (13 tests) 888ms
 ✓ src/services/tradingQualityCollectorSummary.test.ts (8 tests) 903ms
   ✓ keeps exact mutable fill evidence across a 30000-event burst and database reopen  468ms
 ✓ src/services/j5SettingsGovernanceHostile.test.ts (24 tests) 575ms
(node:13244) [UNDICI-EHPA] Warning: EnvHttpProxyAgent is experimental, expect them to change at any time.
(Use `node --trace-warnings ...` to show where the warning was created)
(node:10844) [UNDICI-EHPA] Warning: EnvHttpProxyAgent is experimental, expect them to change at any time.
(Use `node --trace-warnings ...` to show where the warning was created)
(node:16400) [UNDICI-EHPA] Warning: EnvHttpProxyAgent is experimental, expect them to change at any time.
(Use `node --trace-warnings ...` to show where the warning was created)
(node:10844) ExperimentalWarning: SQLite is an experimental feature and might change at any time
(node:49904) [UNDICI-EHPA] Warning: EnvHttpProxyAgent is experimental, expect them to change at any time.
(Use `node --trace-warnings ...` to show where the warning was created)
 ✓ src/runtime/restartRecovery.test.ts (2 tests) 810ms
   ✓ persists recovered lot projections and their evidence before a second reopen  560ms
(node:13244) ExperimentalWarning: SQLite is an experimental feature and might change at any time
(node:20584) [UNDICI-EHPA] Warning: EnvHttpProxyAgent is experimental, expect them to change at any time.
(Use `node --trace-warnings ...` to show where the warning was created)
 ✓ src/services/ownershipRuntime.test.ts (5 tests) 198ms
(node:20584) ExperimentalWarning: SQLite is an experimental feature and might change at any time
(node:50408) [UNDICI-EHPA] Warning: EnvHttpProxyAgent is experimental, expect them to change at any time.
(Use `node --trace-warnings ...` to show where the warning was created)
 ✓ src/services/s07ConsumerBoundary.test.ts (7 tests) 561ms
(node:43324) [UNDICI-EHPA] Warning: EnvHttpProxyAgent is experimental, expect them to change at any time.
(Use `node --trace-warnings ...` to show where the warning was created)
(node:43324) ExperimentalWarning: SQLite is an experimental feature and might change at any time
(node:13244) [UNDICI-EHPA] Warning: EnvHttpProxyAgent is experimental, expect them to change at any time.
(Use `node --trace-warnings ...` to show where the warning was created)
 ✓ src/runtime/riskPauseOverride.test.ts (1 test) 321ms
   ✓ Testnet risk-pause override > TESTNET records daily loss without pausing Entry, including restored state  320ms
 ✓ src/services/exitFactsAndFunding.test.ts (21 tests) 368ms
(node:43972) [UNDICI-EHPA] Warning: EnvHttpProxyAgent is experimental, expect them to change at any time.
(Use `node --trace-warnings ...` to show where the warning was created)
(node:10884) [UNDICI-EHPA] Warning: EnvHttpProxyAgent is experimental, expect them to change at any time.
(Use `node --trace-warnings ...` to show where the warning was created)
 ✓ src/services/ownershipScopeIdentity.test.ts (3 tests) 158ms
 ✓ src/adapters/binance/BinanceTransportConnectionReuse.test.ts (5 tests) 545ms
(node:7088) [UNDICI-EHPA] Warning: EnvHttpProxyAgent is experimental, expect them to change at any time.
(Use `node --trace-warnings ...` to show where the warning was created)
(node:9436) [UNDICI-EHPA] Warning: EnvHttpProxyAgent is experimental, expect them to change at any time.
(Use `node --trace-warnings ...` to show where the warning was created)
(node:43972) ExperimentalWarning: SQLite is an experimental feature and might change at any time
(node:7088) ExperimentalWarning: SQLite is an experimental feature and might change at any time
(node:9436) ExperimentalWarning: SQLite is an experimental feature and might change at any time
 ✓ src/services/j3TradePlanHostile.test.ts (24 tests) 441ms
(node:36816) [UNDICI-EHPA] Warning: EnvHttpProxyAgent is experimental, expect them to change at any time.
(Use `node --trace-warnings ...` to show where the warning was created)
 ✓ src/services/j2PortfolioAdmissionHostile.test.ts (15 tests) 651ms
   ✓ J2 portfolio admission is the only risk authority > the durable transaction still refuses a stale writer after an admission succeeds  604ms
 ✓ src/config/assetAdmissionIntegration.test.ts (1 test) 539ms
   ✓ isolated contracts build admission integration > uses the isolated contracts/core build for SQLite reload and LKG admission  538ms
(node:7060) [UNDICI-EHPA] Warning: EnvHttpProxyAgent is experimental, expect them to change at any time.
(Use `node --trace-warnings ...` to show where the warning was created)
(node:24556) [UNDICI-EHPA] Warning: EnvHttpProxyAgent is experimental, expect them to change at any time.
(Use `node --trace-warnings ...` to show where the warning was created)
(node:36816) ExperimentalWarning: SQLite is an experimental feature and might change at any time
(node:7088) [UNDICI-EHPA] Warning: EnvHttpProxyAgent is experimental, expect them to change at any time.
(Use `node --trace-warnings ...` to show where the warning was created)
 ✓ src/services/eipResidentInspection.test.ts (1 test) 567ms
   ✓ resident EIP inspection > keeps a held contract available to read-only EIP inspection  566ms
(node:24556) ExperimentalWarning: SQLite is an experimental feature and might change at any time
(node:44768) [UNDICI-EHPA] Warning: EnvHttpProxyAgent is experimental, expect them to change at any time.
(Use `node --trace-warnings ...` to show where the warning was created)
(node:44768) ExperimentalWarning: SQLite is an experimental feature and might change at any time
 ✓ src/adapters/market/klineRecoverySimulation.test.ts (1 test) 397ms
   ✓ V3.9.5 mass 1m gap heals without a request storm > uses at most one klines request per symbol, reloads no snapshots and restores readiness  396ms
(node:44768) [UNDICI-EHPA] Warning: EnvHttpProxyAgent is experimental, expect them to change at any time.
(Use `node --trace-warnings ...` to show where the warning was created)
(node:31692) [UNDICI-EHPA] Warning: EnvHttpProxyAgent is experimental, expect them to change at any time.
(Use `node --trace-warnings ...` to show where the warning was created)
(node:44768) ExperimentalWarning: SQLite is an experimental feature and might change at any time
(node:44768) [UNDICI-EHPA] Warning: EnvHttpProxyAgent is experimental, expect them to change at any time.
(Use `node --trace-warnings ...` to show where the warning was created)
(node:44768) ExperimentalWarning: SQLite is an experimental feature and might change at any time
 ✓ src/services/storageCapacityGuard.test.ts (5 tests) 372ms
(node:29412) [UNDICI-EHPA] Warning: EnvHttpProxyAgent is experimental, expect them to change at any time.
(Use `node --trace-warnings ...` to show where the warning was created)
(node:31692) ExperimentalWarning: SQLite is an experimental feature and might change at any time
 ✓ src/services/externalResearchService.test.ts (3 tests) 932ms
   ✓ ExternalResearchService > does not spend 9B on duplicate local-market facts when Primary cannot consume them  551ms
   ✓ ExternalResearchService > allows local-market research only when its context is configured for Primary consumption  378ms
 ✓ src/services/s05ConsumerBoundary.test.ts (4 tests) 311ms
   ✓ S05 production consumer boundary > the pure S05 modules have exactly one admission consumer plus their own siblings  303ms
(node:36816) [UNDICI-EHPA] Warning: EnvHttpProxyAgent is experimental, expect them to change at any time.
(Use `node --trace-warnings ...` to show where the warning was created)
 ✓ src/services/positionNotionalSemantics.test.ts (4 tests) 956ms
   ✓ position notionalUsd semantics > normalises legacy persisted signed notionals so the dashboard snapshot still validates  947ms
(node:37420) [UNDICI-EHPA] Warning: EnvHttpProxyAgent is experimental, expect them to change at any time.
(Use `node --trace-warnings ...` to show where the warning was created)
(node:33540) [UNDICI-EHPA] Warning: EnvHttpProxyAgent is experimental, expect them to change at any time.
(Use `node --trace-warnings ...` to show where the warning was created)
 ✓ src/state/reservationConvergence.test.ts (13 tests) 495ms
   ✓ C2 reservation safety > durably reserves before returning and rejects a stale second writer  342ms
(node:1620) [UNDICI-EHPA] Warning: EnvHttpProxyAgent is experimental, expect them to change at any time.
(Use `node --trace-warnings ...` to show where the warning was created)
(node:30068) [UNDICI-EHPA] Warning: EnvHttpProxyAgent is experimental, expect them to change at any time.
(Use `node --trace-warnings ...` to show where the warning was created)
(node:37420) ExperimentalWarning: SQLite is an experimental feature and might change at any time
(node:33540) ExperimentalWarning: SQLite is an experimental feature and might change at any time
 ✓ src/services/ownershipStorageCoverage.test.ts (6 tests) 287ms
(node:16204) [UNDICI-EHPA] Warning: EnvHttpProxyAgent is experimental, expect them to change at any time.
(Use `node --trace-warnings ...` to show where the warning was created)
 ✓ src/api/runtimeSettingsResources.test.ts (14 tests) 227ms
(node:45184) [UNDICI-EHPA] Warning: EnvHttpProxyAgent is experimental, expect them to change at any time.
(Use `node --trace-warnings ...` to show where the warning was created)
(node:16204) ExperimentalWarning: SQLite is an experimental feature and might change at any time
(node:33540) [UNDICI-EHPA] Warning: EnvHttpProxyAgent is experimental, expect them to change at any time.
(Use `node --trace-warnings ...` to show where the warning was created)
(node:37420) [UNDICI-EHPA] Warning: EnvHttpProxyAgent is experimental, expect them to change at any time.
(Use `node --trace-warnings ...` to show where the warning was created)
 ✓ src/services/s03ExitCostPolicy.test.ts (21 tests) 201ms
 ✓ src/runtime/v393FrozenEntryRestart.test.ts (1 test) 615ms
   ✓ V3.9.3 frozen Entry authorization restart persistence > preserves AI side, quantityUnits, acceptable range and pre-AI envelope through SQLite and Engine restart  613ms
 ✓ src/runtime/tradeRecordAutoSync.test.ts (1 test) 609ms
   ✓ automatic TradeRecord rolling sync window > backfills the last seven days one day per pass, then stays incremental  608ms
(node:40860) [UNDICI-EHPA] Warning: EnvHttpProxyAgent is experimental, expect them to change at any time.
(Use `node --trace-warnings ...` to show where the warning was created)
(node:44988) [UNDICI-EHPA] Warning: EnvHttpProxyAgent is experimental, expect them to change at any time.
(Use `node --trace-warnings ...` to show where the warning was created)
(node:27316) [UNDICI-EHPA] Warning: EnvHttpProxyAgent is experimental, expect them to change at any time.
(Use `node --trace-warnings ...` to show where the warning was created)
 ✓ src/services/testnetRiskAuthority.test.ts (32 tests) 228ms
(node:24120) [UNDICI-EHPA] Warning: EnvHttpProxyAgent is experimental, expect them to change at any time.
(Use `node --trace-warnings ...` to show where the warning was created)
(node:24120) ExperimentalWarning: SQLite is an experimental feature and might change at any time
(node:44988) ExperimentalWarning: SQLite is an experimental feature and might change at any time
 ✓ src/services/manualPositionService.test.ts (21 tests) 155ms
 ✓ src/services/preAiPlanFeasibility.test.ts (9 tests) 168ms
 ✓ src/services/collectorRecovery.test.ts (1 test) 48ms
(node:7688) [UNDICI-EHPA] Warning: EnvHttpProxyAgent is experimental, expect them to change at any time.
(Use `node --trace-warnings ...` to show where the warning was created)
 ✓ src/services/testnetFundsOnlyEntry.test.ts (11 tests) 198ms
(node:24348) [UNDICI-EHPA] Warning: EnvHttpProxyAgent is experimental, expect them to change at any time.
(Use `node --trace-warnings ...` to show where the warning was created)
(node:18536) [UNDICI-EHPA] Warning: EnvHttpProxyAgent is experimental, expect them to change at any time.
(Use `node --trace-warnings ...` to show where the warning was created)
(node:19956) [UNDICI-EHPA] Warning: EnvHttpProxyAgent is experimental, expect them to change at any time.
(Use `node --trace-warnings ...` to show where the warning was created)
(node:24348) ExperimentalWarning: SQLite is an experimental feature and might change at any time
(node:24348) [UNDICI-EHPA] Warning: EnvHttpProxyAgent is experimental, expect them to change at any time.
(Use `node --trace-warnings ...` to show where the warning was created)
(node:24348) ExperimentalWarning: SQLite is an experimental feature and might change at any time
 ✓ src/services/tradingQualityObserverWorker.test.ts (1 test) 159ms
 ✓ src/services/grossRiskCapacityVisibility.test.ts (16 tests) 173ms
 ✓ src/services/preAiExecutableSides.test.ts (12 tests) 141ms
(node:47952) [UNDICI-EHPA] Warning: EnvHttpProxyAgent is experimental, expect them to change at any time.
(Use `node --trace-warnings ...` to show where the warning was created)
 ✓ src/services/sideNeutralEntryAuthorization.test.ts (4 tests) 140ms
(node:24724) [UNDICI-EHPA] Warning: EnvHttpProxyAgent is experimental, expect them to change at any time.
(Use `node --trace-warnings ...` to show where the warning was created)
(node:44588) [UNDICI-EHPA] Warning: EnvHttpProxyAgent is experimental, expect them to change at any time.
(Use `node --trace-warnings ...` to show where the warning was created)
(node:30184) [UNDICI-EHPA] Warning: EnvHttpProxyAgent is experimental, expect them to change at any time.
(Use `node --trace-warnings ...` to show where the warning was created)
(node:30184) ExperimentalWarning: SQLite is an experimental feature and might change at any time
 ✓ src/adapters/market/BinanceMarketStream.test.ts (12 tests) 141ms
 ✓ src/services/runtimeWriteBuffer.test.ts (1 test) 82ms
(node:10572) [UNDICI-EHPA] Warning: EnvHttpProxyAgent is experimental, expect them to change at any time.
(Use `node --trace-warnings ...` to show where the warning was created)
(node:35816) [UNDICI-EHPA] Warning: EnvHttpProxyAgent is experimental, expect them to change at any time.
(Use `node --trace-warnings ...` to show where the warning was created)
(node:24724) ExperimentalWarning: SQLite is an experimental feature and might change at any time
 ✓ src/services/targetHorizonContract.test.ts (4 tests) 111ms
 ✓ src/services/tradingQualityHistoryIsolation.test.ts (4 tests) 232ms
(node:25460) [UNDICI-EHPA] Warning: EnvHttpProxyAgent is experimental, expect them to change at any time.
(Use `node --trace-warnings ...` to show where the warning was created)
(node:35564) [UNDICI-EHPA] Warning: EnvHttpProxyAgent is experimental, expect them to change at any time.
(Use `node --trace-warnings ...` to show where the warning was created)
 ✓ src/adapters/market/BinancePublicMarketDataProvider.test.ts (13 tests) 109ms
(node:10768) [UNDICI-EHPA] Warning: EnvHttpProxyAgent is experimental, expect them to change at any time.
(Use `node --trace-warnings ...` to show where the warning was created)
 ✓ src/services/placeToSubmitCapacityTruth.test.ts (23 tests) 80ms
(node:28844) [UNDICI-EHPA] Warning: EnvHttpProxyAgent is experimental, expect them to change at any time.
(Use `node --trace-warnings ...` to show where the warning was created)
(node:25460) ExperimentalWarning: SQLite is an experimental feature and might change at any time
 ✓ src/adapters/binance/requestBudget.test.ts (26 tests) 80ms
 ✓ src/services/tpGuardianCrossedTruth.test.ts (11 tests) 66ms
(node:36068) [UNDICI-EHPA] Warning: EnvHttpProxyAgent is experimental, expect them to change at any time.
(Use `node --trace-warnings ...` to show where the warning was created)
(node:22920) [UNDICI-EHPA] Warning: EnvHttpProxyAgent is experimental, expect them to change at any time.
(Use `node --trace-warnings ...` to show where the warning was created)
 ✓ src/services/runtimeControlService.test.ts (12 tests) 65ms
(node:41532) [UNDICI-EHPA] Warning: EnvHttpProxyAgent is experimental, expect them to change at any time.
(Use `node --trace-warnings ...` to show where the warning was created)
(node:28844) ExperimentalWarning: SQLite is an experimental feature and might change at any time
(node:22920) ExperimentalWarning: SQLite is an experimental feature and might change at any time
 ✓ src/services/unknownRiskAuditTiering.test.ts (22 tests) 75ms
 ✓ src/services/tpGuardianEconomics.test.ts (16 tests) 59ms
(node:51032) [UNDICI-EHPA] Warning: EnvHttpProxyAgent is experimental, expect them to change at any time.
(Use `node --trace-warnings ...` to show where the warning was created)
(node:32808) [UNDICI-EHPA] Warning: EnvHttpProxyAgent is experimental, expect them to change at any time.
(Use `node --trace-warnings ...` to show where the warning was created)
(node:41532) ExperimentalWarning: SQLite is an experimental feature and might change at any time
 ✓ src/services/finalActivation.test.ts (13 tests) 67ms
 ✓ src/services/tpSubmissionOutcome.test.ts (10 tests) 50ms
 ✓ src/adapters/binance/BinanceTransport.test.ts (49 tests) 42ms
(node:23796) [UNDICI-EHPA] Warning: EnvHttpProxyAgent is experimental, expect them to change at any time.
(Use `node --trace-warnings ...` to show where the warning was created)
(node:10944) [UNDICI-EHPA] Warning: EnvHttpProxyAgent is experimental, expect them to change at any time.
(Use `node --trace-warnings ...` to show where the warning was created)
(node:45692) [UNDICI-EHPA] Warning: EnvHttpProxyAgent is experimental, expect them to change at any time.
(Use `node --trace-warnings ...` to show where the warning was created)
 ✓ src/services/cycleAccounting.test.ts (16 tests) 47ms
(node:45692) ExperimentalWarning: SQLite is an experimental feature and might change at any time
(node:40244) [UNDICI-EHPA] Warning: EnvHttpProxyAgent is experimental, expect them to change at any time.
(Use `node --trace-warnings ...` to show where the warning was created)
 ✓ src/services/positionCycleLotAccounting.test.ts (29 tests) 48ms
 ✓ src/services/reconciliationUnknownRisk.test.ts (11 tests) 47ms
 ✓ src/services/j1ExitTruthHostile.test.ts (10 tests) 45ms
(node:40244) ExperimentalWarning: SQLite is an experimental feature and might change at any time
(node:49896) [UNDICI-EHPA] Warning: EnvHttpProxyAgent is experimental, expect them to change at any time.
(Use `node --trace-warnings ...` to show where the warning was created)
(node:41368) [UNDICI-EHPA] Warning: EnvHttpProxyAgent is experimental, expect them to change at any time.
(Use `node --trace-warnings ...` to show where the warning was created)
 ✓ src/config/noAddOriginLedger.test.ts (2 tests) 33ms
(node:33880) [UNDICI-EHPA] Warning: EnvHttpProxyAgent is experimental, expect them to change at any time.
(Use `node --trace-warnings ...` to show where the warning was created)
(node:5856) [UNDICI-EHPA] Warning: EnvHttpProxyAgent is experimental, expect them to change at any time.
(Use `node --trace-warnings ...` to show where the warning was created)
 ✓ src/services/capitalCapacityModel.test.ts (12 tests) 36ms
 ✓ src/services/unknownNoActiveRiskProofRenewal.test.ts (9 tests) 51ms
 ✓ src/services/s05PortfolioTailRisk.test.ts (76 tests) 46ms
 ✓ src/services/reconciliationService.test.ts (21 tests) 42ms
(node:35520) [UNDICI-EHPA] Warning: EnvHttpProxyAgent is experimental, expect them to change at any time.
(Use `node --trace-warnings ...` to show where the warning was created)
(node:37208) [UNDICI-EHPA] Warning: EnvHttpProxyAgent is experimental, expect them to change at any time.
(Use `node --trace-warnings ...` to show where the warning was created)
(node:44088) [UNDICI-EHPA] Warning: EnvHttpProxyAgent is experimental, expect them to change at any time.
(Use `node --trace-warnings ...` to show where the warning was created)
(node:27264) [UNDICI-EHPA] Warning: EnvHttpProxyAgent is experimental, expect them to change at any time.
(Use `node --trace-warnings ...` to show where the warning was created)
(node:35520) ExperimentalWarning: SQLite is an experimental feature and might change at any time
 ✓ src/services/tradeLearningP0.test.ts (25 tests) 36ms
 ✓ src/services/v397FrozenSizing.test.ts (6 tests) 29ms
 ✓ src/services/operationalLogger.test.ts (2 tests) 27ms
(node:43264) [UNDICI-EHPA] Warning: EnvHttpProxyAgent is experimental, expect them to change at any time.
(Use `node --trace-warnings ...` to show where the warning was created)
 ✓ src/services/remoteFactAuditIntegration.test.ts (7 tests) 33ms
(node:50700) [UNDICI-EHPA] Warning: EnvHttpProxyAgent is experimental, expect them to change at any time.
(Use `node --trace-warnings ...` to show where the warning was created)
(node:1348) [UNDICI-EHPA] Warning: EnvHttpProxyAgent is experimental, expect them to change at any time.
(Use `node --trace-warnings ...` to show where the warning was created)
(node:46644) [UNDICI-EHPA] Warning: EnvHttpProxyAgent is experimental, expect them to change at any time.
(Use `node --trace-warnings ...` to show where the warning was created)
 ✓ src/services/v398RiskQuantityBounds.test.ts (5 tests) 35ms
 ✓ src/runtime/processLifecycleTelemetry.test.ts (3 tests) 20ms
(node:24940) [UNDICI-EHPA] Warning: EnvHttpProxyAgent is experimental, expect them to change at any time.
(Use `node --trace-warnings ...` to show where the warning was created)
 ✓ src/services/reconciliationCoverageContract.test.ts (6 tests) 28ms
 ✓ src/services/reconciliationRequestBudget.test.ts (3 tests) 29ms
(node:35756) [UNDICI-EHPA] Warning: EnvHttpProxyAgent is experimental, expect them to change at any time.
(Use `node --trace-warnings ...` to show where the warning was created)
(node:49404) [UNDICI-EHPA] Warning: EnvHttpProxyAgent is experimental, expect them to change at any time.
(Use `node --trace-warnings ...` to show where the warning was created)
(node:43104) [UNDICI-EHPA] Warning: EnvHttpProxyAgent is experimental, expect them to change at any time.
(Use `node --trace-warnings ...` to show where the warning was created)
 ✓ src/services/reconciliationFanout.test.ts (7 tests) 29ms
 ✓ src/services/s09ReplayStressHostile.test.ts (22 tests) 27ms
(node:23584) [UNDICI-EHPA] Warning: EnvHttpProxyAgent is experimental, expect them to change at any time.
(Use `node --trace-warnings ...` to show where the warning was created)
(node:35756) ExperimentalWarning: SQLite is an experimental feature and might change at any time
 ✓ src/services/tpTerminalProjection.test.ts (5 tests) 22ms
(node:37884) [UNDICI-EHPA] Warning: EnvHttpProxyAgent is experimental, expect them to change at any time.
(Use `node --trace-warnings ...` to show where the warning was created)
 ✓ src/services/pendingRiskOccupancyConvergence.test.ts (11 tests) 23ms
(node:8092) [UNDICI-EHPA] Warning: EnvHttpProxyAgent is experimental, expect them to change at any time.
(Use `node --trace-warnings ...` to show where the warning was created)
(node:5964) [UNDICI-EHPA] Warning: EnvHttpProxyAgent is experimental, expect them to change at any time.
(Use `node --trace-warnings ...` to show where the warning was created)
 ✓ src/adapters/exchange/ExternalTradeAdapterFunding.test.ts (6 tests) 28ms
 ✓ src/adapters/exchange/ExternalTradeAdapterPrivateLoad.test.ts (9 tests) 28ms
(node:9600) [UNDICI-EHPA] Warning: EnvHttpProxyAgent is experimental, expect them to change at any time.
(Use `node --trace-warnings ...` to show where the warning was created)
(node:47272) [UNDICI-EHPA] Warning: EnvHttpProxyAgent is experimental, expect them to change at any time.
(Use `node --trace-warnings ...` to show where the warning was created)
(node:8092) ExperimentalWarning: SQLite is an experimental feature and might change at any time
 ✓ src/services/positionRiskV3Facts.test.ts (17 tests) 27ms
 ✓ src/services/tpUnknownRecovery.test.ts (4 tests) 27ms
(node:12984) [UNDICI-EHPA] Warning: EnvHttpProxyAgent is experimental, expect them to change at any time.
(Use `node --trace-warnings ...` to show where the warning was created)
(node:18140) [UNDICI-EHPA] Warning: EnvHttpProxyAgent is experimental, expect them to change at any time.
(Use `node --trace-warnings ...` to show where the warning was created)
 ✓ src/services/preflightFeasibility.test.ts (6 tests) 18ms
 ✓ src/services/entryPermissionModel.test.ts (14 tests) 27ms
(node:40300) [UNDICI-EHPA] Warning: EnvHttpProxyAgent is experimental, expect them to change at any time.
(Use `node --trace-warnings ...` to show where the warning was created)
(node:37212) [UNDICI-EHPA] Warning: EnvHttpProxyAgent is experimental, expect them to change at any time.
(Use `node --trace-warnings ...` to show where the warning was created)
 ✓ src/services/entryFundingUniverse.test.ts (11 tests) 20ms
(node:18140) ExperimentalWarning: SQLite is an experimental feature and might change at any time
(node:48484) [UNDICI-EHPA] Warning: EnvHttpProxyAgent is experimental, expect them to change at any time.
(Use `node --trace-warnings ...` to show where the warning was created)
 ✓ src/services/runExecutionOutcome.test.ts (17 tests) 24ms
 ✓ src/services/tpPositionFactTruth.test.ts (4 tests) 26ms
(node:42172) [UNDICI-EHPA] Warning: EnvHttpProxyAgent is experimental, expect them to change at any time.
(Use `node --trace-warnings ...` to show where the warning was created)
(node:20412) [UNDICI-EHPA] Warning: EnvHttpProxyAgent is experimental, expect them to change at any time.
(Use `node --trace-warnings ...` to show where the warning was created)
 ✓ src/adapters/exchange/ExternalTradeAdapter.test.ts (19 tests) 21ms
 ✓ src/services/positionLeverageV3.test.ts (6 tests) 26ms
(node:46972) [UNDICI-EHPA] Warning: EnvHttpProxyAgent is experimental, expect them to change at any time.
(Use `node --trace-warnings ...` to show where the warning was created)
(node:28116) [UNDICI-EHPA] Warning: EnvHttpProxyAgent is experimental, expect them to change at any time.
(Use `node --trace-warnings ...` to show where the warning was created)
 ✓ src/adapters/market/klineTargetedRepair.test.ts (8 tests) 27ms
 ✓ src/services/aiFabricResourceState.test.ts (5 tests) 35ms
(node:3136) [UNDICI-EHPA] Warning: EnvHttpProxyAgent is experimental, expect them to change at any time.
(Use `node --trace-warnings ...` to show where the warning was created)
(node:39352) [UNDICI-EHPA] Warning: EnvHttpProxyAgent is experimental, expect them to change at any time.
(Use `node --trace-warnings ...` to show where the warning was created)
 ✓ src/services/tradingLoopRepair.test.ts (24 tests) 23ms
(node:36292) [UNDICI-EHPA] Warning: EnvHttpProxyAgent is experimental, expect them to change at any time.
(Use `node --trace-warnings ...` to show where the warning was created)
 ✓ src/services/v370Decision.test.ts (7 tests) 20ms
 ✓ src/services/liveValidationObservation.test.ts (2 tests) 22ms
(node:7080) [UNDICI-EHPA] Warning: EnvHttpProxyAgent is experimental, expect them to change at any time.
(Use `node --trace-warnings ...` to show where the warning was created)
(node:36292) ExperimentalWarning: SQLite is an experimental feature and might change at any time
(node:39352) ExperimentalWarning: SQLite is an experimental feature and might change at any time
(node:14664) [UNDICI-EHPA] Warning: EnvHttpProxyAgent is experimental, expect them to change at any time.
(Use `node --trace-warnings ...` to show where the warning was created)
 ✓ src/services/tradingQualityV393EvidenceStore.test.ts (5 tests) 15ms
(node:9604) [UNDICI-EHPA] Warning: EnvHttpProxyAgent is experimental, expect them to change at any time.
(Use `node --trace-warnings ...` to show where the warning was created)
 ✓ src/adapters/market/klineContinuity.test.ts (11 tests) 17ms
 ✓ src/services/marketDataHub.test.ts (11 tests) 16ms
(node:20384) [UNDICI-EHPA] Warning: EnvHttpProxyAgent is experimental, expect them to change at any time.
(Use `node --trace-warnings ...` to show where the warning was created)
 ✓ src/services/v396OfflineStages.test.ts (11 tests) 23ms
(node:44944) [UNDICI-EHPA] Warning: EnvHttpProxyAgent is experimental, expect them to change at any time.
(Use `node --trace-warnings ...` to show where the warning was created)
 ✓ src/runtime/userPositionFacts.test.ts (4 tests) 34ms
(node:40504) [UNDICI-EHPA] Warning: EnvHttpProxyAgent is experimental, expect them to change at any time.
(Use `node --trace-warnings ...` to show where the warning was created)
(node:43852) [UNDICI-EHPA] Warning: EnvHttpProxyAgent is experimental, expect them to change at any time.
(Use `node --trace-warnings ...` to show where the warning was created)
 ✓ src/services/v396AuditFollowup.test.ts (8 tests) 16ms
 ✓ src/services/s05ConvergenceHostile.test.ts (8 tests) 19ms
(node:37984) [UNDICI-EHPA] Warning: EnvHttpProxyAgent is experimental, expect them to change at any time.
(Use `node --trace-warnings ...` to show where the warning was created)
 ✓ src/services/v396AuditBoundaries.test.ts (23 tests) 17ms
(node:29188) [UNDICI-EHPA] Warning: EnvHttpProxyAgent is experimental, expect them to change at any time.
(Use `node --trace-warnings ...` to show where the warning was created)
 ✓ src/services/tradeRecordSyncService.test.ts (3 tests) 18ms
(node:40196) [UNDICI-EHPA] Warning: EnvHttpProxyAgent is experimental, expect them to change at any time.
(Use `node --trace-warnings ...` to show where the warning was created)
 ✓ src/services/unknownProofValidation.test.ts (47 tests) 14ms
(node:21128) [UNDICI-EHPA] Warning: EnvHttpProxyAgent is experimental, expect them to change at any time.
(Use `node --trace-warnings ...` to show where the warning was created)
(node:8504) [UNDICI-EHPA] Warning: EnvHttpProxyAgent is experimental, expect them to change at any time.
(Use `node --trace-warnings ...` to show where the warning was created)
 ✓ src/services/externalIntelligenceService.test.ts (5 tests) 17ms
 ✓ src/services/operationalIncidents.test.ts (20 tests) 17ms
(node:29264) [UNDICI-EHPA] Warning: EnvHttpProxyAgent is experimental, expect them to change at any time.
(Use `node --trace-warnings ...` to show where the warning was created)
(node:29516) [UNDICI-EHPA] Warning: EnvHttpProxyAgent is experimental, expect them to change at any time.
(Use `node --trace-warnings ...` to show where the warning was created)
 ✓ src/services/marketCohort.test.ts (12 tests) 16ms
 ✓ src/services/productionAssetResearch.test.ts (6 tests) 15ms
 ✓ src/services/executableRiskHeadroom.test.ts (6 tests) 21ms
(node:3988) [UNDICI-EHPA] Warning: EnvHttpProxyAgent is experimental, expect them to change at any time.
(Use `node --trace-warnings ...` to show where the warning was created)
(node:39084) [UNDICI-EHPA] Warning: EnvHttpProxyAgent is experimental, expect them to change at any time.
(Use `node --trace-warnings ...` to show where the warning was created)
(node:35820) [UNDICI-EHPA] Warning: EnvHttpProxyAgent is experimental, expect them to change at any time.
(Use `node --trace-warnings ...` to show where the warning was created)
 ✓ src/services/finalRiskConvergence.test.ts (5 tests) 14ms
(node:24396) [UNDICI-EHPA] Warning: EnvHttpProxyAgent is experimental, expect them to change at any time.
(Use `node --trace-warnings ...` to show where the warning was created)
 ✓ src/services/candidateSupplyHealth.test.ts (3 tests) 13ms
 ✓ src/adapters/binance/requestBudgetPrivateTruth.test.ts (3 tests) 15ms
(node:31732) [UNDICI-EHPA] Warning: EnvHttpProxyAgent is experimental, expect them to change at any time.
(Use `node --trace-warnings ...` to show where the warning was created)
 ✓ src/services/positionLifecycleIntegrity.test.ts (3 tests) 14ms
(node:13904) [UNDICI-EHPA] Warning: EnvHttpProxyAgent is experimental, expect them to change at any time.
(Use `node --trace-warnings ...` to show where the warning was created)
(node:13296) [UNDICI-EHPA] Warning: EnvHttpProxyAgent is experimental, expect them to change at any time.
(Use `node --trace-warnings ...` to show where the warning was created)
 ✓ src/services/marketDataHubSlowFields.test.ts (4 tests) 16ms
 ✓ src/services/privateAccountSync.test.ts (5 tests) 13ms
 ✓ src/services/tradingEpisodeEvidence.test.ts (10 tests) 11ms
(node:28392) [UNDICI-EHPA] Warning: EnvHttpProxyAgent is experimental, expect them to change at any time.
(Use `node --trace-warnings ...` to show where the warning was created)
(node:35128) [UNDICI-EHPA] Warning: EnvHttpProxyAgent is experimental, expect them to change at any time.
(Use `node --trace-warnings ...` to show where the warning was created)
(node:45396) [UNDICI-EHPA] Warning: EnvHttpProxyAgent is experimental, expect them to change at any time.
(Use `node --trace-warnings ...` to show where the warning was created)
 ✓ src/services/tradeRecordReadModel.test.ts (7 tests) 9ms
(node:4080) [UNDICI-EHPA] Warning: EnvHttpProxyAgent is experimental, expect them to change at any time.
(Use `node --trace-warnings ...` to show where the warning was created)
 ✓ src/adapters/binance/requestBudgetAnomaly.test.ts (1 test) 12ms
 ✓ src/adapters/binance/requestBudgetProxyTruth.test.ts (1 test) 12ms
(node:6316) [UNDICI-EHPA] Warning: EnvHttpProxyAgent is experimental, expect them to change at any time.
(Use `node --trace-warnings ...` to show where the warning was created)
 ✓ src/services/tradeRecordIntegrity.test.ts (5 tests) 9ms
(node:50344) [UNDICI-EHPA] Warning: EnvHttpProxyAgent is experimental, expect them to change at any time.
(Use `node --trace-warnings ...` to show where the warning was created)
(node:26952) [UNDICI-EHPA] Warning: EnvHttpProxyAgent is experimental, expect them to change at any time.
(Use `node --trace-warnings ...` to show where the warning was created)
 ✓ src/services/remoteFactAuditPolicy.test.ts (7 tests) 10ms
 ✓ src/services/positionService.test.ts (3 tests) 11ms
(node:26700) [UNDICI-EHPA] Warning: EnvHttpProxyAgent is experimental, expect them to change at any time.
(Use `node --trace-warnings ...` to show where the warning was created)
 ✓ src/state/runtimeState.test.ts (7 tests) 10ms
(node:51020) [UNDICI-EHPA] Warning: EnvHttpProxyAgent is experimental, expect them to change at any time.
(Use `node --trace-warnings ...` to show where the warning was created)
(node:9264) [UNDICI-EHPA] Warning: EnvHttpProxyAgent is experimental, expect them to change at any time.
(Use `node --trace-warnings ...` to show where the warning was created)
 ✓ src/services/entryCapacityTrace.test.ts (12 tests) 8ms
 ✓ src/services/productionReadOnlyPreflight.test.ts (4 tests) 9ms
(node:49512) [UNDICI-EHPA] Warning: EnvHttpProxyAgent is experimental, expect them to change at any time.
(Use `node --trace-warnings ...` to show where the warning was created)
(node:11112) [UNDICI-EHPA] Warning: EnvHttpProxyAgent is experimental, expect them to change at any time.
(Use `node --trace-warnings ...` to show where the warning was created)
 ✓ src/config/aiResourceLoader.test.ts (1 test) 9ms
 ✓ src/services/assetGovernanceCoordinator.test.ts (6 tests) 11ms
(node:11288) [UNDICI-EHPA] Warning: EnvHttpProxyAgent is experimental, expect them to change at any time.
(Use `node --trace-warnings ...` to show where the warning was created)
 ✓ src/services/pipelineVerdict.test.ts (14 tests) 8ms
(node:50404) [UNDICI-EHPA] Warning: EnvHttpProxyAgent is experimental, expect them to change at any time.
(Use `node --trace-warnings ...` to show where the warning was created)
(node:25944) [UNDICI-EHPA] Warning: EnvHttpProxyAgent is experimental, expect them to change at any time.
(Use `node --trace-warnings ...` to show where the warning was created)
 ✓ src/services/tradingQualityEligibility.test.ts (7 tests) 12ms
 ✓ src/adapters/ai/OpenAiCompatibleClient.test.ts (1 test) 8ms
(node:29224) [UNDICI-EHPA] Warning: EnvHttpProxyAgent is experimental, expect them to change at any time.
(Use `node --trace-warnings ...` to show where the warning was created)
 ✓ src/adapters/exchange/historyWindow.test.ts (5 tests) 8ms
(node:32516) [UNDICI-EHPA] Warning: EnvHttpProxyAgent is experimental, expect them to change at any time.
(Use `node --trace-warnings ...` to show where the warning was created)
(node:21116) [UNDICI-EHPA] Warning: EnvHttpProxyAgent is experimental, expect them to change at any time.
(Use `node --trace-warnings ...` to show where the warning was created)
 ✓ src/services/positionReviewSchedulerReviewOnly.test.ts (3 tests) 7ms
 ✓ src/services/lossHandoff.test.ts (4 tests) 7ms
(node:14472) [UNDICI-EHPA] Warning: EnvHttpProxyAgent is experimental, expect them to change at any time.
(Use `node --trace-warnings ...` to show where the warning was created)
 ✓ src/services/frozenChoiceTelemetry.test.ts (6 tests) 8ms
(node:28912) [UNDICI-EHPA] Warning: EnvHttpProxyAgent is experimental, expect them to change at any time.
(Use `node --trace-warnings ...` to show where the warning was created)
 ✓ src/api/executionTruthSplit.test.ts (6 tests) 8ms
(node:13356) [UNDICI-EHPA] Warning: EnvHttpProxyAgent is experimental, expect them to change at any time.
(Use `node --trace-warnings ...` to show where the warning was created)
(node:33428) [UNDICI-EHPA] Warning: EnvHttpProxyAgent is experimental, expect them to change at any time.
(Use `node --trace-warnings ...` to show where the warning was created)
 ✓ src/services/temporalAlgorithms.test.ts (11 tests) 9ms
(node:7660) [UNDICI-EHPA] Warning: EnvHttpProxyAgent is experimental, expect them to change at any time.
(Use `node --trace-warnings ...` to show where the warning was created)
 ✓ src/services/tradingQualityV393.test.ts (10 tests) 7ms
 ✓ src/services/directionPolicyService.test.ts (1 test) 8ms
(node:31116) [UNDICI-EHPA] Warning: EnvHttpProxyAgent is experimental, expect them to change at any time.
(Use `node --trace-warnings ...` to show where the warning was created)
(node:27400) [UNDICI-EHPA] Warning: EnvHttpProxyAgent is experimental, expect them to change at any time.
(Use `node --trace-warnings ...` to show where the warning was created)
 ✓ src/services/economicEntryFeasibility.test.ts (6 tests) 8ms
 ✓ src/services/entryObservation.test.ts (4 tests) 6ms
(node:35896) [UNDICI-EHPA] Warning: EnvHttpProxyAgent is experimental, expect them to change at any time.
(Use `node --trace-warnings ...` to show where the warning was created)
 ✓ src/services/TemporalIntelligenceService.test.ts (1 test) 5ms
(node:22544) [UNDICI-EHPA] Warning: EnvHttpProxyAgent is experimental, expect them to change at any time.
(Use `node --trace-warnings ...` to show where the warning was created)
(node:36264) [UNDICI-EHPA] Warning: EnvHttpProxyAgent is experimental, expect them to change at any time.
(Use `node --trace-warnings ...` to show where the warning was created)
 ✓ src/services/aiQuantityAllocation.test.ts (6 tests) 7ms
(node:46944) [UNDICI-EHPA] Warning: EnvHttpProxyAgent is experimental, expect them to change at any time.
(Use `node --trace-warnings ...` to show where the warning was created)
 ✓ src/services/v392HistoricalDecisionRegression.test.ts (3 tests) 4ms
 ✓ src/services/egressFailClosed.test.ts (3 tests) 9ms
(node:3764) [UNDICI-EHPA] Warning: EnvHttpProxyAgent is experimental, expect them to change at any time.
(Use `node --trace-warnings ...` to show where the warning was created)
 ✓ src/services/marketDataStaleness.test.ts (10 tests) 6ms
 ✓ src/services/nearMarketPrice.test.ts (4 tests) 6ms
(node:34056) [UNDICI-EHPA] Warning: EnvHttpProxyAgent is experimental, expect them to change at any time.
(Use `node --trace-warnings ...` to show where the warning was created)
(node:40068) [UNDICI-EHPA] Warning: EnvHttpProxyAgent is experimental, expect them to change at any time.
(Use `node --trace-warnings ...` to show where the warning was created)
(node:39964) [UNDICI-EHPA] Warning: EnvHttpProxyAgent is experimental, expect them to change at any time.
(Use `node --trace-warnings ...` to show where the warning was created)
 ✓ src/adapters/binance/BinanceUserDataStream.test.ts (2 tests) 10ms
 ✓ src/adapters/binance/requestBudgetEntryGate.test.ts (2 tests) 5ms
(node:24888) [UNDICI-EHPA] Warning: EnvHttpProxyAgent is experimental, expect them to change at any time.
(Use `node --trace-warnings ...` to show where the warning was created)
 ✓ src/services/brainRunArchive.test.ts (4 tests) 5ms
(node:20464) [UNDICI-EHPA] Warning: EnvHttpProxyAgent is experimental, expect them to change at any time.
(Use `node --trace-warnings ...` to show where the warning was created)
 ✓ src/services/supplyHealth.test.ts (3 tests) 4ms
(node:28508) [UNDICI-EHPA] Warning: EnvHttpProxyAgent is experimental, expect them to change at any time.
(Use `node --trace-warnings ...` to show where the warning was created)
(node:15436) [UNDICI-EHPA] Warning: EnvHttpProxyAgent is experimental, expect them to change at any time.
(Use `node --trace-warnings ...` to show where the warning was created)
 ✓ src/services/accountValuation.test.ts (3 tests) 5ms
 ✓ src/services/reconciliationOpenOrdersProjection.test.ts (2 tests) 6ms
(node:8224) [UNDICI-EHPA] Warning: EnvHttpProxyAgent is experimental, expect them to change at any time.
(Use `node --trace-warnings ...` to show where the warning was created)
 ✓ src/services/externalResearchQuality.test.ts (2 tests) 7ms
(node:16036) [UNDICI-EHPA] Warning: EnvHttpProxyAgent is experimental, expect them to change at any time.
(Use `node --trace-warnings ...` to show where the warning was created)
(node:3288) [UNDICI-EHPA] Warning: EnvHttpProxyAgent is experimental, expect them to change at any time.
(Use `node --trace-warnings ...` to show where the warning was created)
 ✓ src/services/humanManagedProjection.test.ts (1 test) 4ms
 ✓ src/services/tradingQualityBaseline.test.ts (4 tests) 6ms
(node:19812) [UNDICI-EHPA] Warning: EnvHttpProxyAgent is experimental, expect them to change at any time.
(Use `node --trace-warnings ...` to show where the warning was created)
 ✓ src/services/s01TruthAccountingObservability.test.ts (5 tests) 4ms
(node:33196) [UNDICI-EHPA] Warning: EnvHttpProxyAgent is experimental, expect them to change at any time.
(Use `node --trace-warnings ...` to show where the warning was created)
(node:47864) [UNDICI-EHPA] Warning: EnvHttpProxyAgent is experimental, expect them to change at any time.
(Use `node --trace-warnings ...` to show where the warning was created)
 ✓ src/events/eventBus.test.ts (1 test) 6ms
 ✓ src/services/tradingQualityReleaseGate.test.ts (5 tests) 6ms
 ✓ src/config/settingsCloseoutInvariant.test.ts (1 test) 4ms
 ✓ src/services/marketDataReadiness.test.ts (3 tests) 5ms
(node:22152) [UNDICI-EHPA] Warning: EnvHttpProxyAgent is experimental, expect them to change at any time.
(Use `node --trace-warnings ...` to show where the warning was created)
(node:40576) [UNDICI-EHPA] Warning: EnvHttpProxyAgent is experimental, expect them to change at any time.
(Use `node --trace-warnings ...` to show where the warning was created)
(node:26452) [UNDICI-EHPA] Warning: EnvHttpProxyAgent is experimental, expect them to change at any time.
(Use `node --trace-warnings ...` to show where the warning was created)
(node:9724) [UNDICI-EHPA] Warning: EnvHttpProxyAgent is experimental, expect them to change at any time.
(Use `node --trace-warnings ...` to show where the warning was created)
 ✓ src/services/binanceClientOrderIdFactory.test.ts (3 tests) 4ms
 ✓ src/services/historicalTpReachability.test.ts (3 tests) 4ms
(node:51048) [UNDICI-EHPA] Warning: EnvHttpProxyAgent is experimental, expect them to change at any time.
(Use `node --trace-warnings ...` to show where the warning was created)
(node:50004) [UNDICI-EHPA] Warning: EnvHttpProxyAgent is experimental, expect them to change at any time.
(Use `node --trace-warnings ...` to show where the warning was created)
 ✓ src/services/candidateLifecycleDeriver.test.ts (10 tests) 5ms
 ✓ src/services/shadowObservation.test.ts (4 tests) 5ms
 ✓ src/services/p0EntryIntegrity.test.ts (4 tests) 5ms
(node:13148) [UNDICI-EHPA] Warning: EnvHttpProxyAgent is experimental, expect them to change at any time.
(Use `node --trace-warnings ...` to show where the warning was created)
 ✓ src/api/entryCancelEligibility.test.ts (5 tests) 4ms
(node:50400) [UNDICI-EHPA] Warning: EnvHttpProxyAgent is experimental, expect them to change at any time.
(Use `node --trace-warnings ...` to show where the warning was created)
(node:38012) [UNDICI-EHPA] Warning: EnvHttpProxyAgent is experimental, expect them to change at any time.
(Use `node --trace-warnings ...` to show where the warning was created)
(node:6704) [UNDICI-EHPA] Warning: EnvHttpProxyAgent is experimental, expect them to change at any time.
(Use `node --trace-warnings ...` to show where the warning was created)
 ✓ src/services/tradingQualityObservationPlan.test.ts (3 tests) 4ms
 ✓ src/services/unsubmittedEntryRecovery.test.ts (2 tests) 4ms
(node:42164) [UNDICI-EHPA] Warning: EnvHttpProxyAgent is experimental, expect them to change at any time.
(Use `node --trace-warnings ...` to show where the warning was created)
 ✓ src/services/noSeparateAdd.test.ts (5 tests) 3ms
(node:17624) [UNDICI-EHPA] Warning: EnvHttpProxyAgent is experimental, expect them to change at any time.
(Use `node --trace-warnings ...` to show where the warning was created)
 ✓ src/services/experienceService.test.ts (1 test) 4ms
(node:23816) [UNDICI-EHPA] Warning: EnvHttpProxyAgent is experimental, expect them to change at any time.
(Use `node --trace-warnings ...` to show where the warning was created)
(node:49792) [UNDICI-EHPA] Warning: EnvHttpProxyAgent is experimental, expect them to change at any time.
(Use `node --trace-warnings ...` to show where the warning was created)
 ✓ src/services/p0RiskConvergence.test.ts (3 tests) 5ms
 ✓ src/services/shadowReadiness.test.ts (2 tests) 4ms
(node:9680) [UNDICI-EHPA] Warning: EnvHttpProxyAgent is experimental, expect them to change at any time.
(Use `node --trace-warnings ...` to show where the warning was created)
 ✓ src/services/tradeAuditProvenance.test.ts (1 test) 3ms
(node:47880) [UNDICI-EHPA] Warning: EnvHttpProxyAgent is experimental, expect them to change at any time.
(Use `node --trace-warnings ...` to show where the warning was created)
(node:29544) [UNDICI-EHPA] Warning: EnvHttpProxyAgent is experimental, expect them to change at any time.
(Use `node --trace-warnings ...` to show where the warning was created)
 ✓ src/services/quoteUsdConversion.test.ts (2 tests) 4ms
(node:31424) [UNDICI-EHPA] Warning: EnvHttpProxyAgent is experimental, expect them to change at any time.
(Use `node --trace-warnings ...` to show where the warning was created)
 ✓ src/api/chronologicalSort.test.ts (2 tests) 3ms
 ✓ src/services/riskReadiness.test.ts (3 tests) 3ms
(node:34524) [UNDICI-EHPA] Warning: EnvHttpProxyAgent is experimental, expect them to change at any time.
(Use `node --trace-warnings ...` to show where the warning was created)
 ✓ src/services/positionReviewPrompt.test.ts (1 test) 3ms
(node:46692) [UNDICI-EHPA] Warning: EnvHttpProxyAgent is experimental, expect them to change at any time.
(Use `node --trace-warnings ...` to show where the warning was created)
(node:24996) [UNDICI-EHPA] Warning: EnvHttpProxyAgent is experimental, expect them to change at any time.
(Use `node --trace-warnings ...` to show where the warning was created)
 ✓ src/api/activeEntryProjection.test.ts (1 test) 5ms
 ✓ src/services/decisionContext.test.ts (3 tests) 4ms
(node:46732) [UNDICI-EHPA] Warning: EnvHttpProxyAgent is experimental, expect them to change at any time.
(Use `node --trace-warnings ...` to show where the warning was created)
 ✓ src/adapters/market/BinanceExchangeInfoSingleFlight.test.ts (1 test) 6ms
(node:10792) [UNDICI-EHPA] Warning: EnvHttpProxyAgent is experimental, expect them to change at any time.
(Use `node --trace-warnings ...` to show where the warning was created)
 ✓ src/services/entryWaiting.test.ts (4 tests) 3ms
(node:43168) [UNDICI-EHPA] Warning: EnvHttpProxyAgent is experimental, expect them to change at any time.
(Use `node --trace-warnings ...` to show where the warning was created)
(node:47500) [UNDICI-EHPA] Warning: EnvHttpProxyAgent is experimental, expect them to change at any time.
(Use `node --trace-warnings ...` to show where the warning was created)
 ✓ src/runtime/bootstrapReconciliationInvariant.test.ts (1 test) 3ms
(node:50320) [UNDICI-EHPA] Warning: EnvHttpProxyAgent is experimental, expect them to change at any time.
(Use `node --trace-warnings ...` to show where the warning was created)
 ✓ src/adapters/binance/BinanceTransportLanes.test.ts (3 tests) 4ms
 ✓ src/adapters/binance/BinanceBudgetFailureTelemetry.test.ts (1 test) 2ms
 ✓ src/services/privateAccountReadiness.test.ts (1 test) 3ms
(node:9148) [UNDICI-EHPA] Warning: EnvHttpProxyAgent is experimental, expect them to change at any time.
(Use `node --trace-warnings ...` to show where the warning was created)
(node:40608) [UNDICI-EHPA] Warning: EnvHttpProxyAgent is experimental, expect them to change at any time.
(Use `node --trace-warnings ...` to show where the warning was created)
(node:15168) [UNDICI-EHPA] Warning: EnvHttpProxyAgent is experimental, expect them to change at any time.
(Use `node --trace-warnings ...` to show where the warning was created)
(node:10792) ExperimentalWarning: SQLite is an experimental feature and might change at any time
(node:9148) ExperimentalWarning: SQLite is an experimental feature and might change at any time
 ✓ src/config/engineTestTimeout.test.ts (1 test) 3ms
 ✓ src/services/testnetLowLossCleanupService.test.ts (2 tests) 3ms
 ✓ src/api/tradeCloseProvenance.test.ts (2 tests) 3ms

⎯⎯⎯⎯⎯⎯⎯ Failed Tests 3 ⎯⎯⎯⎯⎯⎯⎯

 FAIL  src/services/tradingQualityIntegration.test.ts > real EntryCoordinator opportunity authorization > records TradingQuality evidence without carrying it as Entry direction authorization
ZodError: [
  {
    "code": "unrecognized_keys",
    "keys": [
      "entryAuthorizationPolicy"
    ],
    "path": [
      "executionEnvelope"
    ],
    "message": "Unrecognized key(s) in object: 'entryAuthorizationPolicy'"
  }
]
 ❯ Object.get error [as error] ../../node_modules/zod/v3/types.js:39:31
 ❯ ZodObject.parse ../../node_modules/zod/v3/types.js:114:22
 ❯ src/services/tradingQualityIntegration.test.ts:34:39


⎯⎯⎯⎯⎯⎯⎯⎯⎯⎯⎯⎯⎯⎯⎯⎯⎯⎯⎯⎯⎯⎯⎯⎯[1/3]⎯

 FAIL  src/services/tradingQualityIntegration.test.ts > real EntryCoordinator opportunity authorization > round-trips frozen quantity and execution envelope through the durable EntryIntent schema
ZodError: [
  {
    "code": "unrecognized_keys",
    "keys": [
      "entryAuthorizationPolicy"
    ],
    "path": [
      "executionEnvelope"
    ],
    "message": "Unrecognized key(s) in object: 'entryAuthorizationPolicy'"
  }
]
 ❯ Object.get error [as error] ../../node_modules/zod/v3/types.js:39:31
 ❯ ZodObject.parse ../../node_modules/zod/v3/types.js:114:22
 ❯ src/services/tradingQualityIntegration.test.ts:67:114


⎯⎯⎯⎯⎯⎯⎯⎯⎯⎯⎯⎯⎯⎯⎯⎯⎯⎯⎯⎯⎯⎯⎯⎯[2/3]⎯

 FAIL  src/services/tradingQualityIntegration.test.ts > real EntryCoordinator opportunity authorization > recovers UNKNOWN with same identity even after opportunity expiry without a new submit
ZodError: [
  {
    "code": "unrecognized_keys",
    "keys": [
      "entryAuthorizationPolicy"
    ],
    "path": [
      "executionEnvelope"
    ],
    "message": "Unrecognized key(s) in object: 'entryAuthorizationPolicy'"
  }
]
 ❯ Object.get error [as error] ../../node_modules/zod/v3/types.js:39:31
 ❯ ZodObject.parse ../../node_modules/zod/v3/types.js:114:22
 ❯ src/services/tradingQualityIntegration.test.ts:105:79
    103|     h.exchange.findEntryByClientOrderId.mockResolvedValue({...o,status…
    104|     const restarted=new EntryCoordinator(h.state,{} as any,{} as any,h…
    105|     const result=await (restarted as any).submitExactlyOnce(EntryInten…
       |                                                                               ^
    106|     expect(result.clientOrderId).toBe(o.clientOrderId);expect(h.exchan…
    107|   });

⎯⎯⎯⎯⎯⎯⎯⎯⎯⎯⎯⎯⎯⎯⎯⎯⎯⎯⎯⎯⎯⎯⎯⎯[3/3]⎯


 Test Files  1 failed | 206 passed (207)
      Tests  3 failed | 1875 passed (1878)
   Start at  05:47:50
   Duration  46.39s (transform 4.31s, setup 0ms, collect 41.98s, tests 82.34s, environment 39ms, prepare 21.14s)

(node:16060) [UNDICI-EHPA] Warning: EnvHttpProxyAgent is experimental, expect them to change at any time.
(Use `node --trace-warnings ...` to show where the warning was created)
(node:26164) [UNDICI-EHPA] Warning: EnvHttpProxyAgent is experimental, expect them to change at any time.
(Use `node --trace-warnings ...` to show where the warning was created)
(node:40488) [UNDICI-EHPA] Warning: EnvHttpProxyAgent is experimental, expect them to change at any time.
(Use `node --trace-warnings ...` to show where the warning was created)
npm error Lifecycle script `test` failed with error:
npm error code 1
npm error path D:\MITS-WORKTREES\v398-entry-quality-20261008\apps\engine
npm error workspace @zdj/engine@3.9.8
npm error location D:\MITS-WORKTREES\v398-entry-quality-20261008\apps\engine
npm error command failed
npm error command C:\Windows\system32\cmd.exe /d /s /c vitest run
