(node:26268) [UNDICI-EHPA] Warning: EnvHttpProxyAgent is experimental, expect them to change at any time.
(Use `node --trace-warnings ...` to show where the warning was created)
(node:23476) [UNDICI-EHPA] Warning: EnvHttpProxyAgent is experimental, expect them to change at any time.
(Use `node --trace-warnings ...` to show where the warning was created)

> zdj-mits-v3@3.9.8 verify:ci
> npm run verify:deps && npm run verify:scripts && npm run verify:release && npm run verify:s00 && npm run typecheck && npm run build && npm run test -w @zdj/contracts && npm run test -w @zdj/core && npm run test -w @zdj/dashboard && npm run test:ci -w @zdj/engine

(node:23136) [UNDICI-EHPA] Warning: EnvHttpProxyAgent is experimental, expect them to change at any time.
(Use `node --trace-warnings ...` to show where the warning was created)
(node:10672) [UNDICI-EHPA] Warning: EnvHttpProxyAgent is experimental, expect them to change at any time.
(Use `node --trace-warnings ...` to show where the warning was created)

> zdj-mits-v3@3.9.8 verify:deps
> npm run build -w @zdj/contracts && npm run build -w @zdj/core

(node:24164) [UNDICI-EHPA] Warning: EnvHttpProxyAgent is experimental, expect them to change at any time.
(Use `node --trace-warnings ...` to show where the warning was created)
(node:14744) [UNDICI-EHPA] Warning: EnvHttpProxyAgent is experimental, expect them to change at any time.
(Use `node --trace-warnings ...` to show where the warning was created)

> @zdj/contracts@3.9.8 build
> tsc -p tsconfig.json

(node:23664) [UNDICI-EHPA] Warning: EnvHttpProxyAgent is experimental, expect them to change at any time.
(Use `node --trace-warnings ...` to show where the warning was created)
(node:1508) [UNDICI-EHPA] Warning: EnvHttpProxyAgent is experimental, expect them to change at any time.
(Use `node --trace-warnings ...` to show where the warning was created)

> @zdj/core@3.9.8 build
> tsc -p tsconfig.json

(node:6728) [UNDICI-EHPA] Warning: EnvHttpProxyAgent is experimental, expect them to change at any time.
(Use `node --trace-warnings ...` to show where the warning was created)
(node:24252) [UNDICI-EHPA] Warning: EnvHttpProxyAgent is experimental, expect them to change at any time.
(Use `node --trace-warnings ...` to show where the warning was created)

> zdj-mits-v3@3.9.8 verify:scripts
> node --check scripts/maintain-storage.mjs && node --check scripts/reset-testnet-runtime-db.mjs && node --check scripts/init-local-runtime.mjs && node --check scripts/prune-zdj-backups.mjs && node --check scripts/install-storage-retention.mjs && node --check scripts/v394-stage6-set-readonly.mjs && node scripts/v394-stage6-set-readonly.mjs --self-test && node --check scripts/v394-stage6-preflight.mjs && node scripts/v394-stage6-preflight.mjs --self-test && node --check scripts/audit-ai-entry-quality.mjs && node --check scripts/audit-trading-quality-baseline.mjs && node --check scripts/inspect-sqlite-capacity.mjs && node --check scripts/audit-v394-entry-authorization.mjs && node --test scripts/maintain-storage.test.mjs scripts/reset-testnet-runtime-db.test.mjs scripts/init-local-runtime.test.mjs && powershell -NoProfile -ExecutionPolicy Bypass -File scripts/start-zdj-engine-host.test.ps1 && powershell -NoProfile -ExecutionPolicy Bypass -File scripts/collect-zdj-engine-crash-evidence.test.ps1 && powershell -NoProfile -ExecutionPolicy Bypass -File scripts/run-v394-readonly-canary.test.ps1 && powershell -NoProfile -ExecutionPolicy Bypass -File scripts/run-v394-local-rollout.test.ps1 && powershell -NoProfile -ExecutionPolicy Bypass -File scripts/run-v394-stage7-to-stage9.test.ps1 && powershell -NoProfile -ExecutionPolicy Bypass -File scripts/vpn/zdj-trade-proxy-client-windows.test.ps1 && powershell -NoProfile -ExecutionPolicy Bypass -File scripts/start-zdj-stack-after-reboot.test.ps1 && powershell -NoProfile -ExecutionPolicy Bypass -File scripts/set-zdj-scheduled-task-silent.test.ps1

(node:6512) [UNDICI-EHPA] Warning: EnvHttpProxyAgent is experimental, expect them to change at any time.
(Use `node --trace-warnings ...` to show where the warning was created)
(node:15372) [UNDICI-EHPA] Warning: EnvHttpProxyAgent is experimental, expect them to change at any time.
(Use `node --trace-warnings ...` to show where the warning was created)
(node:5760) [UNDICI-EHPA] Warning: EnvHttpProxyAgent is experimental, expect them to change at any time.
(Use `node --trace-warnings ...` to show where the warning was created)
(node:25324) [UNDICI-EHPA] Warning: EnvHttpProxyAgent is experimental, expect them to change at any time.
(Use `node --trace-warnings ...` to show where the warning was created)
(node:23540) [UNDICI-EHPA] Warning: EnvHttpProxyAgent is experimental, expect them to change at any time.
(Use `node --trace-warnings ...` to show where the warning was created)
(node:22888) [UNDICI-EHPA] Warning: EnvHttpProxyAgent is experimental, expect them to change at any time.
(Use `node --trace-warnings ...` to show where the warning was created)
(node:15580) [UNDICI-EHPA] Warning: EnvHttpProxyAgent is experimental, expect them to change at any time.
(Use `node --trace-warnings ...` to show where the warning was created)
(node:15580) ExperimentalWarning: SQLite is an experimental feature and might change at any time
V3.9.4 explicit proxy-enable + legacy normalization + READ_ONLY self-test PASS
(node:26048) [UNDICI-EHPA] Warning: EnvHttpProxyAgent is experimental, expect them to change at any time.
(Use `node --trace-warnings ...` to show where the warning was created)
(node:11884) [UNDICI-EHPA] Warning: EnvHttpProxyAgent is experimental, expect them to change at any time.
(Use `node --trace-warnings ...` to show where the warning was created)
(node:11884) ExperimentalWarning: SQLite is an experimental feature and might change at any time
V3.9.4 Stage6 preflight self-test PASS
(node:14824) [UNDICI-EHPA] Warning: EnvHttpProxyAgent is experimental, expect them to change at any time.
(Use `node --trace-warnings ...` to show where the warning was created)
(node:19424) [UNDICI-EHPA] Warning: EnvHttpProxyAgent is experimental, expect them to change at any time.
(Use `node --trace-warnings ...` to show where the warning was created)
(node:25952) [UNDICI-EHPA] Warning: EnvHttpProxyAgent is experimental, expect them to change at any time.
(Use `node --trace-warnings ...` to show where the warning was created)
(node:10424) [UNDICI-EHPA] Warning: EnvHttpProxyAgent is experimental, expect them to change at any time.
(Use `node --trace-warnings ...` to show where the warning was created)
(node:16132) [UNDICI-EHPA] Warning: EnvHttpProxyAgent is experimental, expect them to change at any time.
(Use `node --trace-warnings ...` to show where the warning was created)
TAP version 13
# (node:22044) [UNDICI-EHPA] Warning: EnvHttpProxyAgent is experimental, expect them to change at any time.
# (Use `node --trace-warnings ...` to show where the warning was created)
# (node:22044) ExperimentalWarning: SQLite is an experimental feature and might change at any time
# Subtest: V3.9.3 init preserves static configuration and removes active local trading history
ok 1 - V3.9.3 init preserves static configuration and removes active local trading history
  ---
  duration_ms: 526.5692
  type: 'test'
  ...
# (node:22788) [UNDICI-EHPA] Warning: EnvHttpProxyAgent is experimental, expect them to change at any time.
# (Use `node --trace-warnings ...` to show where the warning was created)
# (node:22788) ExperimentalWarning: SQLite is an experimental feature and might change at any time
# Subtest: offline maintenance preserves source: dry
ok 2 - offline maintenance preserves source: dry
  ---
  duration_ms: 311.8323
  type: 'test'
  ...
# Subtest: offline maintenance preserves source: build
ok 3 - offline maintenance preserves source: build
  ---
  duration_ms: 276.3972
  type: 'test'
  ...
# Subtest: offline maintenance preserves source: alias
ok 4 - offline maintenance preserves source: alias
  ---
  duration_ms: 218.9231
  type: 'test'
  ...
# Subtest: offline maintenance preserves source: existing
ok 5 - offline maintenance preserves source: existing
  ---
  duration_ms: 214.0348
  type: 'test'
  ...
# Subtest: offline maintenance preserves source: wal
ok 6 - offline maintenance preserves source: wal
  ---
  duration_ms: 219.5106
  type: 'test'
  ...
# Subtest: offline maintenance preserves source: disk
ok 7 - offline maintenance preserves source: disk
  ---
  duration_ms: 242.9346
  type: 'test'
  ...
# Subtest: offline maintenance preserves source: delete-failure
ok 8 - offline maintenance preserves source: delete-failure
  ---
  duration_ms: 427.1984
  type: 'test'
  ...
# Subtest: offline maintenance preserves source: vacuum-failure
ok 9 - offline maintenance preserves source: vacuum-failure
  ---
  duration_ms: 240.5043
  type: 'test'
  ...
# Subtest: offline maintenance preserves source: publish-lock
ok 10 - offline maintenance preserves source: publish-lock
  ---
  duration_ms: 259.4238
  type: 'test'
  ...
# Subtest: offline maintenance preserves source: corrupt-copy
ok 11 - offline maintenance preserves source: corrupt-copy
  ---
  duration_ms: 269.6633
  type: 'test'
  ...
# Subtest: offline maintenance preserves source: crash
ok 12 - offline maintenance preserves source: crash
  ---
  duration_ms: 231.9061
  type: 'test'
  ...
# Subtest: backup pruning requires an explicit verified baseline and keeps it even when it is oldest
ok 13 - backup pruning requires an explicit verified baseline and keeps it even when it is oldest
  ---
  duration_ms: 485.9932
  type: 'test'
  ...
# Subtest: AI quality treats missing outcomes as missing and does not promote PLACE-only samples
ok 14 - AI quality treats missing outcomes as missing and does not promote PLACE-only samples
  ---
  duration_ms: 433.2682
  type: 'test'
  ...
# Subtest: valid WAL is copied and replayed only on the working database
ok 15 - valid WAL is copied and replayed only on the working database
  ---
  duration_ms: 250.8095
  type: 'test'
  ...
# (node:5264) [UNDICI-EHPA] Warning: EnvHttpProxyAgent is experimental, expect them to change at any time.
# (Use `node --trace-warnings ...` to show where the warning was created)
# (node:5264) ExperimentalWarning: SQLite is an experimental feature and might change at any time
# Subtest: schema-only reset preserves schema/static configuration and never copies runtime history
ok 16 - schema-only reset preserves schema/static configuration and never copies runtime history
  ---
  duration_ms: 426.8376
  type: 'test'
  ...
1..16
# tests 16
# suites 0
# pass 16
# fail 0
# cancelled 0
# skipped 0
# todo 0
# duration_ms 4219.2975
start-zdj-engine-host.test.ps1 PASS
collect-zdj-engine-crash-evidence.test.ps1 PASS (25 assertions)
V3.9.4 read-only canary script contract PASS
V3.9.4 local rollout script contract PASS
V3.9.4 stage7-to-stage9 runner contract PASS
VPN_CLIENT_TEST_PASS: foreign owner, pid reuse, real stalled peer deadline/socket close, finite failed-start recovery, no embedded secret
(node:23128) [UNDICI-EHPA] Warning: EnvHttpProxyAgent is experimental, expect them to change at any time.
(Use `node --trace-warnings ...` to show where the warning was created)
start-zdj-stack-after-reboot.test.ps1 PASS
SILENT_REBOOT_REREGISTRATION_GUARD_PASS
SILENT_TASK_TEST_PASS: no visible child console, quoted paths, working directory, wait and exit=23; no real task or Engine lifecycle
(node:25104) [UNDICI-EHPA] Warning: EnvHttpProxyAgent is experimental, expect them to change at any time.
(Use `node --trace-warnings ...` to show where the warning was created)
(node:17380) [UNDICI-EHPA] Warning: EnvHttpProxyAgent is experimental, expect them to change at any time.
(Use `node --trace-warnings ...` to show where the warning was created)

> zdj-mits-v3@3.9.8 verify:release
> node scripts/v397-release-identity.mjs

(node:20748) [UNDICI-EHPA] Warning: EnvHttpProxyAgent is experimental, expect them to change at any time.
(Use `node --trace-warnings ...` to show where the warning was created)
{"gate":"V398_RELEASE_IDENTITY_PASS","version":"3.9.8","packages":5,"lock":true,"api":"V3.9.7"}
(node:5076) [UNDICI-EHPA] Warning: EnvHttpProxyAgent is experimental, expect them to change at any time.
(Use `node --trace-warnings ...` to show where the warning was created)
(node:26016) [UNDICI-EHPA] Warning: EnvHttpProxyAgent is experimental, expect them to change at any time.
(Use `node --trace-warnings ...` to show where the warning was created)

> zdj-mits-v3@3.9.8 verify:s00
> node scripts/v396-s00-static-check.mjs --review=docs/reports/v398-trade-record-integrity-20261009/s00/entrypoint-review.json --current-identity=docs/reports/v398-trade-record-integrity-20261009/s00/current-identity.json --historical-lock=docs/reports/v398-trade-record-integrity-20261009/s00/historical-package-lock.json

(node:8888) [UNDICI-EHPA] Warning: EnvHttpProxyAgent is experimental, expect them to change at any time.
(Use `node --trace-warnings ...` to show where the warning was created)
{
  "stage": "S00",
  "tests": {
    "S00_T01": "PASS",
    "S00_T02": "PASS",
    "S00_T03": "PASS",
    "S00_T04": "PASS",
    "S00_T05": "PASS",
    "S00_T06": "PASS"
  },
  "fixtureHash": "295c949a0cf5b2c7c06db81db91e42fd6fd4437fe5a2f23143c09ac4a7fbab21",
  "network": "NOT_USED",
  "exchangeWrites": 0,
  "engineLifecycle": "NOT_USED",
  "settingsModified": false,
  "verifierScope": "STATIC_READS_AND_OS_TEMP_ONLY",
  "entrypointReviewCount": 195,
  "entrypointStatusCounts": {
    "FORBIDDEN_OR_NOT_RUN": 174,
    "CONDITIONAL_NOT_RUN": 20,
    "ALLOWED_STATIC": 1
  },
  "engineTestIsolation": {
    "testFiles": 218,
    "openingAStore": 21,
    "everyStoreOpeningTestIsolated": true,
    "repositoryDataDirReferences": 0,
    "productionPortReferences": 0
  },
  "blockers": []
}
(node:26392) [UNDICI-EHPA] Warning: EnvHttpProxyAgent is experimental, expect them to change at any time.
(Use `node --trace-warnings ...` to show where the warning was created)
(node:21972) [UNDICI-EHPA] Warning: EnvHttpProxyAgent is experimental, expect them to change at any time.
(Use `node --trace-warnings ...` to show where the warning was created)

> zdj-mits-v3@3.9.8 typecheck
> npm run typecheck -ws --if-present

(node:25192) [UNDICI-EHPA] Warning: EnvHttpProxyAgent is experimental, expect them to change at any time.
(Use `node --trace-warnings ...` to show where the warning was created)
(node:13112) [UNDICI-EHPA] Warning: EnvHttpProxyAgent is experimental, expect them to change at any time.
(Use `node --trace-warnings ...` to show where the warning was created)

> @zdj/contracts@3.9.8 typecheck
> tsc -p tsconfig.json --noEmit


> @zdj/core@3.9.8 typecheck
> tsc -p tsconfig.json --noEmit


> @zdj/dashboard@3.9.8 typecheck
> vue-tsc --noEmit


> @zdj/engine@3.9.8 typecheck
> tsc -p tsconfig.json --noEmit

(node:19164) [UNDICI-EHPA] Warning: EnvHttpProxyAgent is experimental, expect them to change at any time.
(Use `node --trace-warnings ...` to show where the warning was created)
(node:25568) [UNDICI-EHPA] Warning: EnvHttpProxyAgent is experimental, expect them to change at any time.
(Use `node --trace-warnings ...` to show where the warning was created)

> zdj-mits-v3@3.9.8 build
> npm run build -ws --if-present

(node:25132) [UNDICI-EHPA] Warning: EnvHttpProxyAgent is experimental, expect them to change at any time.
(Use `node --trace-warnings ...` to show where the warning was created)
(node:22568) [UNDICI-EHPA] Warning: EnvHttpProxyAgent is experimental, expect them to change at any time.
(Use `node --trace-warnings ...` to show where the warning was created)

> @zdj/contracts@3.9.8 build
> tsc -p tsconfig.json


> @zdj/core@3.9.8 build
> tsc -p tsconfig.json


> @zdj/dashboard@3.9.8 build
> vue-tsc -b && vite build

(node:1924) [UNDICI-EHPA] Warning: EnvHttpProxyAgent is experimental, expect them to change at any time.
(Use `node --trace-warnings ...` to show where the warning was created)
vite v7.3.6 building client environment for production...
transforming...
✓ 1669 modules transformed.
rendering chunks...
computing gzip size...
dist/index.html                                                                0.42 kB │ gzip:  0.30 kB
dist/assets/BrainView-C19KGV8J.css                                             0.41 kB │ gzip:  0.25 kB
dist/assets/SettingsView-DpBJNmpc.css                                          4.20 kB │ gzip:  1.10 kB
dist/assets/index-2bhk4SYA.css                                                42.87 kB │ gzip:  9.82 kB
dist/assets/positionModel-UU3TmqIC.js                                          0.28 kB │ gzip:  0.20 kB
dist/assets/EmptyState.vue_vue_type_script_setup_true_lang-Bt_G2z9A.js         0.30 kB │ gzip:  0.24 kB
dist/assets/format-BTnsUY7D.js                                                 0.37 kB │ gzip:  0.28 kB
dist/assets/Panel.vue_vue_type_script_setup_true_lang-BN2FYpnj.js              0.56 kB │ gzip:  0.34 kB
dist/assets/StatusBadge.vue_vue_type_script_setup_true_lang-8-CWPllg.js        0.58 kB │ gzip:  0.40 kB
dist/assets/MemoryView-D5888BOL.js                                             2.35 kB │ gzip:  1.18 kB
dist/assets/UniverseView-ChEPUvvS.js                                           4.95 kB │ gzip:  2.14 kB
dist/assets/HumanManagedView-B83NQl5f.js                                       6.89 kB │ gzip:  3.09 kB
dist/assets/PositionsView-BVu1nJzx.js                                          7.30 kB │ gzip:  3.15 kB
dist/assets/OrdersView-CX2MzUi-.js                                             7.42 kB │ gzip:  2.74 kB
dist/assets/IntelligenceView-BIA2h32U.js                                       7.89 kB │ gzip:  2.85 kB
dist/assets/OperationsView-DMgCsGL7.js                                         8.24 kB │ gzip:  3.42 kB
dist/assets/TemporalIntelligenceView-Bk3Bpbr_.js                               8.25 kB │ gzip:  3.03 kB
dist/assets/PositionConsole.vue_vue_type_script_setup_true_lang-jvT-B4nr.js   13.21 kB │ gzip:  5.62 kB
dist/assets/BrainView-7F6Ux6yR.js                                             15.17 kB │ gzip:  6.03 kB
dist/assets/TradeRecordsView-vjWf78zS.js                                      19.18 kB │ gzip:  7.08 kB
dist/assets/OverviewView-MMxsQ9M_.js                                          48.52 kB │ gzip: 16.20 kB
dist/assets/SettingsView-tpB26duV.js                                          75.65 kB │ gzip: 22.09 kB
dist/assets/index-Dx1lseKb.js                                                281.86 kB │ gzip: 86.20 kB
✓ built in 3.64s

> @zdj/engine@3.9.8 build
> tsc -p tsconfig.json

(node:23436) [UNDICI-EHPA] Warning: EnvHttpProxyAgent is experimental, expect them to change at any time.
(Use `node --trace-warnings ...` to show where the warning was created)
(node:1552) [UNDICI-EHPA] Warning: EnvHttpProxyAgent is experimental, expect them to change at any time.
(Use `node --trace-warnings ...` to show where the warning was created)

> @zdj/contracts@3.9.8 test
> vitest run --passWithNoTests

(node:6092) [UNDICI-EHPA] Warning: EnvHttpProxyAgent is experimental, expect them to change at any time.
(Use `node --trace-warnings ...` to show where the warning was created)

 RUN  v3.2.7 D:/MITS-WORKTREES/v398-model-capacity-lease/packages/contracts

(node:22640) [UNDICI-EHPA] Warning: EnvHttpProxyAgent is experimental, expect them to change at any time.
(Use `node --trace-warnings ...` to show where the warning was created)
(node:15356) [UNDICI-EHPA] Warning: EnvHttpProxyAgent is experimental, expect them to change at any time.
(Use `node --trace-warnings ...` to show where the warning was created)
(node:8520) [UNDICI-EHPA] Warning: EnvHttpProxyAgent is experimental, expect them to change at any time.
(Use `node --trace-warnings ...` to show where the warning was created)
(node:26392) [UNDICI-EHPA] Warning: EnvHttpProxyAgent is experimental, expect them to change at any time.
(Use `node --trace-warnings ...` to show where the warning was created)
(node:15180) [UNDICI-EHPA] Warning: EnvHttpProxyAgent is experimental, expect them to change at any time.
(Use `node --trace-warnings ...` to show where the warning was created)
(node:9052) [UNDICI-EHPA] Warning: EnvHttpProxyAgent is experimental, expect them to change at any time.
(Use `node --trace-warnings ...` to show where the warning was created)
(node:23332) [UNDICI-EHPA] Warning: EnvHttpProxyAgent is experimental, expect them to change at any time.
(Use `node --trace-warnings ...` to show where the warning was created)
(node:21016) [UNDICI-EHPA] Warning: EnvHttpProxyAgent is experimental, expect them to change at any time.
(Use `node --trace-warnings ...` to show where the warning was created)
(node:23264) [UNDICI-EHPA] Warning: EnvHttpProxyAgent is experimental, expect them to change at any time.
(Use `node --trace-warnings ...` to show where the warning was created)
(node:25132) [UNDICI-EHPA] Warning: EnvHttpProxyAgent is experimental, expect them to change at any time.
(Use `node --trace-warnings ...` to show where the warning was created)
(node:8884) [UNDICI-EHPA] Warning: EnvHttpProxyAgent is experimental, expect them to change at any time.
(Use `node --trace-warnings ...` to show where the warning was created)
(node:23928) [UNDICI-EHPA] Warning: EnvHttpProxyAgent is experimental, expect them to change at any time.
(Use `node --trace-warnings ...` to show where the warning was created)
(node:21368) [UNDICI-EHPA] Warning: EnvHttpProxyAgent is experimental, expect them to change at any time.
(Use `node --trace-warnings ...` to show where the warning was created)
(node:25476) [UNDICI-EHPA] Warning: EnvHttpProxyAgent is experimental, expect them to change at any time.
(Use `node --trace-warnings ...` to show where the warning was created)
(node:17928) [UNDICI-EHPA] Warning: EnvHttpProxyAgent is experimental, expect them to change at any time.
(Use `node --trace-warnings ...` to show where the warning was created)
 ✓ src/entryEconomicMandate.test.ts (2 tests) 7ms

 Test Files  1 passed (1)
      Tests  2 passed (2)
   Start at  10:26:14
   Duration  534ms (transform 70ms, setup 0ms, collect 76ms, tests 7ms, environment 0ms, prepare 128ms)

(node:14568) [UNDICI-EHPA] Warning: EnvHttpProxyAgent is experimental, expect them to change at any time.
(Use `node --trace-warnings ...` to show where the warning was created)
(node:26544) [UNDICI-EHPA] Warning: EnvHttpProxyAgent is experimental, expect them to change at any time.
(Use `node --trace-warnings ...` to show where the warning was created)
(node:1808) [UNDICI-EHPA] Warning: EnvHttpProxyAgent is experimental, expect them to change at any time.
(Use `node --trace-warnings ...` to show where the warning was created)

> @zdj/core@3.9.8 test
> vitest run

(node:26132) [UNDICI-EHPA] Warning: EnvHttpProxyAgent is experimental, expect them to change at any time.
(Use `node --trace-warnings ...` to show where the warning was created)

 RUN  v3.2.7 D:/MITS-WORKTREES/v398-model-capacity-lease/packages/core

(node:16508) [UNDICI-EHPA] Warning: EnvHttpProxyAgent is experimental, expect them to change at any time.
(Use `node --trace-warnings ...` to show where the warning was created)
(node:21816) [UNDICI-EHPA] Warning: EnvHttpProxyAgent is experimental, expect them to change at any time.
(Use `node --trace-warnings ...` to show where the warning was created)
(node:11384) [UNDICI-EHPA] Warning: EnvHttpProxyAgent is experimental, expect them to change at any time.
(Use `node --trace-warnings ...` to show where the warning was created)
(node:25908) [UNDICI-EHPA] Warning: EnvHttpProxyAgent is experimental, expect them to change at any time.
(Use `node --trace-warnings ...` to show where the warning was created)
(node:25732) [UNDICI-EHPA] Warning: EnvHttpProxyAgent is experimental, expect them to change at any time.
(Use `node --trace-warnings ...` to show where the warning was created)
(node:20880) [UNDICI-EHPA] Warning: EnvHttpProxyAgent is experimental, expect them to change at any time.
(Use `node --trace-warnings ...` to show where the warning was created)
(node:16872) [UNDICI-EHPA] Warning: EnvHttpProxyAgent is experimental, expect them to change at any time.
(Use `node --trace-warnings ...` to show where the warning was created)
(node:21388) [UNDICI-EHPA] Warning: EnvHttpProxyAgent is experimental, expect them to change at any time.
(Use `node --trace-warnings ...` to show where the warning was created)
(node:24452) [UNDICI-EHPA] Warning: EnvHttpProxyAgent is experimental, expect them to change at any time.
(Use `node --trace-warnings ...` to show where the warning was created)
(node:4776) [UNDICI-EHPA] Warning: EnvHttpProxyAgent is experimental, expect them to change at any time.
(Use `node --trace-warnings ...` to show where the warning was created)
(node:24896) [UNDICI-EHPA] Warning: EnvHttpProxyAgent is experimental, expect them to change at any time.
(Use `node --trace-warnings ...` to show where the warning was created)
(node:15208) [UNDICI-EHPA] Warning: EnvHttpProxyAgent is experimental, expect them to change at any time.
(Use `node --trace-warnings ...` to show where the warning was created)
(node:15376) [UNDICI-EHPA] Warning: EnvHttpProxyAgent is experimental, expect them to change at any time.
(Use `node --trace-warnings ...` to show where the warning was created)
(node:22976) [UNDICI-EHPA] Warning: EnvHttpProxyAgent is experimental, expect them to change at any time.
(Use `node --trace-warnings ...` to show where the warning was created)
(node:23104) [UNDICI-EHPA] Warning: EnvHttpProxyAgent is experimental, expect them to change at any time.
(Use `node --trace-warnings ...` to show where the warning was created)
 ✓ src/compactEntryBudget.test.ts (2 tests) 8ms
 ✓ src/tradingCost.test.ts (4 tests) 5ms
 ✓ src/tpStructure.test.ts (3 tests) 6ms
 ✓ src/selection.test.ts (9 tests) 18ms
 ✓ src/makerPricing.test.ts (5 tests) 110ms
(node:25568) [UNDICI-EHPA] Warning: EnvHttpProxyAgent is experimental, expect them to change at any time.
(Use `node --trace-warnings ...` to show where the warning was created)
(node:23396) [UNDICI-EHPA] Warning: EnvHttpProxyAgent is experimental, expect them to change at any time.
(Use `node --trace-warnings ...` to show where the warning was created)
(node:24644) [UNDICI-EHPA] Warning: EnvHttpProxyAgent is experimental, expect them to change at any time.
(Use `node --trace-warnings ...` to show where the warning was created)
(node:11824) [UNDICI-EHPA] Warning: EnvHttpProxyAgent is experimental, expect them to change at any time.
(Use `node --trace-warnings ...` to show where the warning was created)
(node:26492) [UNDICI-EHPA] Warning: EnvHttpProxyAgent is experimental, expect them to change at any time.
(Use `node --trace-warnings ...` to show where the warning was created)
 ✓ src/assetAdmission.test.ts (3 tests) 4ms
 ✓ src/pool.test.ts (12 tests) 12ms
 ✓ src/portfolio.test.ts (16 tests) 18ms
 ✓ src/capitalAdmission.test.ts (8 tests) 13ms

 Test Files  9 passed (9)
      Tests  62 passed (62)
   Start at  10:26:16
   Duration  991ms (transform 710ms, setup 0ms, collect 2.39s, tests 193ms, environment 3ms, prepare 1.86s)

(node:21800) [UNDICI-EHPA] Warning: EnvHttpProxyAgent is experimental, expect them to change at any time.
(Use `node --trace-warnings ...` to show where the warning was created)
(node:14328) [UNDICI-EHPA] Warning: EnvHttpProxyAgent is experimental, expect them to change at any time.
(Use `node --trace-warnings ...` to show where the warning was created)
(node:6848) [UNDICI-EHPA] Warning: EnvHttpProxyAgent is experimental, expect them to change at any time.
(Use `node --trace-warnings ...` to show where the warning was created)
(node:25448) [UNDICI-EHPA] Warning: EnvHttpProxyAgent is experimental, expect them to change at any time.
(Use `node --trace-warnings ...` to show where the warning was created)
(node:13544) [UNDICI-EHPA] Warning: EnvHttpProxyAgent is experimental, expect them to change at any time.
(Use `node --trace-warnings ...` to show where the warning was created)
(node:18136) [UNDICI-EHPA] Warning: EnvHttpProxyAgent is experimental, expect them to change at any time.
(Use `node --trace-warnings ...` to show where the warning was created)

> @zdj/dashboard@3.9.8 test
> vitest run

(node:17620) [UNDICI-EHPA] Warning: EnvHttpProxyAgent is experimental, expect them to change at any time.
(Use `node --trace-warnings ...` to show where the warning was created)

 RUN  v3.2.7 D:/MITS-WORKTREES/v398-model-capacity-lease/apps/dashboard

(node:23948) [UNDICI-EHPA] Warning: EnvHttpProxyAgent is experimental, expect them to change at any time.
(Use `node --trace-warnings ...` to show where the warning was created)
(node:3756) [UNDICI-EHPA] Warning: EnvHttpProxyAgent is experimental, expect them to change at any time.
(Use `node --trace-warnings ...` to show where the warning was created)
(node:13132) [UNDICI-EHPA] Warning: EnvHttpProxyAgent is experimental, expect them to change at any time.
(Use `node --trace-warnings ...` to show where the warning was created)
(node:24124) [UNDICI-EHPA] Warning: EnvHttpProxyAgent is experimental, expect them to change at any time.
(Use `node --trace-warnings ...` to show where the warning was created)
 ✓ src/views/BrainView.auditDrawer.test.ts (6 tests) 225ms
(node:19800) [UNDICI-EHPA] Warning: EnvHttpProxyAgent is experimental, expect them to change at any time.
(Use `node --trace-warnings ...` to show where the warning was created)
 ✓ src/views/SettingsView.exposure.test.ts (7 tests) 256ms
(node:26092) [UNDICI-EHPA] Warning: EnvHttpProxyAgent is experimental, expect them to change at any time.
(Use `node --trace-warnings ...` to show where the warning was created)
 ✓ src/views/OverviewView.executionTruth.test.ts (14 tests) 458ms
 ✓ src/views/OverviewView.capacity.test.ts (21 tests) 637ms
(node:25748) [UNDICI-EHPA] Warning: EnvHttpProxyAgent is experimental, expect them to change at any time.
(Use `node --trace-warnings ...` to show where the warning was created)
(node:16520) [UNDICI-EHPA] Warning: EnvHttpProxyAgent is experimental, expect them to change at any time.
(Use `node --trace-warnings ...` to show where the warning was created)
 ✓ src/views/OverviewView.conversion.test.ts (6 tests) 252ms
(node:25576) [UNDICI-EHPA] Warning: EnvHttpProxyAgent is experimental, expect them to change at any time.
(Use `node --trace-warnings ...` to show where the warning was created)
 ✓ src/views/SettingsView.resources.test.ts (3 tests) 216ms
(node:24268) [UNDICI-EHPA] Warning: EnvHttpProxyAgent is experimental, expect them to change at any time.
(Use `node --trace-warnings ...` to show where the warning was created)
 ✓ src/views/HumanManagedView.holding.test.ts (4 tests) 147ms
 ✓ src/views/PositionsView.holding.test.ts (5 tests) 200ms
(node:23924) [UNDICI-EHPA] Warning: EnvHttpProxyAgent is experimental, expect them to change at any time.
(Use `node --trace-warnings ...` to show where the warning was created)
(node:23692) [UNDICI-EHPA] Warning: EnvHttpProxyAgent is experimental, expect them to change at any time.
(Use `node --trace-warnings ...` to show where the warning was created)
 ✓ src/views/BrainView.execution.test.ts (3 tests) 167ms
(node:22816) [UNDICI-EHPA] Warning: EnvHttpProxyAgent is experimental, expect them to change at any time.
(Use `node --trace-warnings ...` to show where the warning was created)
 ✓ src/components/PositionConsole.holding.test.ts (5 tests) 165ms
 ✓ src/views/OverviewView.test.ts (1 test) 101ms
(node:26488) [UNDICI-EHPA] Warning: EnvHttpProxyAgent is experimental, expect them to change at any time.
(Use `node --trace-warnings ...` to show where the warning was created)
(node:25316) [UNDICI-EHPA] Warning: EnvHttpProxyAgent is experimental, expect them to change at any time.
(Use `node --trace-warnings ...` to show where the warning was created)
 ✓ src/layouts/AppShell.incidents.test.ts (2 tests) 135ms
(node:21112) [UNDICI-EHPA] Warning: EnvHttpProxyAgent is experimental, expect them to change at any time.
(Use `node --trace-warnings ...` to show where the warning was created)
 ✓ src/utils/holdingDuration.test.ts (15 tests) 29ms
(node:17984) [UNDICI-EHPA] Warning: EnvHttpProxyAgent is experimental, expect them to change at any time.
(Use `node --trace-warnings ...` to show where the warning was created)
 ✓ src/governancePanel.test.ts (8 tests) 8ms
 ✓ src/testing/dashboardSnapshotFixture.test.ts (3 tests) 23ms
(node:22564) [UNDICI-EHPA] Warning: EnvHttpProxyAgent is experimental, expect them to change at any time.
(Use `node --trace-warnings ...` to show where the warning was created)
(node:26260) [UNDICI-EHPA] Warning: EnvHttpProxyAgent is experimental, expect them to change at any time.
(Use `node --trace-warnings ...` to show where the warning was created)
 ✓ src/blacklistInput.test.ts (2 tests) 6ms
 ✓ src/positionModel.test.ts (4 tests) 4ms
(node:9548) [UNDICI-EHPA] Warning: EnvHttpProxyAgent is experimental, expect them to change at any time.
(Use `node --trace-warnings ...` to show where the warning was created)
 ✓ src/views/TradeRecordsView.integrity.test.ts (1 test) 94ms
(node:3320) [UNDICI-EHPA] Warning: EnvHttpProxyAgent is experimental, expect them to change at any time.
(Use `node --trace-warnings ...` to show where the warning was created)
(node:1872) [UNDICI-EHPA] Warning: EnvHttpProxyAgent is experimental, expect them to change at any time.
(Use `node --trace-warnings ...` to show where the warning was created)
 ✓ src/utils/useNow.test.ts (1 test) 23ms
(node:23064) [UNDICI-EHPA] Warning: EnvHttpProxyAgent is experimental, expect them to change at any time.
(Use `node --trace-warnings ...` to show where the warning was created)
 ✓ src/navigation.test.ts (2 tests) 5ms
 ✓ src/candidateBlacklistDto.test.ts (2 tests) 4ms
 ✓ src/views/tradeClosePresentation.test.ts (6 tests) 4ms
(node:9984) [UNDICI-EHPA] Warning: EnvHttpProxyAgent is experimental, expect them to change at any time.
(Use `node --trace-warnings ...` to show where the warning was created)
(node:10424) [UNDICI-EHPA] Warning: EnvHttpProxyAgent is experimental, expect them to change at any time.
(Use `node --trace-warnings ...` to show where the warning was created)
(node:15128) [UNDICI-EHPA] Warning: EnvHttpProxyAgent is experimental, expect them to change at any time.
(Use `node --trace-warnings ...` to show where the warning was created)
 ✓ src/tradingParameterProfiles.test.ts (2 tests) 5ms
 ✓ src/requestId.test.ts (3 tests) 3ms
(node:10284) [UNDICI-EHPA] Warning: EnvHttpProxyAgent is experimental, expect them to change at any time.
(Use `node --trace-warnings ...` to show where the warning was created)
 ✓ src/stores/system.test.ts (1 test) 3ms

 Test Files  25 passed (25)
      Tests  127 passed (127)
   Start at  10:26:18
   Duration  7.45s (transform 2.00s, setup 0ms, collect 6.47s, tests 3.17s, environment 12.12s, prepare 2.86s)

(node:8072) [UNDICI-EHPA] Warning: EnvHttpProxyAgent is experimental, expect them to change at any time.
(Use `node --trace-warnings ...` to show where the warning was created)
(node:23988) [UNDICI-EHPA] Warning: EnvHttpProxyAgent is experimental, expect them to change at any time.
(Use `node --trace-warnings ...` to show where the warning was created)
(node:12900) [UNDICI-EHPA] Warning: EnvHttpProxyAgent is experimental, expect them to change at any time.
(Use `node --trace-warnings ...` to show where the warning was created)
(node:23960) [UNDICI-EHPA] Warning: EnvHttpProxyAgent is experimental, expect them to change at any time.
(Use `node --trace-warnings ...` to show where the warning was created)

> @zdj/engine@3.9.8 test:ci
> vitest run --pool=forks --maxWorkers=1 --shard=1/4 && vitest run --pool=forks --maxWorkers=1 --shard=2/4 && vitest run --pool=forks --maxWorkers=1 --shard=3/4 && vitest run --pool=forks --maxWorkers=1 --shard=4/4

(node:16756) [UNDICI-EHPA] Warning: EnvHttpProxyAgent is experimental, expect them to change at any time.
(Use `node --trace-warnings ...` to show where the warning was created)
VITEST_TEST_TIMEOUT=5000 CI=

 RUN  v3.2.7 D:/MITS-WORKTREES/v398-model-capacity-lease/apps/engine

(node:16972) [UNDICI-EHPA] Warning: EnvHttpProxyAgent is experimental, expect them to change at any time.
(Use `node --trace-warnings ...` to show where the warning was created)
(node:16972) ExperimentalWarning: SQLite is an experimental feature and might change at any time
(node:16972) [UNDICI-EHPA] Warning: EnvHttpProxyAgent is experimental, expect them to change at any time.
(Use `node --trace-warnings ...` to show where the warning was created)
(node:16972) [UNDICI-EHPA] Warning: EnvHttpProxyAgent is experimental, expect them to change at any time.
(Use `node --trace-warnings ...` to show where the warning was created)
(node:16972) [UNDICI-EHPA] Warning: EnvHttpProxyAgent is experimental, expect them to change at any time.
(Use `node --trace-warnings ...` to show where the warning was created)
(node:16972) [UNDICI-EHPA] Warning: EnvHttpProxyAgent is experimental, expect them to change at any time.
(Use `node --trace-warnings ...` to show where the warning was created)
(node:16972) [UNDICI-EHPA] Warning: EnvHttpProxyAgent is experimental, expect them to change at any time.
(Use `node --trace-warnings ...` to show where the warning was created)
(node:16972) [UNDICI-EHPA] Warning: EnvHttpProxyAgent is experimental, expect them to change at any time.
(Use `node --trace-warnings ...` to show where the warning was created)
(node:16972) [UNDICI-EHPA] Warning: EnvHttpProxyAgent is experimental, expect them to change at any time.
(Use `node --trace-warnings ...` to show where the warning was created)
(node:16972) [UNDICI-EHPA] Warning: EnvHttpProxyAgent is experimental, expect them to change at any time.
(Use `node --trace-warnings ...` to show where the warning was created)
(node:16972) [UNDICI-EHPA] Warning: EnvHttpProxyAgent is experimental, expect them to change at any time.
(Use `node --trace-warnings ...` to show where the warning was created)
(node:16972) [UNDICI-EHPA] Warning: EnvHttpProxyAgent is experimental, expect them to change at any time.
(Use `node --trace-warnings ...` to show where the warning was created)
(node:16972) [UNDICI-EHPA] Warning: EnvHttpProxyAgent is experimental, expect them to change at any time.
(Use `node --trace-warnings ...` to show where the warning was created)
(node:16972) [UNDICI-EHPA] Warning: EnvHttpProxyAgent is experimental, expect them to change at any time.
(Use `node --trace-warnings ...` to show where the warning was created)
 ✓ src/services/aiFabric.test.ts (14 tests) 3396ms
   ✓ Primary decision fail-closed normalization > normalizes a reject without inventing an executable side  344ms
   ✓ Primary decision fail-closed normalization > does not manufacture a missing executable price range  308ms
(node:25224) [UNDICI-EHPA] Warning: EnvHttpProxyAgent is experimental, expect them to change at any time.
(Use `node --trace-warnings ...` to show where the warning was created)
(node:25224) ExperimentalWarning: SQLite is an experimental feature and might change at any time
(node:25224) [UNDICI-EHPA] Warning: EnvHttpProxyAgent is experimental, expect them to change at any time.
(Use `node --trace-warnings ...` to show where the warning was created)
(node:25224) [UNDICI-EHPA] Warning: EnvHttpProxyAgent is experimental, expect them to change at any time.
(Use `node --trace-warnings ...` to show where the warning was created)
(node:25224) [UNDICI-EHPA] Warning: EnvHttpProxyAgent is experimental, expect them to change at any time.
(Use `node --trace-warnings ...` to show where the warning was created)
(node:25224) [UNDICI-EHPA] Warning: EnvHttpProxyAgent is experimental, expect them to change at any time.
(Use `node --trace-warnings ...` to show where the warning was created)
(node:25224) [UNDICI-EHPA] Warning: EnvHttpProxyAgent is experimental, expect them to change at any time.
(Use `node --trace-warnings ...` to show where the warning was created)
(node:25224) [UNDICI-EHPA] Warning: EnvHttpProxyAgent is experimental, expect them to change at any time.
(Use `node --trace-warnings ...` to show where the warning was created)
 ✓ src/api/snapshotReadOnly.test.ts (6 tests) 2452ms
   ✓ TradeRecord GET list/detail and Experience perform zero SQLite writes and zero state mutation  488ms
   ✓ published dashboard snapshot > serves a bounded immutable summary without reconciliation waits or SQLite writes  408ms
   ✓ position detail and stale manual preview perform zero market REST reads  371ms
   ✓ reconciliation telemetry still persists execution facts  438ms
   ✓ pipeline HTTP preserves the installed admission readback and scoped reconciliation without writes after the initial authority diagnostic  361ms
   ✓ ALL history API preserves incomplete origins with side/status filters and pagination without writes  385ms
(node:23376) [UNDICI-EHPA] Warning: EnvHttpProxyAgent is experimental, expect them to change at any time.
(Use `node --trace-warnings ...` to show where the warning was created)
(node:23376) ExperimentalWarning: SQLite is an experimental feature and might change at any time
(node:23376) [UNDICI-EHPA] Warning: EnvHttpProxyAgent is experimental, expect them to change at any time.
(Use `node --trace-warnings ...` to show where the warning was created)
(node:23376) [UNDICI-EHPA] Warning: EnvHttpProxyAgent is experimental, expect them to change at any time.
(Use `node --trace-warnings ...` to show where the warning was created)
(node:23376) [UNDICI-EHPA] Warning: EnvHttpProxyAgent is experimental, expect them to change at any time.
(Use `node --trace-warnings ...` to show where the warning was created)
(node:23376) [UNDICI-EHPA] Warning: EnvHttpProxyAgent is experimental, expect them to change at any time.
(Use `node --trace-warnings ...` to show where the warning was created)
(node:23376) [UNDICI-EHPA] Warning: EnvHttpProxyAgent is experimental, expect them to change at any time.
(Use `node --trace-warnings ...` to show where the warning was created)
(node:23376) [UNDICI-EHPA] Warning: EnvHttpProxyAgent is experimental, expect them to change at any time.
(Use `node --trace-warnings ...` to show where the warning was created)
 ✓ src/runtime/appRuntime.test.ts (8 tests) 2164ms
   ✓ mock V3 runtime > retains an in-flight cohort hydrate through the real runtime sync, then admits its snapshot  348ms
   ✓ mock V3 runtime > loads every missing position market before a serialized reconciliation pass  363ms
   ✓ does not publish into the closed database from queued UI snapshots  838ms
   ✓ starts private synchronization before a delayed bounded cohort bootstrap  368ms
(node:25148) [UNDICI-EHPA] Warning: EnvHttpProxyAgent is experimental, expect them to change at any time.
(Use `node --trace-warnings ...` to show where the warning was created)
(node:25148) ExperimentalWarning: SQLite is an experimental feature and might change at any time
 ✓ src/services/entrySubmissionIdentity.integration.test.ts (13 tests) 2121ms
(node:24124) [UNDICI-EHPA] Warning: EnvHttpProxyAgent is experimental, expect them to change at any time.
(Use `node --trace-warnings ...` to show where the warning was created)
(node:24124) ExperimentalWarning: SQLite is an experimental feature and might change at any time
 ✓ src/services/executionLifecycle.integration.test.ts (17 tests) 1876ms
(node:24952) [UNDICI-EHPA] Warning: EnvHttpProxyAgent is experimental, expect them to change at any time.
(Use `node --trace-warnings ...` to show where the warning was created)
(node:24952) ExperimentalWarning: SQLite is an experimental feature and might change at any time
 ✓ src/services/s04ExitCoordination.test.ts (11 tests) 1089ms
(node:25784) [UNDICI-EHPA] Warning: EnvHttpProxyAgent is experimental, expect them to change at any time.
(Use `node --trace-warnings ...` to show where the warning was created)
(node:25784) ExperimentalWarning: SQLite is an experimental feature and might change at any time
 ✓ src/services/unknownProofHydration.test.ts (13 tests) 929ms
(node:19380) [UNDICI-EHPA] Warning: EnvHttpProxyAgent is experimental, expect them to change at any time.
(Use `node --trace-warnings ...` to show where the warning was created)
(node:19380) ExperimentalWarning: SQLite is an experimental feature and might change at any time
 ✓ src/services/j5SettingsGovernanceHostile.test.ts (24 tests) 554ms
(node:8748) [UNDICI-EHPA] Warning: EnvHttpProxyAgent is experimental, expect them to change at any time.
(Use `node --trace-warnings ...` to show where the warning was created)
 ✓ src/services/primaryCadenceDispatch.test.ts (6 tests) 338ms
(node:22964) [UNDICI-EHPA] Warning: EnvHttpProxyAgent is experimental, expect them to change at any time.
(Use `node --trace-warnings ...` to show where the warning was created)
(node:22964) ExperimentalWarning: SQLite is an experimental feature and might change at any time
(node:22964) [UNDICI-EHPA] Warning: EnvHttpProxyAgent is experimental, expect them to change at any time.
(Use `node --trace-warnings ...` to show where the warning was created)
 ✓ src/services/j1AiExitConsumer.test.ts (13 tests) 334ms
(node:25940) [UNDICI-EHPA] Warning: EnvHttpProxyAgent is experimental, expect them to change at any time.
(Use `node --trace-warnings ...` to show where the warning was created)
(node:25940) ExperimentalWarning: SQLite is an experimental feature and might change at any time
(node:25940) [UNDICI-EHPA] Warning: EnvHttpProxyAgent is experimental, expect them to change at any time.
(Use `node --trace-warnings ...` to show where the warning was created)
 ✓ src/runtime/riskPauseOverride.test.ts (1 test) 293ms
(node:26232) [UNDICI-EHPA] Warning: EnvHttpProxyAgent is experimental, expect them to change at any time.
(Use `node --trace-warnings ...` to show where the warning was created)
 ✓ src/services/s05ConsumerBoundary.test.ts (4 tests) 260ms
(node:26600) [UNDICI-EHPA] Warning: EnvHttpProxyAgent is experimental, expect them to change at any time.
(Use `node --trace-warnings ...` to show where the warning was created)
(node:26600) ExperimentalWarning: SQLite is an experimental feature and might change at any time
 ✓ src/state/reservationConvergence.test.ts (13 tests) 269ms
(node:23004) [UNDICI-EHPA] Warning: EnvHttpProxyAgent is experimental, expect them to change at any time.
(Use `node --trace-warnings ...` to show where the warning was created)
 ✓ src/services/preAiPlanFeasibility.test.ts (9 tests) 216ms
(node:18624) [UNDICI-EHPA] Warning: EnvHttpProxyAgent is experimental, expect them to change at any time.
(Use `node --trace-warnings ...` to show where the warning was created)
 ✓ src/api/runtimeSettingsResources.test.ts (18 tests) 242ms
(node:3124) [UNDICI-EHPA] Warning: EnvHttpProxyAgent is experimental, expect them to change at any time.
(Use `node --trace-warnings ...` to show where the warning was created)
(node:3124) ExperimentalWarning: SQLite is an experimental feature and might change at any time
 ✓ src/services/ownershipRuntime.test.ts (5 tests) 231ms
(node:6092) [UNDICI-EHPA] Warning: EnvHttpProxyAgent is experimental, expect them to change at any time.
(Use `node --trace-warnings ...` to show where the warning was created)
(node:6092) ExperimentalWarning: SQLite is an experimental feature and might change at any time
 ✓ src/services/testnetRiskAuthority.test.ts (34 tests) 227ms
(node:13396) [UNDICI-EHPA] Warning: EnvHttpProxyAgent is experimental, expect them to change at any time.
(Use `node --trace-warnings ...` to show where the warning was created)
(node:13396) ExperimentalWarning: SQLite is an experimental feature and might change at any time
 ✓ src/services/manualPositionService.test.ts (21 tests) 178ms
(node:25396) [UNDICI-EHPA] Warning: EnvHttpProxyAgent is experimental, expect them to change at any time.
(Use `node --trace-warnings ...` to show where the warning was created)
 ✓ src/services/grossRiskCapacityVisibility.test.ts (16 tests) 166ms
(node:13884) [UNDICI-EHPA] Warning: EnvHttpProxyAgent is experimental, expect them to change at any time.
(Use `node --trace-warnings ...` to show where the warning was created)
 ✓ src/adapters/binance/requestBudget.test.ts (26 tests) 85ms
(node:24220) [UNDICI-EHPA] Warning: EnvHttpProxyAgent is experimental, expect them to change at any time.
(Use `node --trace-warnings ...` to show where the warning was created)
(node:24220) ExperimentalWarning: SQLite is an experimental feature and might change at any time
 ✓ src/services/tpGuardianCrossedTruth.test.ts (11 tests) 61ms
(node:13780) [UNDICI-EHPA] Warning: EnvHttpProxyAgent is experimental, expect them to change at any time.
(Use `node --trace-warnings ...` to show where the warning was created)
 ✓ src/services/positionCycleLotAccounting.test.ts (29 tests) 44ms
(node:23348) [UNDICI-EHPA] Warning: EnvHttpProxyAgent is experimental, expect them to change at any time.
(Use `node --trace-warnings ...` to show where the warning was created)
(node:23348) ExperimentalWarning: SQLite is an experimental feature and might change at any time
 ✓ src/services/tpSubmissionOutcome.test.ts (10 tests) 47ms
(node:19616) [UNDICI-EHPA] Warning: EnvHttpProxyAgent is experimental, expect them to change at any time.
(Use `node --trace-warnings ...` to show where the warning was created)
(node:19616) ExperimentalWarning: SQLite is an experimental feature and might change at any time
 ✓ src/services/j1ExitTruthHostile.test.ts (10 tests) 43ms
(node:9768) [UNDICI-EHPA] Warning: EnvHttpProxyAgent is experimental, expect them to change at any time.
(Use `node --trace-warnings ...` to show where the warning was created)
 ✓ src/services/reconciliationService.test.ts (21 tests) 40ms
(node:25116) [UNDICI-EHPA] Warning: EnvHttpProxyAgent is experimental, expect them to change at any time.
(Use `node --trace-warnings ...` to show where the warning was created)
 ✓ src/services/cycleAccounting.test.ts (16 tests) 36ms
(node:12252) [UNDICI-EHPA] Warning: EnvHttpProxyAgent is experimental, expect them to change at any time.
(Use `node --trace-warnings ...` to show where the warning was created)
 ✓ src/services/capitalCapacityModel.test.ts (12 tests) 30ms
(node:14320) [UNDICI-EHPA] Warning: EnvHttpProxyAgent is experimental, expect them to change at any time.
(Use `node --trace-warnings ...` to show where the warning was created)
 ✓ src/services/entryLeverageFacts.test.ts (10 tests) 33ms
(node:24772) [UNDICI-EHPA] Warning: EnvHttpProxyAgent is experimental, expect them to change at any time.
(Use `node --trace-warnings ...` to show where the warning was created)
(node:24772) ExperimentalWarning: SQLite is an experimental feature and might change at any time
 ✓ src/config/noAddOriginLedger.test.ts (2 tests) 34ms
(node:26136) [UNDICI-EHPA] Warning: EnvHttpProxyAgent is experimental, expect them to change at any time.
(Use `node --trace-warnings ...` to show where the warning was created)
 ✓ src/services/reconciliationCoverageContract.test.ts (6 tests) 28ms
(node:19380) [UNDICI-EHPA] Warning: EnvHttpProxyAgent is experimental, expect them to change at any time.
(Use `node --trace-warnings ...` to show where the warning was created)
 ✓ src/services/v398RiskQuantityBounds.test.ts (5 tests) 28ms
(node:25012) [UNDICI-EHPA] Warning: EnvHttpProxyAgent is experimental, expect them to change at any time.
(Use `node --trace-warnings ...` to show where the warning was created)
 ✓ src/services/positionRiskV3Facts.test.ts (17 tests) 24ms
(node:15488) [UNDICI-EHPA] Warning: EnvHttpProxyAgent is experimental, expect them to change at any time.
(Use `node --trace-warnings ...` to show where the warning was created)
 ✓ src/services/pendingRiskOccupancyConvergence.test.ts (11 tests) 25ms
(node:20180) [UNDICI-EHPA] Warning: EnvHttpProxyAgent is experimental, expect them to change at any time.
(Use `node --trace-warnings ...` to show where the warning was created)
 ✓ src/services/tradingLoopRepair.test.ts (24 tests) 21ms
(node:23952) [UNDICI-EHPA] Warning: EnvHttpProxyAgent is experimental, expect them to change at any time.
(Use `node --trace-warnings ...` to show where the warning was created)
 ✓ src/services/entryFundingUniverse.test.ts (11 tests) 19ms
(node:26588) [UNDICI-EHPA] Warning: EnvHttpProxyAgent is experimental, expect them to change at any time.
(Use `node --trace-warnings ...` to show where the warning was created)
 ✓ src/services/liveValidationObservation.test.ts (2 tests) 19ms
(node:11820) [UNDICI-EHPA] Warning: EnvHttpProxyAgent is experimental, expect them to change at any time.
(Use `node --trace-warnings ...` to show where the warning was created)
 ✓ src/services/executableRiskHeadroom.test.ts (6 tests) 12ms
(node:25932) [UNDICI-EHPA] Warning: EnvHttpProxyAgent is experimental, expect them to change at any time.
(Use `node --trace-warnings ...` to show where the warning was created)
 ✓ src/services/externalIntelligenceService.test.ts (5 tests) 14ms
(node:1872) [UNDICI-EHPA] Warning: EnvHttpProxyAgent is experimental, expect them to change at any time.
(Use `node --trace-warnings ...` to show where the warning was created)
 ✓ src/services/v396AuditFollowup.test.ts (8 tests) 15ms
(node:2428) [UNDICI-EHPA] Warning: EnvHttpProxyAgent is experimental, expect them to change at any time.
(Use `node --trace-warnings ...` to show where the warning was created)
 ✓ src/services/operationalIncidents.test.ts (20 tests) 15ms
(node:23360) [UNDICI-EHPA] Warning: EnvHttpProxyAgent is experimental, expect them to change at any time.
(Use `node --trace-warnings ...` to show where the warning was created)
 ✓ src/services/entryCapacityTrace.test.ts (12 tests) 8ms
(node:14372) [UNDICI-EHPA] Warning: EnvHttpProxyAgent is experimental, expect them to change at any time.
(Use `node --trace-warnings ...` to show where the warning was created)
 ✓ src/services/marketDataHubSlowFields.test.ts (4 tests) 12ms
(node:24352) [UNDICI-EHPA] Warning: EnvHttpProxyAgent is experimental, expect them to change at any time.
(Use `node --trace-warnings ...` to show where the warning was created)
 ✓ src/services/pipelineVerdict.test.ts (14 tests) 10ms
(node:16284) [UNDICI-EHPA] Warning: EnvHttpProxyAgent is experimental, expect them to change at any time.
(Use `node --trace-warnings ...` to show where the warning was created)
 ✓ src/services/nearMarketPrice.test.ts (4 tests) 7ms
(node:13624) [UNDICI-EHPA] Warning: EnvHttpProxyAgent is experimental, expect them to change at any time.
(Use `node --trace-warnings ...` to show where the warning was created)
 ✓ src/config/aiResourceLoader.test.ts (1 test) 9ms
(node:17052) [UNDICI-EHPA] Warning: EnvHttpProxyAgent is experimental, expect them to change at any time.
(Use `node --trace-warnings ...` to show where the warning was created)
 ✓ src/api/executionTruthSplit.test.ts (6 tests) 7ms
(node:25780) [UNDICI-EHPA] Warning: EnvHttpProxyAgent is experimental, expect them to change at any time.
(Use `node --trace-warnings ...` to show where the warning was created)
 ✓ src/services/aiPhysicalResourceScheduler.test.ts (3 tests) 5ms
(node:11444) [UNDICI-EHPA] Warning: EnvHttpProxyAgent is experimental, expect them to change at any time.
(Use `node --trace-warnings ...` to show where the warning was created)
 ✓ src/services/binanceClientOrderIdFactory.test.ts (3 tests) 6ms
(node:6728) [UNDICI-EHPA] Warning: EnvHttpProxyAgent is experimental, expect them to change at any time.
(Use `node --trace-warnings ...` to show where the warning was created)
 ✓ src/services/humanManagedProjection.test.ts (1 test) 4ms
(node:14340) [UNDICI-EHPA] Warning: EnvHttpProxyAgent is experimental, expect them to change at any time.
(Use `node --trace-warnings ...` to show where the warning was created)
 ✓ src/services/reconciliationOpenOrdersProjection.test.ts (2 tests) 5ms
(node:17532) [UNDICI-EHPA] Warning: EnvHttpProxyAgent is experimental, expect them to change at any time.
(Use `node --trace-warnings ...` to show where the warning was created)
 ✓ src/services/accountValuation.test.ts (3 tests) 5ms
(node:23480) [UNDICI-EHPA] Warning: EnvHttpProxyAgent is experimental, expect them to change at any time.
(Use `node --trace-warnings ...` to show where the warning was created)
 ✓ src/adapters/market/BinanceExchangeInfoSingleFlight.test.ts (1 test) 4ms
(node:8748) [UNDICI-EHPA] Warning: EnvHttpProxyAgent is experimental, expect them to change at any time.
(Use `node --trace-warnings ...` to show where the warning was created)
 ✓ src/config/engineTestTimeout.test.ts (1 test) 4ms
(node:26256) [UNDICI-EHPA] Warning: EnvHttpProxyAgent is experimental, expect them to change at any time.
(Use `node --trace-warnings ...` to show where the warning was created)
 ✓ src/services/p0RiskConvergence.test.ts (3 tests) 3ms
(node:11532) [UNDICI-EHPA] Warning: EnvHttpProxyAgent is experimental, expect them to change at any time.
(Use `node --trace-warnings ...` to show where the warning was created)
 ✓ src/services/unsubmittedEntryRecovery.test.ts (2 tests) 4ms

 Test Files  55 passed (55)
      Tests  568 passed (568)
   Start at  10:26:27
   Duration  41.95s (transform 1.87s, setup 0ms, collect 10.71s, tests 18.10s, environment 10ms, prepare 5.01s)

(node:8520) [UNDICI-EHPA] Warning: EnvHttpProxyAgent is experimental, expect them to change at any time.
(Use `node --trace-warnings ...` to show where the warning was created)
(node:15488) [UNDICI-EHPA] Warning: EnvHttpProxyAgent is experimental, expect them to change at any time.
(Use `node --trace-warnings ...` to show where the warning was created)
VITEST_TEST_TIMEOUT=5000 CI=

 RUN  v3.2.7 D:/MITS-WORKTREES/v398-model-capacity-lease/apps/engine

(node:23724) [UNDICI-EHPA] Warning: EnvHttpProxyAgent is experimental, expect them to change at any time.
(Use `node --trace-warnings ...` to show where the warning was created)
(node:23724) ExperimentalWarning: SQLite is an experimental feature and might change at any time
 ✓ src/config/settingsStore.test.ts (37 tests) 5682ms
   ✓ SettingsStore > keeps in-range migrated floors untouched and migrates a legacy document exactly once  551ms
   ✓ runs bounded retention, keeps raw running AI and all critical events, and evicts only orphan AI entities  329ms
(node:18336) [UNDICI-EHPA] Warning: EnvHttpProxyAgent is experimental, expect them to change at any time.
(Use `node --trace-warnings ...` to show where the warning was created)
 ✓ src/services/entryExecutionChain.test.ts (6 tests) 3238ms
   ✓ V3.9.6 PLACE -> submit chain closure > EC-04 (T5) an unknown submission is reconciled, never re-sent  3072ms
(node:23140) [UNDICI-EHPA] Warning: EnvHttpProxyAgent is experimental, expect them to change at any time.
(Use `node --trace-warnings ...` to show where the warning was created)
(node:23140) ExperimentalWarning: SQLite is an experimental feature and might change at any time
 ✓ src/state/c2ReservationAtomicityHostile.test.ts (23 tests) 2772ms
(node:14248) [UNDICI-EHPA] Warning: EnvHttpProxyAgent is experimental, expect them to change at any time.
(Use `node --trace-warnings ...` to show where the warning was created)
(node:14248) ExperimentalWarning: SQLite is an experimental feature and might change at any time
 ✓ src/services/j4ReviewMemoryHostile.test.ts (54 tests) 2464ms
(node:23492) [UNDICI-EHPA] Warning: EnvHttpProxyAgent is experimental, expect them to change at any time.
(Use `node --trace-warnings ...` to show where the warning was created)
(node:23492) ExperimentalWarning: SQLite is an experimental feature and might change at any time
 ✓ src/services/executionReadiness.test.ts (19 tests) 1386ms
   ✓ an armed trade intent spends no model on facts it cannot execute > blocks on stale private facts and resumes on the next tick without a restart  312ms
(node:23048) [UNDICI-EHPA] Warning: EnvHttpProxyAgent is experimental, expect them to change at any time.
(Use `node --trace-warnings ...` to show where the warning was created)
(node:23048) ExperimentalWarning: SQLite is an experimental feature and might change at any time
(node:23048) [UNDICI-EHPA] Warning: EnvHttpProxyAgent is experimental, expect them to change at any time.
(Use `node --trace-warnings ...` to show where the warning was created)
(node:23048) [UNDICI-EHPA] Warning: EnvHttpProxyAgent is experimental, expect them to change at any time.
(Use `node --trace-warnings ...` to show where the warning was created)
(node:23048) [UNDICI-EHPA] Warning: EnvHttpProxyAgent is experimental, expect them to change at any time.
(Use `node --trace-warnings ...` to show where the warning was created)
 ✓ src/api/projections.test.ts (4 tests) 920ms
   ✓ dashboard projections > schema-validates one server-side snapshot and redacts audit secrets  408ms
(node:18088) [UNDICI-EHPA] Warning: EnvHttpProxyAgent is experimental, expect them to change at any time.
(Use `node --trace-warnings ...` to show where the warning was created)
(node:18088) ExperimentalWarning: SQLite is an experimental feature and might change at any time
 ✓ src/services/tradingQualityCollectorSummary.test.ts (8 tests) 713ms
   ✓ keeps exact mutable fill evidence across a 30000-event burst and database reopen  398ms
(node:26524) [UNDICI-EHPA] Warning: EnvHttpProxyAgent is experimental, expect them to change at any time.
(Use `node --trace-warnings ...` to show where the warning was created)
 ✓ src/adapters/binance/BinanceTransportConnectionReuse.test.ts (5 tests) 546ms
(node:19424) [UNDICI-EHPA] Warning: EnvHttpProxyAgent is experimental, expect them to change at any time.
(Use `node --trace-warnings ...` to show where the warning was created)
(node:19424) ExperimentalWarning: SQLite is an experimental feature and might change at any time
(node:19424) [UNDICI-EHPA] Warning: EnvHttpProxyAgent is experimental, expect them to change at any time.
(Use `node --trace-warnings ...` to show where the warning was created)
 ✓ src/runtime/v393FrozenEntryRestart.test.ts (1 test) 359ms
   ✓ V3.9.3 frozen Entry authorization restart persistence > preserves AI side, quantityUnits, acceptable range and pre-AI envelope through SQLite and Engine restart  358ms
(node:17736) [UNDICI-EHPA] Warning: EnvHttpProxyAgent is experimental, expect them to change at any time.
(Use `node --trace-warnings ...` to show where the warning was created)
 ✓ src/services/testnetFundsOnlyEntry.test.ts (11 tests) 205ms
(node:24220) [UNDICI-EHPA] Warning: EnvHttpProxyAgent is experimental, expect them to change at any time.
(Use `node --trace-warnings ...` to show where the warning was created)
(node:24220) ExperimentalWarning: SQLite is an experimental feature and might change at any time
 ✓ src/services/j2PortfolioAdmissionHostile.test.ts (15 tests) 169ms
(node:25004) [UNDICI-EHPA] Warning: EnvHttpProxyAgent is experimental, expect them to change at any time.
(Use `node --trace-warnings ...` to show where the warning was created)
(node:25004) ExperimentalWarning: SQLite is an experimental feature and might change at any time
(node:25004) [UNDICI-EHPA] Warning: EnvHttpProxyAgent is experimental, expect them to change at any time.
(Use `node --trace-warnings ...` to show where the warning was created)
(node:25004) ExperimentalWarning: SQLite is an experimental feature and might change at any time
 ✓ src/services/tradingQualityObserverWorker.test.ts (1 test) 158ms
(node:10144) [UNDICI-EHPA] Warning: EnvHttpProxyAgent is experimental, expect them to change at any time.
(Use `node --trace-warnings ...` to show where the warning was created)
 ✓ src/adapters/market/BinanceMarketStream.test.ts (17 tests) 143ms
(node:24340) [UNDICI-EHPA] Warning: EnvHttpProxyAgent is experimental, expect them to change at any time.
(Use `node --trace-warnings ...` to show where the warning was created)
 ✓ src/adapters/market/BinancePublicMarketDataProvider.test.ts (13 tests) 98ms
(node:14448) [UNDICI-EHPA] Warning: EnvHttpProxyAgent is experimental, expect them to change at any time.
(Use `node --trace-warnings ...` to show where the warning was created)
 ✓ src/services/placeToSubmitCapacityTruth.test.ts (23 tests) 82ms
(node:22536) [UNDICI-EHPA] Warning: EnvHttpProxyAgent is experimental, expect them to change at any time.
(Use `node --trace-warnings ...` to show where the warning was created)
(node:22536) ExperimentalWarning: SQLite is an experimental feature and might change at any time
 ✓ src/services/tpGuardianEconomics.test.ts (16 tests) 69ms
(node:25520) [UNDICI-EHPA] Warning: EnvHttpProxyAgent is experimental, expect them to change at any time.
(Use `node --trace-warnings ...` to show where the warning was created)
 ✓ src/services/s05PortfolioTailRisk.test.ts (76 tests) 41ms
(node:11952) [UNDICI-EHPA] Warning: EnvHttpProxyAgent is experimental, expect them to change at any time.
(Use `node --trace-warnings ...` to show where the warning was created)
 ✓ src/services/s09ReplayStressHostile.test.ts (22 tests) 34ms
(node:26256) [UNDICI-EHPA] Warning: EnvHttpProxyAgent is experimental, expect them to change at any time.
(Use `node --trace-warnings ...` to show where the warning was created)
 ✓ src/adapters/exchange/ExternalTradeAdapterPrivateLoad.test.ts (9 tests) 26ms
(node:15936) [UNDICI-EHPA] Warning: EnvHttpProxyAgent is experimental, expect them to change at any time.
(Use `node --trace-warnings ...` to show where the warning was created)
(node:15936) ExperimentalWarning: SQLite is an experimental feature and might change at any time
 ✓ src/services/tpTerminalProjection.test.ts (5 tests) 24ms
(node:9876) [UNDICI-EHPA] Warning: EnvHttpProxyAgent is experimental, expect them to change at any time.
(Use `node --trace-warnings ...` to show where the warning was created)
(node:9876) ExperimentalWarning: SQLite is an experimental feature and might change at any time
 ✓ src/services/tpUnknownRecovery.test.ts (4 tests) 26ms
(node:26620) [UNDICI-EHPA] Warning: EnvHttpProxyAgent is experimental, expect them to change at any time.
(Use `node --trace-warnings ...` to show where the warning was created)
(node:26620) ExperimentalWarning: SQLite is an experimental feature and might change at any time
 ✓ src/runtime/userPositionFacts.test.ts (4 tests) 20ms
(node:26456) [UNDICI-EHPA] Warning: EnvHttpProxyAgent is experimental, expect them to change at any time.
(Use `node --trace-warnings ...` to show where the warning was created)
 ✓ src/adapters/exchange/ExternalTradeAdapter.test.ts (19 tests) 20ms
(node:3692) [UNDICI-EHPA] Warning: EnvHttpProxyAgent is experimental, expect them to change at any time.
(Use `node --trace-warnings ...` to show where the warning was created)
 ✓ src/adapters/ai/promptBudget.test.ts (4 tests) 22ms
(node:15512) [UNDICI-EHPA] Warning: EnvHttpProxyAgent is experimental, expect them to change at any time.
(Use `node --trace-warnings ...` to show where the warning was created)
 ✓ src/services/s05ConvergenceHostile.test.ts (8 tests) 16ms
(node:1532) [UNDICI-EHPA] Warning: EnvHttpProxyAgent is experimental, expect them to change at any time.
(Use `node --trace-warnings ...` to show where the warning was created)
 ✓ src/services/tradeRecordSyncService.test.ts (10 tests) 17ms
(node:9724) [UNDICI-EHPA] Warning: EnvHttpProxyAgent is experimental, expect them to change at any time.
(Use `node --trace-warnings ...` to show where the warning was created)
 ✓ src/adapters/market/klineContinuity.test.ts (11 tests) 17ms
(node:24336) [UNDICI-EHPA] Warning: EnvHttpProxyAgent is experimental, expect them to change at any time.
(Use `node --trace-warnings ...` to show where the warning was created)
 ✓ src/services/primaryPositionContext.test.ts (1 test) 17ms
(node:15296) [UNDICI-EHPA] Warning: EnvHttpProxyAgent is experimental, expect them to change at any time.
(Use `node --trace-warnings ...` to show where the warning was created)
 ✓ src/services/aiCapacityIntegration.test.ts (3 tests) 19ms
(node:24252) [UNDICI-EHPA] Warning: EnvHttpProxyAgent is experimental, expect them to change at any time.
(Use `node --trace-warnings ...` to show where the warning was created)
 ✓ src/services/v396AuditBoundaries.test.ts (23 tests) 16ms
(node:15088) [UNDICI-EHPA] Warning: EnvHttpProxyAgent is experimental, expect them to change at any time.
(Use `node --trace-warnings ...` to show where the warning was created)
 ✓ src/services/marketCohort.test.ts (12 tests) 14ms
(node:8840) [UNDICI-EHPA] Warning: EnvHttpProxyAgent is experimental, expect them to change at any time.
(Use `node --trace-warnings ...` to show where the warning was created)
 ✓ src/services/finalRiskConvergence.test.ts (5 tests) 19ms
(node:13612) [UNDICI-EHPA] Warning: EnvHttpProxyAgent is experimental, expect them to change at any time.
(Use `node --trace-warnings ...` to show where the warning was created)
 ✓ src/services/unknownProofValidation.test.ts (47 tests) 18ms
(node:9768) [UNDICI-EHPA] Warning: EnvHttpProxyAgent is experimental, expect them to change at any time.
(Use `node --trace-warnings ...` to show where the warning was created)
 ✓ src/adapters/binance/requestBudgetProxyTruth.test.ts (1 test) 11ms
(node:10672) [UNDICI-EHPA] Warning: EnvHttpProxyAgent is experimental, expect them to change at any time.
(Use `node --trace-warnings ...` to show where the warning was created)
 ✓ src/services/remoteFactAuditPolicy.test.ts (7 tests) 9ms
(node:23028) [UNDICI-EHPA] Warning: EnvHttpProxyAgent is experimental, expect them to change at any time.
(Use `node --trace-warnings ...` to show where the warning was created)
 ✓ src/services/positionService.test.ts (3 tests) 10ms
(node:22536) [UNDICI-EHPA] Warning: EnvHttpProxyAgent is experimental, expect them to change at any time.
(Use `node --trace-warnings ...` to show where the warning was created)
 ✓ src/services/tradeRecordReadModel.test.ts (7 tests) 11ms
(node:18952) [UNDICI-EHPA] Warning: EnvHttpProxyAgent is experimental, expect them to change at any time.
(Use `node --trace-warnings ...` to show where the warning was created)
 ✓ src/services/assetGovernanceCoordinator.test.ts (6 tests) 10ms
(node:16268) [UNDICI-EHPA] Warning: EnvHttpProxyAgent is experimental, expect them to change at any time.
(Use `node --trace-warnings ...` to show where the warning was created)
 ✓ src/services/marketDataStaleness.test.ts (10 tests) 6ms
(node:2240) [UNDICI-EHPA] Warning: EnvHttpProxyAgent is experimental, expect them to change at any time.
(Use `node --trace-warnings ...` to show where the warning was created)
 ✓ src/services/entryObservation.test.ts (4 tests) 5ms
(node:4788) [UNDICI-EHPA] Warning: EnvHttpProxyAgent is experimental, expect them to change at any time.
(Use `node --trace-warnings ...` to show where the warning was created)
 ✓ src/services/TemporalIntelligenceService.test.ts (1 test) 5ms
(node:11880) [UNDICI-EHPA] Warning: EnvHttpProxyAgent is experimental, expect them to change at any time.
(Use `node --trace-warnings ...` to show where the warning was created)
 ✓ src/services/externalResearchQuality.test.ts (2 tests) 5ms
(node:23332) [UNDICI-EHPA] Warning: EnvHttpProxyAgent is experimental, expect them to change at any time.
(Use `node --trace-warnings ...` to show where the warning was created)
 ✓ src/services/marketDataReadiness.test.ts (3 tests) 5ms
(node:9784) [UNDICI-EHPA] Warning: EnvHttpProxyAgent is experimental, expect them to change at any time.
(Use `node --trace-warnings ...` to show where the warning was created)
 ✓ src/services/effectivePrimaryCadence.test.ts (7 tests) 6ms
(node:5528) [UNDICI-EHPA] Warning: EnvHttpProxyAgent is experimental, expect them to change at any time.
(Use `node --trace-warnings ...` to show where the warning was created)
 ✓ src/services/tradingQualityObservationPlan.test.ts (3 tests) 4ms
(node:17968) [UNDICI-EHPA] Warning: EnvHttpProxyAgent is experimental, expect them to change at any time.
(Use `node --trace-warnings ...` to show where the warning was created)
 ✓ src/services/v392HistoricalDecisionRegression.test.ts (3 tests) 5ms
(node:25696) [UNDICI-EHPA] Warning: EnvHttpProxyAgent is experimental, expect them to change at any time.
(Use `node --trace-warnings ...` to show where the warning was created)
 ✓ src/events/eventBus.test.ts (1 test) 5ms
(node:25524) [UNDICI-EHPA] Warning: EnvHttpProxyAgent is experimental, expect them to change at any time.
(Use `node --trace-warnings ...` to show where the warning was created)
 ✓ src/services/noSeparateAdd.test.ts (5 tests) 4ms
(node:3124) [UNDICI-EHPA] Warning: EnvHttpProxyAgent is experimental, expect them to change at any time.
(Use `node --trace-warnings ...` to show where the warning was created)
 ✓ src/services/shadowObservation.test.ts (4 tests) 5ms
(node:19484) [UNDICI-EHPA] Warning: EnvHttpProxyAgent is experimental, expect them to change at any time.
(Use `node --trace-warnings ...` to show where the warning was created)
 ✓ src/services/experienceService.test.ts (1 test) 3ms
(node:6816) [UNDICI-EHPA] Warning: EnvHttpProxyAgent is experimental, expect them to change at any time.
(Use `node --trace-warnings ...` to show where the warning was created)
 ✓ src/services/quoteUsdConversion.test.ts (2 tests) 3ms
(node:2808) [UNDICI-EHPA] Warning: EnvHttpProxyAgent is experimental, expect them to change at any time.
(Use `node --trace-warnings ...` to show where the warning was created)
 ✓ src/adapters/binance/BinanceTransportLanes.test.ts (3 tests) 4ms
(node:11884) [UNDICI-EHPA] Warning: EnvHttpProxyAgent is experimental, expect them to change at any time.
(Use `node --trace-warnings ...` to show where the warning was created)
 ✓ src/runtime/bootstrapReconciliationInvariant.test.ts (1 test) 4ms
(node:17736) [UNDICI-EHPA] Warning: EnvHttpProxyAgent is experimental, expect them to change at any time.
(Use `node --trace-warnings ...` to show where the warning was created)
 ✓ src/services/positionReviewPrompt.test.ts (1 test) 3ms
(node:26348) [UNDICI-EHPA] Warning: EnvHttpProxyAgent is experimental, expect them to change at any time.
(Use `node --trace-warnings ...` to show where the warning was created)
 ✓ src/services/entryWaiting.test.ts (4 tests) 4ms

 Test Files  55 passed (55)
      Tests  595 passed (595)
   Start at  10:27:10
   Duration  41.96s (transform 2.06s, setup 0ms, collect 8.90s, tests 19.49s, environment 11ms, prepare 5.19s)

(node:24080) [UNDICI-EHPA] Warning: EnvHttpProxyAgent is experimental, expect them to change at any time.
(Use `node --trace-warnings ...` to show where the warning was created)
(node:23060) [UNDICI-EHPA] Warning: EnvHttpProxyAgent is experimental, expect them to change at any time.
(Use `node --trace-warnings ...` to show where the warning was created)
VITEST_TEST_TIMEOUT=5000 CI=

 RUN  v3.2.7 D:/MITS-WORKTREES/v398-model-capacity-lease/apps/engine

(node:4604) [UNDICI-EHPA] Warning: EnvHttpProxyAgent is experimental, expect them to change at any time.
(Use `node --trace-warnings ...` to show where the warning was created)
(node:4604) ExperimentalWarning: SQLite is an experimental feature and might change at any time
 ✓ src/services/v370Contract.test.ts (35 tests) 6786ms
   ✓ V3.7.0 isolated real-EIP contracts; production write=0 > recovers an exchange-accepted submit after response loss without a duplicate  3074ms
   ✓ V3.7.0 isolated real-EIP contracts; production write=0 > recovers the same UNKNOWN identity by clientOrderId without another wire submit  3067ms
(node:23360) [UNDICI-EHPA] Warning: EnvHttpProxyAgent is experimental, expect them to change at any time.
(Use `node --trace-warnings ...` to show where the warning was created)
 ✓ src/services/entryCoordinator.test.ts (29 tests) 6116ms
   ✓ Entry Manager chain > recovers an accepted-but-disconnected submit by stable client id without a second order  3047ms
   ✓ Entry Manager chain > keeps the same order identity across restart recovery from UNKNOWN  3042ms
(node:14800) [UNDICI-EHPA] Warning: EnvHttpProxyAgent is experimental, expect them to change at any time.
(Use `node --trace-warnings ...` to show where the warning was created)
(node:14800) ExperimentalWarning: SQLite is an experimental feature and might change at any time
 ✓ src/api/brainRunExecution.test.ts (4 tests) 946ms
   ✓ V3.9.6 durable run -> execution result > RX-01 a natural PLACE that reaches the wire is journalled as 已挂单 with its whole lineage  320ms
(node:24660) [UNDICI-EHPA] Warning: EnvHttpProxyAgent is experimental, expect them to change at any time.
(Use `node --trace-warnings ...` to show where the warning was created)
(node:24660) ExperimentalWarning: SQLite is an experimental feature and might change at any time
(node:24660) [UNDICI-EHPA] Warning: EnvHttpProxyAgent is experimental, expect them to change at any time.
(Use `node --trace-warnings ...` to show where the warning was created)
(node:24660) [UNDICI-EHPA] Warning: EnvHttpProxyAgent is experimental, expect them to change at any time.
(Use `node --trace-warnings ...` to show where the warning was created)
 ✓ src/runtime/restartRecovery.test.ts (2 tests) 687ms
   ✓ persists recovered lot projections and their evidence before a second reopen  412ms
(node:14232) [UNDICI-EHPA] Warning: EnvHttpProxyAgent is experimental, expect them to change at any time.
(Use `node --trace-warnings ...` to show where the warning was created)
(node:14232) ExperimentalWarning: SQLite is an experimental feature and might change at any time
 ✓ src/config/entryClaimStatsIndex.test.ts (4 tests) 748ms
(node:17472) [UNDICI-EHPA] Warning: EnvHttpProxyAgent is experimental, expect them to change at any time.
(Use `node --trace-warnings ...` to show where the warning was created)
 ✓ src/services/j3TradePlanHostile.test.ts (24 tests) 530ms
(node:18980) [UNDICI-EHPA] Warning: EnvHttpProxyAgent is experimental, expect them to change at any time.
(Use `node --trace-warnings ...` to show where the warning was created)
(node:18980) ExperimentalWarning: SQLite is an experimental feature and might change at any time
 ✓ src/services/exitFactsAndFunding.test.ts (21 tests) 363ms
(node:24648) [UNDICI-EHPA] Warning: EnvHttpProxyAgent is experimental, expect them to change at any time.
(Use `node --trace-warnings ...` to show where the warning was created)
(node:24648) ExperimentalWarning: SQLite is an experimental feature and might change at any time
(node:24648) [UNDICI-EHPA] Warning: EnvHttpProxyAgent is experimental, expect them to change at any time.
(Use `node --trace-warnings ...` to show where the warning was created)
 ✓ src/api/exchangeFillProjection.test.ts (1 test) 310ms
   ✓ exchange fill projection > does not raise a system attribution alert for an external Binance App fill  309ms
(node:24668) [UNDICI-EHPA] Warning: EnvHttpProxyAgent is experimental, expect them to change at any time.
(Use `node --trace-warnings ...` to show where the warning was created)
(node:24668) ExperimentalWarning: SQLite is an experimental feature and might change at any time
(node:24668) [UNDICI-EHPA] Warning: EnvHttpProxyAgent is experimental, expect them to change at any time.
(Use `node --trace-warnings ...` to show where the warning was created)
 ✓ src/services/eipResidentInspection.test.ts (1 test) 412ms
   ✓ resident EIP inspection > keeps a held contract available to read-only EIP inspection  411ms
(node:24260) [UNDICI-EHPA] Warning: EnvHttpProxyAgent is experimental, expect them to change at any time.
(Use `node --trace-warnings ...` to show where the warning was created)
(node:24260) ExperimentalWarning: SQLite is an experimental feature and might change at any time
(node:24260) [UNDICI-EHPA] Warning: EnvHttpProxyAgent is experimental, expect them to change at any time.
(Use `node --trace-warnings ...` to show where the warning was created)
 ✓ src/api/assetDirectoryReview.test.ts (1 test) 354ms
   ✓ asset directory review API > keeps default preview read-only and only explicitly applies through governance CAS  352ms
(node:23996) [UNDICI-EHPA] Warning: EnvHttpProxyAgent is experimental, expect them to change at any time.
(Use `node --trace-warnings ...` to show where the warning was created)
(node:23996) ExperimentalWarning: SQLite is an experimental feature and might change at any time
 ✓ src/config/exposureCapacityPolicyMigration.test.ts (3 tests) 395ms
(node:10508) [UNDICI-EHPA] Warning: EnvHttpProxyAgent is experimental, expect them to change at any time.
(Use `node --trace-warnings ...` to show where the warning was created)
(node:10508) ExperimentalWarning: SQLite is an experimental feature and might change at any time
 ✓ src/services/externalResearchService.test.ts (3 tests) 331ms
(node:13168) [UNDICI-EHPA] Warning: EnvHttpProxyAgent is experimental, expect them to change at any time.
(Use `node --trace-warnings ...` to show where the warning was created)
(node:13168) ExperimentalWarning: SQLite is an experimental feature and might change at any time
(node:13168) [UNDICI-EHPA] Warning: EnvHttpProxyAgent is experimental, expect them to change at any time.
(Use `node --trace-warnings ...` to show where the warning was created)
 ✓ src/services/positionNotionalSemantics.test.ts (4 tests) 378ms
   ✓ position notionalUsd semantics > normalises legacy persisted signed notionals so the dashboard snapshot still validates  364ms
(node:10424) [UNDICI-EHPA] Warning: EnvHttpProxyAgent is experimental, expect them to change at any time.
(Use `node --trace-warnings ...` to show where the warning was created)
 ✓ src/services/s03ExitCostPolicy.test.ts (21 tests) 211ms
(node:20032) [UNDICI-EHPA] Warning: EnvHttpProxyAgent is experimental, expect them to change at any time.
(Use `node --trace-warnings ...` to show where the warning was created)
 ✓ src/services/ownershipStorageCoverage.test.ts (6 tests) 197ms
(node:19424) [UNDICI-EHPA] Warning: EnvHttpProxyAgent is experimental, expect them to change at any time.
(Use `node --trace-warnings ...` to show where the warning was created)
(node:19424) ExperimentalWarning: SQLite is an experimental feature and might change at any time
 ✓ src/config/assetAdmissionIntegration.test.ts (1 test) 146ms
(node:23360) [UNDICI-EHPA] Warning: EnvHttpProxyAgent is experimental, expect them to change at any time.
(Use `node --trace-warnings ...` to show where the warning was created)
 ✓ src/services/preAiExecutableSides.test.ts (12 tests) 167ms
(node:10672) [UNDICI-EHPA] Warning: EnvHttpProxyAgent is experimental, expect them to change at any time.
(Use `node --trace-warnings ...` to show where the warning was created)
(node:10672) ExperimentalWarning: SQLite is an experimental feature and might change at any time
 ✓ src/services/tradingQualityHistoryIsolation.test.ts (4 tests) 180ms
(node:23252) [UNDICI-EHPA] Warning: EnvHttpProxyAgent is experimental, expect them to change at any time.
(Use `node --trace-warnings ...` to show where the warning was created)
 ✓ src/services/aiFabricResourceState.test.ts (5 tests) 109ms
(node:4452) [UNDICI-EHPA] Warning: EnvHttpProxyAgent is experimental, expect them to change at any time.
(Use `node --trace-warnings ...` to show where the warning was created)
 ✓ src/services/runtimeControlService.test.ts (13 tests) 76ms
(node:8084) [UNDICI-EHPA] Warning: EnvHttpProxyAgent is experimental, expect them to change at any time.
(Use `node --trace-warnings ...` to show where the warning was created)
 ✓ src/services/unknownRiskAuditTiering.test.ts (22 tests) 103ms
(node:17112) [UNDICI-EHPA] Warning: EnvHttpProxyAgent is experimental, expect them to change at any time.
(Use `node --trace-warnings ...` to show where the warning was created)
 ✓ src/services/unknownNoActiveRiskProofRenewal.test.ts (9 tests) 53ms
(node:11760) [UNDICI-EHPA] Warning: EnvHttpProxyAgent is experimental, expect them to change at any time.
(Use `node --trace-warnings ...` to show where the warning was created)
 ✓ src/services/v397FrozenSizing.test.ts (6 tests) 33ms
(node:24444) [UNDICI-EHPA] Warning: EnvHttpProxyAgent is experimental, expect them to change at any time.
(Use `node --trace-warnings ...` to show where the warning was created)
 ✓ src/adapters/exchange/ExternalTradeAdapterFunding.test.ts (6 tests) 33ms
(node:23660) [UNDICI-EHPA] Warning: EnvHttpProxyAgent is experimental, expect them to change at any time.
(Use `node --trace-warnings ...` to show where the warning was created)
 ✓ src/adapters/market/klineTargetedRepair.test.ts (8 tests) 18ms
(node:4996) [UNDICI-EHPA] Warning: EnvHttpProxyAgent is experimental, expect them to change at any time.
(Use `node --trace-warnings ...` to show where the warning was created)
 ✓ src/services/runExecutionOutcome.test.ts (20 tests) 25ms
(node:8440) [UNDICI-EHPA] Warning: EnvHttpProxyAgent is experimental, expect them to change at any time.
(Use `node --trace-warnings ...` to show where the warning was created)
(node:8440) ExperimentalWarning: SQLite is an experimental feature and might change at any time
 ✓ src/services/tpPositionFactTruth.test.ts (4 tests) 28ms
(node:24388) [UNDICI-EHPA] Warning: EnvHttpProxyAgent is experimental, expect them to change at any time.
(Use `node --trace-warnings ...` to show where the warning was created)
 ✓ src/services/v396OfflineStages.test.ts (11 tests) 19ms
(node:26036) [UNDICI-EHPA] Warning: EnvHttpProxyAgent is experimental, expect them to change at any time.
(Use `node --trace-warnings ...` to show where the warning was created)
(node:26036) ExperimentalWarning: SQLite is an experimental feature and might change at any time
 ✓ src/services/tradingQualityV393EvidenceStore.test.ts (5 tests) 18ms
(node:16132) [UNDICI-EHPA] Warning: EnvHttpProxyAgent is experimental, expect them to change at any time.
(Use `node --trace-warnings ...` to show where the warning was created)
 ✓ src/services/preflightFeasibility.test.ts (6 tests) 20ms
(node:22676) [UNDICI-EHPA] Warning: EnvHttpProxyAgent is experimental, expect them to change at any time.
(Use `node --trace-warnings ...` to show where the warning was created)
 ✓ src/services/marketDataHub.test.ts (11 tests) 18ms
(node:18808) [UNDICI-EHPA] Warning: EnvHttpProxyAgent is experimental, expect them to change at any time.
(Use `node --trace-warnings ...` to show where the warning was created)
 ✓ src/services/positionLifecycleIntegrity.test.ts (3 tests) 19ms
(node:11340) [UNDICI-EHPA] Warning: EnvHttpProxyAgent is experimental, expect them to change at any time.
(Use `node --trace-warnings ...` to show where the warning was created)
 ✓ src/services/productionAssetResearch.test.ts (6 tests) 14ms
(node:2852) [UNDICI-EHPA] Warning: EnvHttpProxyAgent is experimental, expect them to change at any time.
(Use `node --trace-warnings ...` to show where the warning was created)
 ✓ src/services/privateAccountSync.test.ts (5 tests) 11ms
(node:13084) [UNDICI-EHPA] Warning: EnvHttpProxyAgent is experimental, expect them to change at any time.
(Use `node --trace-warnings ...` to show where the warning was created)
 ✓ src/adapters/binance/requestBudgetAnomaly.test.ts (1 test) 13ms
(node:5088) [UNDICI-EHPA] Warning: EnvHttpProxyAgent is experimental, expect them to change at any time.
(Use `node --trace-warnings ...` to show where the warning was created)
 ✓ src/adapters/ai/OpenAiCompatibleClient.test.ts (1 test) 9ms
(node:13392) [UNDICI-EHPA] Warning: EnvHttpProxyAgent is experimental, expect them to change at any time.
(Use `node --trace-warnings ...` to show where the warning was created)
 ✓ src/services/tradeRecordIntegrity.test.ts (5 tests) 9ms
(node:5944) [UNDICI-EHPA] Warning: EnvHttpProxyAgent is experimental, expect them to change at any time.
(Use `node --trace-warnings ...` to show where the warning was created)
 ✓ src/services/existingPositionContext.test.ts (8 tests) 10ms
(node:21816) [UNDICI-EHPA] Warning: EnvHttpProxyAgent is experimental, expect them to change at any time.
(Use `node --trace-warnings ...` to show where the warning was created)
 ✓ src/services/entryStartupPolicy.test.ts (1 test) 11ms
(node:10672) [UNDICI-EHPA] Warning: EnvHttpProxyAgent is experimental, expect them to change at any time.
(Use `node --trace-warnings ...` to show where the warning was created)
 ✓ src/services/lossHandoff.test.ts (4 tests) 8ms
(node:16380) [UNDICI-EHPA] Warning: EnvHttpProxyAgent is experimental, expect them to change at any time.
(Use `node --trace-warnings ...` to show where the warning was created)
 ✓ src/services/temporalAlgorithms.test.ts (11 tests) 10ms
(node:24828) [UNDICI-EHPA] Warning: EnvHttpProxyAgent is experimental, expect them to change at any time.
(Use `node --trace-warnings ...` to show where the warning was created)
 ✓ src/services/tradingQualityEligibility.test.ts (7 tests) 8ms
(node:12140) [UNDICI-EHPA] Warning: EnvHttpProxyAgent is experimental, expect them to change at any time.
(Use `node --trace-warnings ...` to show where the warning was created)
 ✓ src/adapters/exchange/historyWindow.test.ts (5 tests) 7ms
(node:2472) [UNDICI-EHPA] Warning: EnvHttpProxyAgent is experimental, expect them to change at any time.
(Use `node --trace-warnings ...` to show where the warning was created)
 ✓ src/services/tradingQualityV393.test.ts (10 tests) 12ms
(node:11748) [UNDICI-EHPA] Warning: EnvHttpProxyAgent is experimental, expect them to change at any time.
(Use `node --trace-warnings ...` to show where the warning was created)
 ✓ src/services/positionReviewSchedulerReviewOnly.test.ts (3 tests) 7ms
(node:5192) [UNDICI-EHPA] Warning: EnvHttpProxyAgent is experimental, expect them to change at any time.
(Use `node --trace-warnings ...` to show where the warning was created)
 ✓ src/services/candidateLifecycleDeriver.test.ts (10 tests) 5ms
(node:19392) [UNDICI-EHPA] Warning: EnvHttpProxyAgent is experimental, expect them to change at any time.
(Use `node --trace-warnings ...` to show where the warning was created)
 ✓ src/services/economicEntryFeasibility.test.ts (6 tests) 7ms
(node:23396) [UNDICI-EHPA] Warning: EnvHttpProxyAgent is experimental, expect them to change at any time.
(Use `node --trace-warnings ...` to show where the warning was created)
 ✓ src/services/s01TruthAccountingObservability.test.ts (5 tests) 5ms
(node:4876) [UNDICI-EHPA] Warning: EnvHttpProxyAgent is experimental, expect them to change at any time.
(Use `node --trace-warnings ...` to show where the warning was created)
 ✓ src/api/activeEntryProjection.test.ts (1 test) 4ms
(node:25316) [UNDICI-EHPA] Warning: EnvHttpProxyAgent is experimental, expect them to change at any time.
(Use `node --trace-warnings ...` to show where the warning was created)
 ✓ src/config/settingsCloseoutInvariant.test.ts (1 test) 5ms
(node:22812) [UNDICI-EHPA] Warning: EnvHttpProxyAgent is experimental, expect them to change at any time.
(Use `node --trace-warnings ...` to show where the warning was created)
 ✓ src/services/tradingQualityReleaseGate.test.ts (5 tests) 5ms
(node:23660) [UNDICI-EHPA] Warning: EnvHttpProxyAgent is experimental, expect them to change at any time.
(Use `node --trace-warnings ...` to show where the warning was created)
 ✓ src/services/riskReadiness.test.ts (3 tests) 6ms
(node:10464) [UNDICI-EHPA] Warning: EnvHttpProxyAgent is experimental, expect them to change at any time.
(Use `node --trace-warnings ...` to show where the warning was created)
 ✓ src/services/shadowReadiness.test.ts (2 tests) 4ms
(node:24688) [UNDICI-EHPA] Warning: EnvHttpProxyAgent is experimental, expect them to change at any time.
(Use `node --trace-warnings ...` to show where the warning was created)
 ✓ src/services/tradeAuditProvenance.test.ts (1 test) 3ms
(node:14400) [UNDICI-EHPA] Warning: EnvHttpProxyAgent is experimental, expect them to change at any time.
(Use `node --trace-warnings ...` to show where the warning was created)
 ✓ src/services/privateAccountReadiness.test.ts (1 test) 2ms

 Test Files  55 passed (55)
      Tests  407 passed (407)
   Start at  10:27:52
   Duration  46.25s (transform 1.96s, setup 0ms, collect 11.28s, tests 20.01s, environment 12ms, prepare 5.74s)

(node:12252) [UNDICI-EHPA] Warning: EnvHttpProxyAgent is experimental, expect them to change at any time.
(Use `node --trace-warnings ...` to show where the warning was created)
(node:24532) [UNDICI-EHPA] Warning: EnvHttpProxyAgent is experimental, expect them to change at any time.
(Use `node --trace-warnings ...` to show where the warning was created)
VITEST_TEST_TIMEOUT=5000 CI=

 RUN  v3.2.7 D:/MITS-WORKTREES/v398-model-capacity-lease/apps/engine

(node:23632) [UNDICI-EHPA] Warning: EnvHttpProxyAgent is experimental, expect them to change at any time.
(Use `node --trace-warnings ...` to show where the warning was created)
(node:23632) ExperimentalWarning: SQLite is an experimental feature and might change at any time
 ✓ src/services/exitConvergenceFairness.test.ts (15 tests) 4655ms
   ✓ P1 exit convergence fairness > a terminal order at the tail is serviced even while the head stays WORKING  1965ms
   ✓ P1 exit convergence fairness > a failed query backs off only the order that failed  356ms
   ✓ P1 exit convergence fairness > readback reports queue length, oldest unpolled age and terminal-unreleased claims  387ms
   ✓ P1 exit terminal propagation > a claim is never released by a local label without exchange evidence  373ms
(node:26036) [UNDICI-EHPA] Warning: EnvHttpProxyAgent is experimental, expect them to change at any time.
(Use `node --trace-warnings ...` to show where the warning was created)
(node:26036) ExperimentalWarning: SQLite is an experimental feature and might change at any time
 ✓ src/services/tradingQualityIntegration.test.ts (30 tests) 1208ms
(node:24556) [UNDICI-EHPA] Warning: EnvHttpProxyAgent is experimental, expect them to change at any time.
(Use `node --trace-warnings ...` to show where the warning was created)
(node:24556) ExperimentalWarning: SQLite is an experimental feature and might change at any time
(node:24556) [UNDICI-EHPA] Warning: EnvHttpProxyAgent is experimental, expect them to change at any time.
(Use `node --trace-warnings ...` to show where the warning was created)
(node:24556) [UNDICI-EHPA] Warning: EnvHttpProxyAgent is experimental, expect them to change at any time.
(Use `node --trace-warnings ...` to show where the warning was created)
(node:24556) [UNDICI-EHPA] Warning: EnvHttpProxyAgent is experimental, expect them to change at any time.
(Use `node --trace-warnings ...` to show where the warning was created)
 ✓ src/services/eipService.test.ts (3 tests) 1137ms
   ✓ EIP 3.0 evidence gates > builds seven-timeframe evidence within a bounded prompt size  434ms
   ✓ EIP 3.0 evidence gates > fails closed for stale price but sanitizes stale derivatives as contextual evidence  354ms
   ✓ EIP 3.0 evidence gates > sanitizes stale partial derivatives before classifying exchange availability, while preserving fresh partial facts  348ms
(node:5192) [UNDICI-EHPA] Warning: EnvHttpProxyAgent is experimental, expect them to change at any time.
(Use `node --trace-warnings ...` to show where the warning was created)
(node:5192) ExperimentalWarning: SQLite is an experimental feature and might change at any time
 ✓ src/services/c3RuntimeWiringHostile.test.ts (48 tests) 1080ms
(node:25196) [UNDICI-EHPA] Warning: EnvHttpProxyAgent is experimental, expect them to change at any time.
(Use `node --trace-warnings ...` to show where the warning was created)
(node:25196) ExperimentalWarning: SQLite is an experimental feature and might change at any time
 ✓ src/config/portfolioRiskAuthorityStore.test.ts (6 tests) 795ms
(node:23980) [UNDICI-EHPA] Warning: EnvHttpProxyAgent is experimental, expect them to change at any time.
(Use `node --trace-warnings ...` to show where the warning was created)
(node:23980) ExperimentalWarning: SQLite is an experimental feature and might change at any time
 ✓ src/services/ownershipS02Acceptance.test.ts (11 tests) 798ms
(node:7688) [UNDICI-EHPA] Warning: EnvHttpProxyAgent is experimental, expect them to change at any time.
(Use `node --trace-warnings ...` to show where the warning was created)
(node:7688) ExperimentalWarning: SQLite is an experimental feature and might change at any time
 ✓ src/services/ownershipJournal.test.ts (11 tests) 635ms
(node:26592) [UNDICI-EHPA] Warning: EnvHttpProxyAgent is experimental, expect them to change at any time.
(Use `node --trace-warnings ...` to show where the warning was created)
 ✓ src/services/s07ConsumerBoundary.test.ts (7 tests) 441ms
(node:23664) [UNDICI-EHPA] Warning: EnvHttpProxyAgent is experimental, expect them to change at any time.
(Use `node --trace-warnings ...` to show where the warning was created)
 ✓ src/adapters/market/klineRecoverySimulation.test.ts (1 test) 384ms
   ✓ V3.9.5 mass 1m gap heals without a request storm > uses at most one klines request per symbol, reloads no snapshots and restores readiness  383ms
(node:14932) [UNDICI-EHPA] Warning: EnvHttpProxyAgent is experimental, expect them to change at any time.
(Use `node --trace-warnings ...` to show where the warning was created)
(node:14932) ExperimentalWarning: SQLite is an experimental feature and might change at any time
(node:14932) [UNDICI-EHPA] Warning: EnvHttpProxyAgent is experimental, expect them to change at any time.
(Use `node --trace-warnings ...` to show where the warning was created)
 ✓ src/runtime/tradeRecordAutoSync.test.ts (1 test) 324ms
   ✓ automatic TradeRecord rolling sync window > backfills the last seven days one day per pass, then stays incremental  322ms
(node:8244) [UNDICI-EHPA] Warning: EnvHttpProxyAgent is experimental, expect them to change at any time.
(Use `node --trace-warnings ...` to show where the warning was created)
(node:8244) ExperimentalWarning: SQLite is an experimental feature and might change at any time
(node:8244) [UNDICI-EHPA] Warning: EnvHttpProxyAgent is experimental, expect them to change at any time.
(Use `node --trace-warnings ...` to show where the warning was created)
 ✓ src/api/positionCycleSnapshot.test.ts (1 test) 291ms
(node:14380) [UNDICI-EHPA] Warning: EnvHttpProxyAgent is experimental, expect them to change at any time.
(Use `node --trace-warnings ...` to show where the warning was created)
(node:14380) ExperimentalWarning: SQLite is an experimental feature and might change at any time
(node:14380) [UNDICI-EHPA] Warning: EnvHttpProxyAgent is experimental, expect them to change at any time.
(Use `node --trace-warnings ...` to show where the warning was created)
(node:14380) ExperimentalWarning: SQLite is an experimental feature and might change at any time
(node:14380) [UNDICI-EHPA] Warning: EnvHttpProxyAgent is experimental, expect them to change at any time.
(Use `node --trace-warnings ...` to show where the warning was created)
(node:14380) ExperimentalWarning: SQLite is an experimental feature and might change at any time
 ✓ src/services/storageCapacityGuard.test.ts (5 tests) 162ms
(node:12356) [UNDICI-EHPA] Warning: EnvHttpProxyAgent is experimental, expect them to change at any time.
(Use `node --trace-warnings ...` to show where the warning was created)
(node:12356) ExperimentalWarning: SQLite is an experimental feature and might change at any time
 ✓ src/services/ownershipScopeIdentity.test.ts (3 tests) 181ms
(node:25612) [UNDICI-EHPA] Warning: EnvHttpProxyAgent is experimental, expect them to change at any time.
(Use `node --trace-warnings ...` to show where the warning was created)
 ✓ src/services/sideNeutralEntryAuthorization.test.ts (4 tests) 122ms
(node:16524) [UNDICI-EHPA] Warning: EnvHttpProxyAgent is experimental, expect them to change at any time.
(Use `node --trace-warnings ...` to show where the warning was created)
 ✓ src/services/targetHorizonContract.test.ts (4 tests) 97ms
(node:17472) [UNDICI-EHPA] Warning: EnvHttpProxyAgent is experimental, expect them to change at any time.
(Use `node --trace-warnings ...` to show where the warning was created)
(node:17472) ExperimentalWarning: SQLite is an experimental feature and might change at any time
 ✓ src/services/finalActivation.test.ts (13 tests) 69ms
(node:10464) [UNDICI-EHPA] Warning: EnvHttpProxyAgent is experimental, expect them to change at any time.
(Use `node --trace-warnings ...` to show where the warning was created)
 ✓ src/services/primaryCandidateChoice.test.ts (19 tests) 54ms
(node:19064) [UNDICI-EHPA] Warning: EnvHttpProxyAgent is experimental, expect them to change at any time.
(Use `node --trace-warnings ...` to show where the warning was created)
(node:19064) ExperimentalWarning: SQLite is an experimental feature and might change at any time
 ✓ src/services/collectorRecovery.test.ts (1 test) 52ms
(node:22884) [UNDICI-EHPA] Warning: EnvHttpProxyAgent is experimental, expect them to change at any time.
(Use `node --trace-warnings ...` to show where the warning was created)
(node:22884) ExperimentalWarning: SQLite is an experimental feature and might change at any time
 ✓ src/services/runtimeWriteBuffer.test.ts (1 test) 33ms
(node:19248) [UNDICI-EHPA] Warning: EnvHttpProxyAgent is experimental, expect them to change at any time.
(Use `node --trace-warnings ...` to show where the warning was created)
 ✓ src/services/reconciliationUnknownRisk.test.ts (11 tests) 49ms
(node:2404) [UNDICI-EHPA] Warning: EnvHttpProxyAgent is experimental, expect them to change at any time.
(Use `node --trace-warnings ...` to show where the warning was created)
 ✓ src/services/remoteFactAuditIntegration.test.ts (7 tests) 32ms
(node:11716) [UNDICI-EHPA] Warning: EnvHttpProxyAgent is experimental, expect them to change at any time.
(Use `node --trace-warnings ...` to show where the warning was created)
 ✓ src/adapters/binance/BinanceTransport.test.ts (49 tests) 45ms
(node:26348) [UNDICI-EHPA] Warning: EnvHttpProxyAgent is experimental, expect them to change at any time.
(Use `node --trace-warnings ...` to show where the warning was created)
(node:26348) ExperimentalWarning: SQLite is an experimental feature and might change at any time
 ✓ src/services/tradeLearningP0.test.ts (25 tests) 39ms
(node:25760) [UNDICI-EHPA] Warning: EnvHttpProxyAgent is experimental, expect them to change at any time.
(Use `node --trace-warnings ...` to show where the warning was created)
 ✓ src/services/operationalLogger.test.ts (2 tests) 31ms
(node:8840) [UNDICI-EHPA] Warning: EnvHttpProxyAgent is experimental, expect them to change at any time.
(Use `node --trace-warnings ...` to show where the warning was created)
 ✓ src/services/reconciliationFanout.test.ts (7 tests) 31ms
(node:12140) [UNDICI-EHPA] Warning: EnvHttpProxyAgent is experimental, expect them to change at any time.
(Use `node --trace-warnings ...` to show where the warning was created)
 ✓ src/services/v370Decision.test.ts (7 tests) 21ms
(node:22372) [UNDICI-EHPA] Warning: EnvHttpProxyAgent is experimental, expect them to change at any time.
(Use `node --trace-warnings ...` to show where the warning was created)
 ✓ src/services/reconciliationRequestBudget.test.ts (3 tests) 33ms
(node:23436) [UNDICI-EHPA] Warning: EnvHttpProxyAgent is experimental, expect them to change at any time.
(Use `node --trace-warnings ...` to show where the warning was created)
 ✓ src/services/entryPermissionModel.test.ts (14 tests) 26ms
(node:17572) [UNDICI-EHPA] Warning: EnvHttpProxyAgent is experimental, expect them to change at any time.
(Use `node --trace-warnings ...` to show where the warning was created)
 ✓ src/adapters/binance/requestBudgetPrivateTruth.test.ts (3 tests) 19ms
(node:24484) [UNDICI-EHPA] Warning: EnvHttpProxyAgent is experimental, expect them to change at any time.
(Use `node --trace-warnings ...` to show where the warning was created)
 ✓ src/services/positionLeverageV3.test.ts (6 tests) 29ms
(node:26376) [UNDICI-EHPA] Warning: EnvHttpProxyAgent is experimental, expect them to change at any time.
(Use `node --trace-warnings ...` to show where the warning was created)
 ✓ src/runtime/processLifecycleTelemetry.test.ts (3 tests) 20ms
(node:22676) [UNDICI-EHPA] Warning: EnvHttpProxyAgent is experimental, expect them to change at any time.
(Use `node --trace-warnings ...` to show where the warning was created)
 ✓ src/services/candidateSupplyHealth.test.ts (3 tests) 13ms
(node:19392) [UNDICI-EHPA] Warning: EnvHttpProxyAgent is experimental, expect them to change at any time.
(Use `node --trace-warnings ...` to show where the warning was created)
 ✓ src/services/productionReadOnlyPreflight.test.ts (4 tests) 10ms
(node:20504) [UNDICI-EHPA] Warning: EnvHttpProxyAgent is experimental, expect them to change at any time.
(Use `node --trace-warnings ...` to show where the warning was created)
 ✓ src/services/tradingEpisodeEvidence.test.ts (10 tests) 13ms
(node:24952) [UNDICI-EHPA] Warning: EnvHttpProxyAgent is experimental, expect them to change at any time.
(Use `node --trace-warnings ...` to show where the warning was created)
 ✓ src/state/runtimeState.test.ts (7 tests) 11ms
(node:25628) [UNDICI-EHPA] Warning: EnvHttpProxyAgent is experimental, expect them to change at any time.
(Use `node --trace-warnings ...` to show where the warning was created)
 ✓ src/services/directionPolicyService.test.ts (1 test) 10ms
(node:21388) [UNDICI-EHPA] Warning: EnvHttpProxyAgent is experimental, expect them to change at any time.
(Use `node --trace-warnings ...` to show where the warning was created)
 ✓ src/services/tradingQualityBaseline.test.ts (4 tests) 6ms
(node:17620) [UNDICI-EHPA] Warning: EnvHttpProxyAgent is experimental, expect them to change at any time.
(Use `node --trace-warnings ...` to show where the warning was created)
 ✓ src/services/egressFailClosed.test.ts (3 tests) 7ms
(node:14932) [UNDICI-EHPA] Warning: EnvHttpProxyAgent is experimental, expect them to change at any time.
(Use `node --trace-warnings ...` to show where the warning was created)
 ✓ src/adapters/binance/requestBudgetEntryGate.test.ts (2 tests) 7ms
(node:24744) [UNDICI-EHPA] Warning: EnvHttpProxyAgent is experimental, expect them to change at any time.
(Use `node --trace-warnings ...` to show where the warning was created)
 ✓ src/services/aiQuantityAllocation.test.ts (6 tests) 10ms
(node:25656) [UNDICI-EHPA] Warning: EnvHttpProxyAgent is experimental, expect them to change at any time.
(Use `node --trace-warnings ...` to show where the warning was created)
 ✓ src/adapters/binance/BinanceUserDataStream.test.ts (2 tests) 8ms
(node:13820) [UNDICI-EHPA] Warning: EnvHttpProxyAgent is experimental, expect them to change at any time.
(Use `node --trace-warnings ...` to show where the warning was created)
 ✓ src/services/supplyHealth.test.ts (3 tests) 6ms
(node:19200) [UNDICI-EHPA] Warning: EnvHttpProxyAgent is experimental, expect them to change at any time.
(Use `node --trace-warnings ...` to show where the warning was created)
 ✓ src/services/frozenChoiceTelemetry.test.ts (6 tests) 7ms
(node:24672) [UNDICI-EHPA] Warning: EnvHttpProxyAgent is experimental, expect them to change at any time.
(Use `node --trace-warnings ...` to show where the warning was created)
 ✓ src/services/tradeRecordDiagnostics.test.ts (4 tests) 5ms
(node:24152) [UNDICI-EHPA] Warning: EnvHttpProxyAgent is experimental, expect them to change at any time.
(Use `node --trace-warnings ...` to show where the warning was created)
 ✓ src/services/brainRunArchive.test.ts (4 tests) 5ms
(node:6736) [UNDICI-EHPA] Warning: EnvHttpProxyAgent is experimental, expect them to change at any time.
(Use `node --trace-warnings ...` to show where the warning was created)
 ✓ src/services/p0EntryIntegrity.test.ts (4 tests) 4ms
(node:12448) [UNDICI-EHPA] Warning: EnvHttpProxyAgent is experimental, expect them to change at any time.
(Use `node --trace-warnings ...` to show where the warning was created)
 ✓ src/services/historicalTpReachability.test.ts (3 tests) 4ms
(node:15820) [UNDICI-EHPA] Warning: EnvHttpProxyAgent is experimental, expect them to change at any time.
(Use `node --trace-warnings ...` to show where the warning was created)
 ✓ src/api/entryCancelEligibility.test.ts (5 tests) 4ms
(node:3180) [UNDICI-EHPA] Warning: EnvHttpProxyAgent is experimental, expect them to change at any time.
(Use `node --trace-warnings ...` to show where the warning was created)
(node:3180) ExperimentalWarning: SQLite is an experimental feature and might change at any time
 ✓ src/api/tradeCloseProvenance.test.ts (2 tests) 3ms
(node:12500) [UNDICI-EHPA] Warning: EnvHttpProxyAgent is experimental, expect them to change at any time.
(Use `node --trace-warnings ...` to show where the warning was created)
 ✓ src/services/decisionContext.test.ts (3 tests) 4ms
(node:9448) [UNDICI-EHPA] Warning: EnvHttpProxyAgent is experimental, expect them to change at any time.
(Use `node --trace-warnings ...` to show where the warning was created)
 ✓ src/api/chronologicalSort.test.ts (2 tests) 3ms
(node:22536) [UNDICI-EHPA] Warning: EnvHttpProxyAgent is experimental, expect them to change at any time.
(Use `node --trace-warnings ...` to show where the warning was created)
 ✓ src/adapters/binance/BinanceBudgetFailureTelemetry.test.ts (1 test) 3ms
(node:19064) [UNDICI-EHPA] Warning: EnvHttpProxyAgent is experimental, expect them to change at any time.
(Use `node --trace-warnings ...` to show where the warning was created)
(node:19064) ExperimentalWarning: SQLite is an experimental feature and might change at any time
 ✓ src/services/testnetLowLossCleanupService.test.ts (2 tests) 3ms

 Test Files  53 passed (53)
      Tests  402 passed (402)
   Start at  10:28:39
   Duration  35.82s (transform 1.83s, setup 0ms, collect 9.11s, tests 13.03s, environment 11ms, prepare 5.21s)

(node:23372) [UNDICI-EHPA] Warning: EnvHttpProxyAgent is experimental, expect them to change at any time.
(Use `node --trace-warnings ...` to show where the warning was created)
