(node:24732) [UNDICI-EHPA] Warning: EnvHttpProxyAgent is experimental, expect them to change at any time.
(Use `node --trace-warnings ...` to show where the warning was created)
(node:22248) [UNDICI-EHPA] Warning: EnvHttpProxyAgent is experimental, expect them to change at any time.
(Use `node --trace-warnings ...` to show where the warning was created)

> zdj-mits-v3@3.9.8 verify:ci
> npm run verify:deps && npm run verify:scripts && npm run verify:release && npm run verify:s00 && npm run typecheck && npm run build && npm run test -w @zdj/contracts && npm run test -w @zdj/core && npm run test -w @zdj/dashboard && npm run test:ci -w @zdj/engine

(node:23920) [UNDICI-EHPA] Warning: EnvHttpProxyAgent is experimental, expect them to change at any time.
(Use `node --trace-warnings ...` to show where the warning was created)
(node:10444) [UNDICI-EHPA] Warning: EnvHttpProxyAgent is experimental, expect them to change at any time.
(Use `node --trace-warnings ...` to show where the warning was created)

> zdj-mits-v3@3.9.8 verify:deps
> npm run build -w @zdj/contracts && npm run build -w @zdj/core

(node:16096) [UNDICI-EHPA] Warning: EnvHttpProxyAgent is experimental, expect them to change at any time.
(Use `node --trace-warnings ...` to show where the warning was created)
(node:2252) [UNDICI-EHPA] Warning: EnvHttpProxyAgent is experimental, expect them to change at any time.
(Use `node --trace-warnings ...` to show where the warning was created)

> @zdj/contracts@3.9.8 build
> tsc -p tsconfig.json

(node:22732) [UNDICI-EHPA] Warning: EnvHttpProxyAgent is experimental, expect them to change at any time.
(Use `node --trace-warnings ...` to show where the warning was created)
(node:3320) [UNDICI-EHPA] Warning: EnvHttpProxyAgent is experimental, expect them to change at any time.
(Use `node --trace-warnings ...` to show where the warning was created)

> @zdj/core@3.9.8 build
> tsc -p tsconfig.json

(node:19800) [UNDICI-EHPA] Warning: EnvHttpProxyAgent is experimental, expect them to change at any time.
(Use `node --trace-warnings ...` to show where the warning was created)
(node:9908) [UNDICI-EHPA] Warning: EnvHttpProxyAgent is experimental, expect them to change at any time.
(Use `node --trace-warnings ...` to show where the warning was created)

> zdj-mits-v3@3.9.8 verify:scripts
> node --check scripts/maintain-storage.mjs && node --check scripts/reset-testnet-runtime-db.mjs && node --check scripts/init-local-runtime.mjs && node --check scripts/prune-zdj-backups.mjs && node --check scripts/install-storage-retention.mjs && node --check scripts/v394-stage6-set-readonly.mjs && node scripts/v394-stage6-set-readonly.mjs --self-test && node --check scripts/v394-stage6-preflight.mjs && node scripts/v394-stage6-preflight.mjs --self-test && node --check scripts/audit-ai-entry-quality.mjs && node --check scripts/audit-trading-quality-baseline.mjs && node --check scripts/inspect-sqlite-capacity.mjs && node --check scripts/audit-v394-entry-authorization.mjs && node --test scripts/maintain-storage.test.mjs scripts/reset-testnet-runtime-db.test.mjs scripts/init-local-runtime.test.mjs && powershell -NoProfile -ExecutionPolicy Bypass -File scripts/start-zdj-engine-host.test.ps1 && powershell -NoProfile -ExecutionPolicy Bypass -File scripts/collect-zdj-engine-crash-evidence.test.ps1 && powershell -NoProfile -ExecutionPolicy Bypass -File scripts/run-v394-readonly-canary.test.ps1 && powershell -NoProfile -ExecutionPolicy Bypass -File scripts/run-v394-local-rollout.test.ps1 && powershell -NoProfile -ExecutionPolicy Bypass -File scripts/run-v394-stage7-to-stage9.test.ps1 && powershell -NoProfile -ExecutionPolicy Bypass -File scripts/vpn/zdj-trade-proxy-client-windows.test.ps1 && powershell -NoProfile -ExecutionPolicy Bypass -File scripts/start-zdj-stack-after-reboot.test.ps1 && powershell -NoProfile -ExecutionPolicy Bypass -File scripts/set-zdj-scheduled-task-silent.test.ps1

(node:7596) [UNDICI-EHPA] Warning: EnvHttpProxyAgent is experimental, expect them to change at any time.
(Use `node --trace-warnings ...` to show where the warning was created)
(node:13392) [UNDICI-EHPA] Warning: EnvHttpProxyAgent is experimental, expect them to change at any time.
(Use `node --trace-warnings ...` to show where the warning was created)
(node:21524) [UNDICI-EHPA] Warning: EnvHttpProxyAgent is experimental, expect them to change at any time.
(Use `node --trace-warnings ...` to show where the warning was created)
(node:23196) [UNDICI-EHPA] Warning: EnvHttpProxyAgent is experimental, expect them to change at any time.
(Use `node --trace-warnings ...` to show where the warning was created)
(node:10052) [UNDICI-EHPA] Warning: EnvHttpProxyAgent is experimental, expect them to change at any time.
(Use `node --trace-warnings ...` to show where the warning was created)
(node:4996) [UNDICI-EHPA] Warning: EnvHttpProxyAgent is experimental, expect them to change at any time.
(Use `node --trace-warnings ...` to show where the warning was created)
(node:20808) [UNDICI-EHPA] Warning: EnvHttpProxyAgent is experimental, expect them to change at any time.
(Use `node --trace-warnings ...` to show where the warning was created)
(node:20808) ExperimentalWarning: SQLite is an experimental feature and might change at any time
V3.9.4 explicit proxy-enable + legacy normalization + READ_ONLY self-test PASS
(node:17576) [UNDICI-EHPA] Warning: EnvHttpProxyAgent is experimental, expect them to change at any time.
(Use `node --trace-warnings ...` to show where the warning was created)
(node:19432) [UNDICI-EHPA] Warning: EnvHttpProxyAgent is experimental, expect them to change at any time.
(Use `node --trace-warnings ...` to show where the warning was created)
(node:19432) ExperimentalWarning: SQLite is an experimental feature and might change at any time
V3.9.4 Stage6 preflight self-test PASS
(node:13592) [UNDICI-EHPA] Warning: EnvHttpProxyAgent is experimental, expect them to change at any time.
(Use `node --trace-warnings ...` to show where the warning was created)
(node:20660) [UNDICI-EHPA] Warning: EnvHttpProxyAgent is experimental, expect them to change at any time.
(Use `node --trace-warnings ...` to show where the warning was created)
(node:10452) [UNDICI-EHPA] Warning: EnvHttpProxyAgent is experimental, expect them to change at any time.
(Use `node --trace-warnings ...` to show where the warning was created)
(node:20612) [UNDICI-EHPA] Warning: EnvHttpProxyAgent is experimental, expect them to change at any time.
(Use `node --trace-warnings ...` to show where the warning was created)
(node:25300) [UNDICI-EHPA] Warning: EnvHttpProxyAgent is experimental, expect them to change at any time.
(Use `node --trace-warnings ...` to show where the warning was created)
TAP version 13
# (node:3140) [UNDICI-EHPA] Warning: EnvHttpProxyAgent is experimental, expect them to change at any time.
# (Use `node --trace-warnings ...` to show where the warning was created)
# (node:3140) ExperimentalWarning: SQLite is an experimental feature and might change at any time
# Subtest: V3.9.3 init preserves static configuration and removes active local trading history
ok 1 - V3.9.3 init preserves static configuration and removes active local trading history
  ---
  duration_ms: 913.8452
  type: 'test'
  ...
# (node:13660) [UNDICI-EHPA] Warning: EnvHttpProxyAgent is experimental, expect them to change at any time.
# (Use `node --trace-warnings ...` to show where the warning was created)
# (node:13660) ExperimentalWarning: SQLite is an experimental feature and might change at any time
# Subtest: offline maintenance preserves source: dry
ok 2 - offline maintenance preserves source: dry
  ---
  duration_ms: 590.45
  type: 'test'
  ...
# Subtest: offline maintenance preserves source: build
ok 3 - offline maintenance preserves source: build
  ---
  duration_ms: 300.2086
  type: 'test'
  ...
# Subtest: offline maintenance preserves source: alias
ok 4 - offline maintenance preserves source: alias
  ---
  duration_ms: 142.4424
  type: 'test'
  ...
# Subtest: offline maintenance preserves source: existing
ok 5 - offline maintenance preserves source: existing
  ---
  duration_ms: 143.5432
  type: 'test'
  ...
# Subtest: offline maintenance preserves source: wal
ok 6 - offline maintenance preserves source: wal
  ---
  duration_ms: 143.117
  type: 'test'
  ...
# Subtest: offline maintenance preserves source: disk
ok 7 - offline maintenance preserves source: disk
  ---
  duration_ms: 143.9433
  type: 'test'
  ...
# Subtest: offline maintenance preserves source: delete-failure
ok 8 - offline maintenance preserves source: delete-failure
  ---
  duration_ms: 157.9504
  type: 'test'
  ...
# Subtest: offline maintenance preserves source: vacuum-failure
ok 9 - offline maintenance preserves source: vacuum-failure
  ---
  duration_ms: 160.7685
  type: 'test'
  ...
# Subtest: offline maintenance preserves source: publish-lock
ok 10 - offline maintenance preserves source: publish-lock
  ---
  duration_ms: 175.4303
  type: 'test'
  ...
# Subtest: offline maintenance preserves source: corrupt-copy
ok 11 - offline maintenance preserves source: corrupt-copy
  ---
  duration_ms: 178.2375
  type: 'test'
  ...
# Subtest: offline maintenance preserves source: crash
ok 12 - offline maintenance preserves source: crash
  ---
  duration_ms: 160.276
  type: 'test'
  ...
# Subtest: backup pruning requires an explicit verified baseline and keeps it even when it is oldest
ok 13 - backup pruning requires an explicit verified baseline and keeps it even when it is oldest
  ---
  duration_ms: 360.711
  type: 'test'
  ...
# Subtest: AI quality treats missing outcomes as missing and does not promote PLACE-only samples
ok 14 - AI quality treats missing outcomes as missing and does not promote PLACE-only samples
  ---
  duration_ms: 884.8568
  type: 'test'
  ...
# Subtest: valid WAL is copied and replayed only on the working database
ok 15 - valid WAL is copied and replayed only on the working database
  ---
  duration_ms: 533.1051
  type: 'test'
  ...
# (node:25336) [UNDICI-EHPA] Warning: EnvHttpProxyAgent is experimental, expect them to change at any time.
# (Use `node --trace-warnings ...` to show where the warning was created)
# (node:25336) ExperimentalWarning: SQLite is an experimental feature and might change at any time
# Subtest: schema-only reset preserves schema/static configuration and never copies runtime history
ok 16 - schema-only reset preserves schema/static configuration and never copies runtime history
  ---
  duration_ms: 825.1111
  type: 'test'
  ...
1..16
# tests 16
# suites 0
# pass 16
# fail 0
# cancelled 0
# skipped 0
# todo 0
# duration_ms 4180.5599
start-zdj-engine-host.test.ps1 PASS
collect-zdj-engine-crash-evidence.test.ps1 PASS (25 assertions)
V3.9.4 read-only canary script contract PASS
V3.9.4 local rollout script contract PASS
V3.9.4 stage7-to-stage9 runner contract PASS
VPN_CLIENT_TEST_PASS: foreign owner, pid reuse, real stalled peer deadline/socket close, finite failed-start recovery, no embedded secret
(node:13716) [UNDICI-EHPA] Warning: EnvHttpProxyAgent is experimental, expect them to change at any time.
(Use `node --trace-warnings ...` to show where the warning was created)
start-zdj-stack-after-reboot.test.ps1 PASS
SILENT_REBOOT_REREGISTRATION_GUARD_PASS
SILENT_TASK_TEST_PASS: no visible child console, quoted paths, working directory, wait and exit=23; no real task or Engine lifecycle
(node:22732) [UNDICI-EHPA] Warning: EnvHttpProxyAgent is experimental, expect them to change at any time.
(Use `node --trace-warnings ...` to show where the warning was created)
(node:22652) [UNDICI-EHPA] Warning: EnvHttpProxyAgent is experimental, expect them to change at any time.
(Use `node --trace-warnings ...` to show where the warning was created)

> zdj-mits-v3@3.9.8 verify:release
> node scripts/v397-release-identity.mjs

(node:424) [UNDICI-EHPA] Warning: EnvHttpProxyAgent is experimental, expect them to change at any time.
(Use `node --trace-warnings ...` to show where the warning was created)
{"gate":"V398_RELEASE_IDENTITY_PASS","version":"3.9.8","packages":5,"lock":true,"api":"V3.9.7"}
(node:10512) [UNDICI-EHPA] Warning: EnvHttpProxyAgent is experimental, expect them to change at any time.
(Use `node --trace-warnings ...` to show where the warning was created)
(node:22956) [UNDICI-EHPA] Warning: EnvHttpProxyAgent is experimental, expect them to change at any time.
(Use `node --trace-warnings ...` to show where the warning was created)

> zdj-mits-v3@3.9.8 verify:s00
> node scripts/v396-s00-static-check.mjs --review=docs/reports/v398-trade-record-integrity-20261009/s00/entrypoint-review.json --current-identity=docs/reports/v398-trade-record-integrity-20261009/s00/current-identity.json --historical-lock=docs/reports/v398-trade-record-integrity-20261009/s00/historical-package-lock.json

(node:23856) [UNDICI-EHPA] Warning: EnvHttpProxyAgent is experimental, expect them to change at any time.
(Use `node --trace-warnings ...` to show where the warning was created)
{
  "stage": "S00",
  "tests": {
    "S00_T01": "PASS",
    "S00_T02": "PASS",
    "S00_T03": "PASS",
    "S00_T04": "PASS",
    "S00_T05": "PASS",
    "S00_T06": "PASS"
  },
  "fixtureHash": "295c949a0cf5b2c7c06db81db91e42fd6fd4437fe5a2f23143c09ac4a7fbab21",
  "network": "NOT_USED",
  "exchangeWrites": 0,
  "engineLifecycle": "NOT_USED",
  "settingsModified": false,
  "verifierScope": "STATIC_READS_AND_OS_TEMP_ONLY",
  "entrypointReviewCount": 202,
  "entrypointStatusCounts": {
    "FORBIDDEN_OR_NOT_RUN": 180,
    "CONDITIONAL_NOT_RUN": 21,
    "ALLOWED_STATIC": 1
  },
  "engineTestIsolation": {
    "testFiles": 226,
    "openingAStore": 21,
    "everyStoreOpeningTestIsolated": true,
    "repositoryDataDirReferences": 0,
    "productionPortReferences": 0
  },
  "blockers": []
}
(node:19600) [UNDICI-EHPA] Warning: EnvHttpProxyAgent is experimental, expect them to change at any time.
(Use `node --trace-warnings ...` to show where the warning was created)
(node:20476) [UNDICI-EHPA] Warning: EnvHttpProxyAgent is experimental, expect them to change at any time.
(Use `node --trace-warnings ...` to show where the warning was created)

> zdj-mits-v3@3.9.8 typecheck
> npm run typecheck -ws --if-present

(node:17612) [UNDICI-EHPA] Warning: EnvHttpProxyAgent is experimental, expect them to change at any time.
(Use `node --trace-warnings ...` to show where the warning was created)
(node:5720) [UNDICI-EHPA] Warning: EnvHttpProxyAgent is experimental, expect them to change at any time.
(Use `node --trace-warnings ...` to show where the warning was created)

> @zdj/contracts@3.9.8 typecheck
> tsc -p tsconfig.json --noEmit


> @zdj/core@3.9.8 typecheck
> tsc -p tsconfig.json --noEmit


> @zdj/dashboard@3.9.8 typecheck
> vue-tsc --noEmit


> @zdj/engine@3.9.8 typecheck
> tsc -p tsconfig.json --noEmit

(node:3696) [UNDICI-EHPA] Warning: EnvHttpProxyAgent is experimental, expect them to change at any time.
(Use `node --trace-warnings ...` to show where the warning was created)
(node:1760) [UNDICI-EHPA] Warning: EnvHttpProxyAgent is experimental, expect them to change at any time.
(Use `node --trace-warnings ...` to show where the warning was created)

> zdj-mits-v3@3.9.8 build
> npm run build -ws --if-present

(node:10620) [UNDICI-EHPA] Warning: EnvHttpProxyAgent is experimental, expect them to change at any time.
(Use `node --trace-warnings ...` to show where the warning was created)
(node:18732) [UNDICI-EHPA] Warning: EnvHttpProxyAgent is experimental, expect them to change at any time.
(Use `node --trace-warnings ...` to show where the warning was created)

> @zdj/contracts@3.9.8 build
> tsc -p tsconfig.json


> @zdj/core@3.9.8 build
> tsc -p tsconfig.json


> @zdj/dashboard@3.9.8 build
> vue-tsc -b && vite build

(node:18704) [UNDICI-EHPA] Warning: EnvHttpProxyAgent is experimental, expect them to change at any time.
(Use `node --trace-warnings ...` to show where the warning was created)
vite v7.3.6 building client environment for production...
transforming...
✓ 2246 modules transformed.
rendering chunks...
computing gzip size...
dist/index.html                                                                0.42 kB │ gzip:   0.30 kB
dist/assets/financePerformance-CX0A5Y6c.css                                    0.27 kB │ gzip:   0.19 kB
dist/assets/BrainView-C19KGV8J.css                                             0.41 kB │ gzip:   0.25 kB
dist/assets/SettingsView-C12tN_s6.css                                          4.20 kB │ gzip:   1.10 kB
dist/assets/PerformanceView-BmI8qEi-.css                                       6.33 kB │ gzip:   1.42 kB
dist/assets/OverviewView-CGDHcNOF.css                                          9.15 kB │ gzip:   1.98 kB
dist/assets/index-Cp_LwitK.css                                                44.05 kB │ gzip:  10.05 kB
dist/assets/positionModel-UU3TmqIC.js                                          0.28 kB │ gzip:   0.20 kB
dist/assets/EmptyState.vue_vue_type_script_setup_true_lang-Dn1jW9uT.js         0.30 kB │ gzip:   0.24 kB
dist/assets/format-BTnsUY7D.js                                                 0.37 kB │ gzip:   0.28 kB
dist/assets/Panel.vue_vue_type_script_setup_true_lang-D_sP8aNS.js              0.56 kB │ gzip:   0.34 kB
dist/assets/StatusBadge.vue_vue_type_script_setup_true_lang-DeaDQqKy.js        0.58 kB │ gzip:   0.40 kB
dist/assets/MemoryView-B73q93tD.js                                             2.35 kB │ gzip:   1.18 kB
dist/assets/UniverseView-BWB2eeQ2.js                                           4.95 kB │ gzip:   2.14 kB
dist/assets/HumanManagedView-B4U7oO8-.js                                       6.89 kB │ gzip:   3.09 kB
dist/assets/PositionsView-qxnpzzQ0.js                                          7.30 kB │ gzip:   3.14 kB
dist/assets/OrdersView-nDaVeeNV.js                                             7.42 kB │ gzip:   2.73 kB
dist/assets/IntelligenceView-DOjlIL9s.js                                       7.88 kB │ gzip:   2.85 kB
dist/assets/TemporalIntelligenceView-DlaQaUC1.js                               8.24 kB │ gzip:   3.02 kB
dist/assets/OperationsView-BwMP6IgY.js                                         8.24 kB │ gzip:   3.42 kB
dist/assets/PositionConsole.vue_vue_type_script_setup_true_lang-D07EfwJd.js   13.21 kB │ gzip:   5.62 kB
dist/assets/BrainView-D5aXOGop.js                                             15.17 kB │ gzip:   6.03 kB
dist/assets/PerformanceView-Bi9shYcB.js                                       17.05 kB │ gzip:   7.19 kB
dist/assets/TradeRecordsView-DrloEls_.js                                      23.79 kB │ gzip:   8.79 kB
dist/assets/OverviewView-BeFyuCV_.js                                          70.04 kB │ gzip:  23.06 kB
dist/assets/SettingsView-B6enM86f.js                                          80.87 kB │ gzip:  23.78 kB
dist/assets/index-BdxLhg-x.js                                                292.72 kB │ gzip:  90.79 kB
dist/assets/financePerformance-FhoCYCuQ.js                                   523.04 kB │ gzip: 175.15 kB

(!) Some chunks are larger than 500 kB after minification. Consider:
- Using dynamic import() to code-split the application
- Use build.rollupOptions.output.manualChunks to improve chunking: https://rollupjs.org/configuration-options/#output-manualchunks
- Adjust chunk size limit for this warning via build.chunkSizeWarningLimit.
✓ built in 5.54s

> @zdj/engine@3.9.8 build
> tsc -p tsconfig.json

(node:23932) [UNDICI-EHPA] Warning: EnvHttpProxyAgent is experimental, expect them to change at any time.
(Use `node --trace-warnings ...` to show where the warning was created)
(node:9328) [UNDICI-EHPA] Warning: EnvHttpProxyAgent is experimental, expect them to change at any time.
(Use `node --trace-warnings ...` to show where the warning was created)

> @zdj/contracts@3.9.8 test
> vitest run --passWithNoTests

(node:10284) [UNDICI-EHPA] Warning: EnvHttpProxyAgent is experimental, expect them to change at any time.
(Use `node --trace-warnings ...` to show where the warning was created)

 RUN  v3.2.7 D:/MITS-WORKTREES/v398-network-recovery-field-20261010/packages/contracts

(node:24228) [UNDICI-EHPA] Warning: EnvHttpProxyAgent is experimental, expect them to change at any time.
(Use `node --trace-warnings ...` to show where the warning was created)
(node:24424) [UNDICI-EHPA] Warning: EnvHttpProxyAgent is experimental, expect them to change at any time.
(Use `node --trace-warnings ...` to show where the warning was created)
(node:7836) [UNDICI-EHPA] Warning: EnvHttpProxyAgent is experimental, expect them to change at any time.
(Use `node --trace-warnings ...` to show where the warning was created)
(node:22900) [UNDICI-EHPA] Warning: EnvHttpProxyAgent is experimental, expect them to change at any time.
(Use `node --trace-warnings ...` to show where the warning was created)
(node:8620) [UNDICI-EHPA] Warning: EnvHttpProxyAgent is experimental, expect them to change at any time.
(Use `node --trace-warnings ...` to show where the warning was created)
(node:25576) [UNDICI-EHPA] Warning: EnvHttpProxyAgent is experimental, expect them to change at any time.
(Use `node --trace-warnings ...` to show where the warning was created)
(node:9924) [UNDICI-EHPA] Warning: EnvHttpProxyAgent is experimental, expect them to change at any time.
(Use `node --trace-warnings ...` to show where the warning was created)
(node:23436) [UNDICI-EHPA] Warning: EnvHttpProxyAgent is experimental, expect them to change at any time.
(Use `node --trace-warnings ...` to show where the warning was created)
(node:15080) [UNDICI-EHPA] Warning: EnvHttpProxyAgent is experimental, expect them to change at any time.
(Use `node --trace-warnings ...` to show where the warning was created)
(node:22640) [UNDICI-EHPA] Warning: EnvHttpProxyAgent is experimental, expect them to change at any time.
(Use `node --trace-warnings ...` to show where the warning was created)
(node:12324) [UNDICI-EHPA] Warning: EnvHttpProxyAgent is experimental, expect them to change at any time.
(Use `node --trace-warnings ...` to show where the warning was created)
(node:17756) [UNDICI-EHPA] Warning: EnvHttpProxyAgent is experimental, expect them to change at any time.
(Use `node --trace-warnings ...` to show where the warning was created)
(node:4548) [UNDICI-EHPA] Warning: EnvHttpProxyAgent is experimental, expect them to change at any time.
(Use `node --trace-warnings ...` to show where the warning was created)
(node:21332) [UNDICI-EHPA] Warning: EnvHttpProxyAgent is experimental, expect them to change at any time.
(Use `node --trace-warnings ...` to show where the warning was created)
(node:24232) [UNDICI-EHPA] Warning: EnvHttpProxyAgent is experimental, expect them to change at any time.
(Use `node --trace-warnings ...` to show where the warning was created)
 ✓ src/entryEconomicMandate.test.ts (2 tests) 6ms

 Test Files  1 passed (1)
      Tests  2 passed (2)
   Start at  23:12:44
   Duration  476ms (transform 65ms, setup 0ms, collect 71ms, tests 6ms, environment 0ms, prepare 126ms)

(node:23528) [UNDICI-EHPA] Warning: EnvHttpProxyAgent is experimental, expect them to change at any time.
(Use `node --trace-warnings ...` to show where the warning was created)
(node:5972) [UNDICI-EHPA] Warning: EnvHttpProxyAgent is experimental, expect them to change at any time.
(Use `node --trace-warnings ...` to show where the warning was created)
(node:19128) [UNDICI-EHPA] Warning: EnvHttpProxyAgent is experimental, expect them to change at any time.
(Use `node --trace-warnings ...` to show where the warning was created)

> @zdj/core@3.9.8 test
> vitest run

(node:2344) [UNDICI-EHPA] Warning: EnvHttpProxyAgent is experimental, expect them to change at any time.
(Use `node --trace-warnings ...` to show where the warning was created)

 RUN  v3.2.7 D:/MITS-WORKTREES/v398-network-recovery-field-20261010/packages/core

(node:8264) [UNDICI-EHPA] Warning: EnvHttpProxyAgent is experimental, expect them to change at any time.
(Use `node --trace-warnings ...` to show where the warning was created)
(node:23196) [UNDICI-EHPA] Warning: EnvHttpProxyAgent is experimental, expect them to change at any time.
(Use `node --trace-warnings ...` to show where the warning was created)
(node:24564) [UNDICI-EHPA] Warning: EnvHttpProxyAgent is experimental, expect them to change at any time.
(Use `node --trace-warnings ...` to show where the warning was created)
(node:3604) [UNDICI-EHPA] Warning: EnvHttpProxyAgent is experimental, expect them to change at any time.
(Use `node --trace-warnings ...` to show where the warning was created)
(node:20484) [UNDICI-EHPA] Warning: EnvHttpProxyAgent is experimental, expect them to change at any time.
(Use `node --trace-warnings ...` to show where the warning was created)
(node:20492) [UNDICI-EHPA] Warning: EnvHttpProxyAgent is experimental, expect them to change at any time.
(Use `node --trace-warnings ...` to show where the warning was created)
(node:24500) [UNDICI-EHPA] Warning: EnvHttpProxyAgent is experimental, expect them to change at any time.
(Use `node --trace-warnings ...` to show where the warning was created)
(node:22888) [UNDICI-EHPA] Warning: EnvHttpProxyAgent is experimental, expect them to change at any time.
(Use `node --trace-warnings ...` to show where the warning was created)
(node:16116) [UNDICI-EHPA] Warning: EnvHttpProxyAgent is experimental, expect them to change at any time.
(Use `node --trace-warnings ...` to show where the warning was created)
(node:4780) [UNDICI-EHPA] Warning: EnvHttpProxyAgent is experimental, expect them to change at any time.
(Use `node --trace-warnings ...` to show where the warning was created)
(node:24984) [UNDICI-EHPA] Warning: EnvHttpProxyAgent is experimental, expect them to change at any time.
(Use `node --trace-warnings ...` to show where the warning was created)
(node:16168) [UNDICI-EHPA] Warning: EnvHttpProxyAgent is experimental, expect them to change at any time.
(Use `node --trace-warnings ...` to show where the warning was created)
(node:10588) [UNDICI-EHPA] Warning: EnvHttpProxyAgent is experimental, expect them to change at any time.
(Use `node --trace-warnings ...` to show where the warning was created)
(node:2728) [UNDICI-EHPA] Warning: EnvHttpProxyAgent is experimental, expect them to change at any time.
(Use `node --trace-warnings ...` to show where the warning was created)
(node:24804) [UNDICI-EHPA] Warning: EnvHttpProxyAgent is experimental, expect them to change at any time.
(Use `node --trace-warnings ...` to show where the warning was created)
 ✓ src/compactEntryBudget.test.ts (2 tests) 6ms
 ✓ src/tpStructure.test.ts (3 tests) 4ms
 ✓ src/tradingCost.test.ts (4 tests) 6ms
 ✓ src/makerPricing.test.ts (5 tests) 85ms
(node:23904) [UNDICI-EHPA] Warning: EnvHttpProxyAgent is experimental, expect them to change at any time.
(Use `node --trace-warnings ...` to show where the warning was created)
 ✓ src/selection.test.ts (9 tests) 19ms
(node:23920) [UNDICI-EHPA] Warning: EnvHttpProxyAgent is experimental, expect them to change at any time.
(Use `node --trace-warnings ...` to show where the warning was created)
(node:14300) [UNDICI-EHPA] Warning: EnvHttpProxyAgent is experimental, expect them to change at any time.
(Use `node --trace-warnings ...` to show where the warning was created)
(node:23776) [UNDICI-EHPA] Warning: EnvHttpProxyAgent is experimental, expect them to change at any time.
(Use `node --trace-warnings ...` to show where the warning was created)
(node:18988) [UNDICI-EHPA] Warning: EnvHttpProxyAgent is experimental, expect them to change at any time.
(Use `node --trace-warnings ...` to show where the warning was created)
 ✓ src/assetAdmission.test.ts (3 tests) 3ms
 ✓ src/pool.test.ts (12 tests) 9ms
 ✓ src/portfolio.test.ts (17 tests) 17ms
 ✓ src/capitalAdmission.test.ts (8 tests) 12ms

 Test Files  9 passed (9)
      Tests  63 passed (63)
   Start at  23:12:45
   Duration  926ms (transform 649ms, setup 0ms, collect 2.18s, tests 162ms, environment 2ms, prepare 1.51s)

(node:12416) [UNDICI-EHPA] Warning: EnvHttpProxyAgent is experimental, expect them to change at any time.
(Use `node --trace-warnings ...` to show where the warning was created)
(node:15396) [UNDICI-EHPA] Warning: EnvHttpProxyAgent is experimental, expect them to change at any time.
(Use `node --trace-warnings ...` to show where the warning was created)
(node:22884) [UNDICI-EHPA] Warning: EnvHttpProxyAgent is experimental, expect them to change at any time.
(Use `node --trace-warnings ...` to show where the warning was created)
(node:13092) [UNDICI-EHPA] Warning: EnvHttpProxyAgent is experimental, expect them to change at any time.
(Use `node --trace-warnings ...` to show where the warning was created)
(node:26024) [UNDICI-EHPA] Warning: EnvHttpProxyAgent is experimental, expect them to change at any time.
(Use `node --trace-warnings ...` to show where the warning was created)
(node:4148) [UNDICI-EHPA] Warning: EnvHttpProxyAgent is experimental, expect them to change at any time.
(Use `node --trace-warnings ...` to show where the warning was created)

> @zdj/dashboard@3.9.8 test
> vitest run

(node:16904) [UNDICI-EHPA] Warning: EnvHttpProxyAgent is experimental, expect them to change at any time.
(Use `node --trace-warnings ...` to show where the warning was created)

 RUN  v3.2.7 D:/MITS-WORKTREES/v398-network-recovery-field-20261010/apps/dashboard

(node:23272) [UNDICI-EHPA] Warning: EnvHttpProxyAgent is experimental, expect them to change at any time.
(Use `node --trace-warnings ...` to show where the warning was created)
(node:6224) [UNDICI-EHPA] Warning: EnvHttpProxyAgent is experimental, expect them to change at any time.
(Use `node --trace-warnings ...` to show where the warning was created)
(node:18752) [UNDICI-EHPA] Warning: EnvHttpProxyAgent is experimental, expect them to change at any time.
(Use `node --trace-warnings ...` to show where the warning was created)
(node:20212) [UNDICI-EHPA] Warning: EnvHttpProxyAgent is experimental, expect them to change at any time.
(Use `node --trace-warnings ...` to show where the warning was created)
 ✓ src/views/SettingsView.resources.test.ts (6 tests) 279ms
(node:2924) [UNDICI-EHPA] Warning: EnvHttpProxyAgent is experimental, expect them to change at any time.
(Use `node --trace-warnings ...` to show where the warning was created)
 ✓ src/views/OverviewView.conversion.test.ts (6 tests) 327ms
(node:26240) [UNDICI-EHPA] Warning: EnvHttpProxyAgent is experimental, expect them to change at any time.
(Use `node --trace-warnings ...` to show where the warning was created)
 ✓ src/views/OverviewView.executionTruth.test.ts (14 tests) 617ms
(node:22868) [UNDICI-EHPA] Warning: EnvHttpProxyAgent is experimental, expect them to change at any time.
(Use `node --trace-warnings ...` to show where the warning was created)
 ✓ src/views/OverviewView.capacity.test.ts (21 tests) 879ms
(node:8532) [UNDICI-EHPA] Warning: EnvHttpProxyAgent is experimental, expect them to change at any time.
(Use `node --trace-warnings ...` to show where the warning was created)
 ✓ src/views/SettingsView.exposure.test.ts (7 tests) 228ms
(node:3932) [UNDICI-EHPA] Warning: EnvHttpProxyAgent is experimental, expect them to change at any time.
(Use `node --trace-warnings ...` to show where the warning was created)
 ✓ src/views/BrainView.auditDrawer.test.ts (6 tests) 213ms
(node:13628) [UNDICI-EHPA] Warning: EnvHttpProxyAgent is experimental, expect them to change at any time.
(Use `node --trace-warnings ...` to show where the warning was created)
 ✓ src/views/HumanManagedView.holding.test.ts (4 tests) 122ms
(node:22808) [UNDICI-EHPA] Warning: EnvHttpProxyAgent is experimental, expect them to change at any time.
(Use `node --trace-warnings ...` to show where the warning was created)
 ✓ src/views/PositionsView.holding.test.ts (5 tests) 147ms
(node:8624) [UNDICI-EHPA] Warning: EnvHttpProxyAgent is experimental, expect them to change at any time.
(Use `node --trace-warnings ...` to show where the warning was created)
 ✓ src/components/PositionConsole.holding.test.ts (5 tests) 108ms
(node:26500) [UNDICI-EHPA] Warning: EnvHttpProxyAgent is experimental, expect them to change at any time.
(Use `node --trace-warnings ...` to show where the warning was created)
 ✓ src/views/BrainView.execution.test.ts (3 tests) 113ms
(node:24928) [UNDICI-EHPA] Warning: EnvHttpProxyAgent is experimental, expect them to change at any time.
(Use `node --trace-warnings ...` to show where the warning was created)
 ✓ src/components/CockpitOverviewTop.test.ts (2 tests) 124ms
(node:16800) [UNDICI-EHPA] Warning: EnvHttpProxyAgent is experimental, expect them to change at any time.
(Use `node --trace-warnings ...` to show where the warning was created)
 ✓ src/layouts/AppShell.incidents.test.ts (2 tests) 117ms
(node:24844) [UNDICI-EHPA] Warning: EnvHttpProxyAgent is experimental, expect them to change at any time.
(Use `node --trace-warnings ...` to show where the warning was created)
 ✓ src/views/PerformanceView.test.ts (2 tests) 110ms
(node:9632) [UNDICI-EHPA] Warning: EnvHttpProxyAgent is experimental, expect them to change at any time.
(Use `node --trace-warnings ...` to show where the warning was created)
 ✓ src/views/TradeRecordsView.integrity.test.ts (1 test) 76ms
(node:25268) [UNDICI-EHPA] Warning: EnvHttpProxyAgent is experimental, expect them to change at any time.
(Use `node --trace-warnings ...` to show where the warning was created)
 ✓ src/views/TradeRecordsView.test.ts (1 test) 69ms
(node:14656) [UNDICI-EHPA] Warning: EnvHttpProxyAgent is experimental, expect them to change at any time.
(Use `node --trace-warnings ...` to show where the warning was created)
 ✓ src/views/OverviewView.test.ts (1 test) 108ms
(node:2276) [UNDICI-EHPA] Warning: EnvHttpProxyAgent is experimental, expect them to change at any time.
(Use `node --trace-warnings ...` to show where the warning was created)
 ✓ src/utils/holdingDuration.test.ts (15 tests) 22ms
(node:26072) [UNDICI-EHPA] Warning: EnvHttpProxyAgent is experimental, expect them to change at any time.
(Use `node --trace-warnings ...` to show where the warning was created)
 ✓ src/components/FinanceRiskAtlas.test.ts (3 tests) 70ms
 ✓ src/testing/dashboardSnapshotFixture.test.ts (3 tests) 15ms
 ✓ src/utils/useNow.test.ts (1 test) 19ms
(node:13592) [UNDICI-EHPA] Warning: EnvHttpProxyAgent is experimental, expect them to change at any time.
(Use `node --trace-warnings ...` to show where the warning was created)
(node:23240) [UNDICI-EHPA] Warning: EnvHttpProxyAgent is experimental, expect them to change at any time.
(Use `node --trace-warnings ...` to show where the warning was created)
(node:26028) [UNDICI-EHPA] Warning: EnvHttpProxyAgent is experimental, expect them to change at any time.
(Use `node --trace-warnings ...` to show where the warning was created)
 ✓ src/governancePanel.test.ts (8 tests) 8ms
 ✓ src/stores/passiveRefresh.test.ts (1 test) 8ms
 ✓ src/utils/performanceFacts.test.ts (5 tests) 6ms
 ✓ src/utils/cockpitStatus.test.ts (3 tests) 5ms
(node:20884) [UNDICI-EHPA] Warning: EnvHttpProxyAgent is experimental, expect them to change at any time.
(Use `node --trace-warnings ...` to show where the warning was created)
(node:25640) [UNDICI-EHPA] Warning: EnvHttpProxyAgent is experimental, expect them to change at any time.
(Use `node --trace-warnings ...` to show where the warning was created)
(node:5712) [UNDICI-EHPA] Warning: EnvHttpProxyAgent is experimental, expect them to change at any time.
(Use `node --trace-warnings ...` to show where the warning was created)
(node:22668) [UNDICI-EHPA] Warning: EnvHttpProxyAgent is experimental, expect them to change at any time.
(Use `node --trace-warnings ...` to show where the warning was created)
 ✓ src/utils/financePerformance.test.ts (5 tests) 6ms
 ✓ src/blacklistInput.test.ts (2 tests) 4ms
 ✓ src/positionModel.test.ts (4 tests) 4ms
(node:23008) [UNDICI-EHPA] Warning: EnvHttpProxyAgent is experimental, expect them to change at any time.
(Use `node --trace-warnings ...` to show where the warning was created)
 ✓ src/navigation.test.ts (2 tests) 5ms
(node:4656) [UNDICI-EHPA] Warning: EnvHttpProxyAgent is experimental, expect them to change at any time.
(Use `node --trace-warnings ...` to show where the warning was created)
(node:15548) [UNDICI-EHPA] Warning: EnvHttpProxyAgent is experimental, expect them to change at any time.
(Use `node --trace-warnings ...` to show where the warning was created)
(node:11728) [UNDICI-EHPA] Warning: EnvHttpProxyAgent is experimental, expect them to change at any time.
(Use `node --trace-warnings ...` to show where the warning was created)
 ✓ src/candidateBlacklistDto.test.ts (2 tests) 4ms
 ✓ src/requestId.test.ts (3 tests) 3ms
 ✓ src/stores/system.test.ts (1 test) 3ms
 ✓ src/views/tradeClosePresentation.test.ts (7 tests) 4ms
(node:19900) [UNDICI-EHPA] Warning: EnvHttpProxyAgent is experimental, expect them to change at any time.
(Use `node --trace-warnings ...` to show where the warning was created)
(node:2752) [UNDICI-EHPA] Warning: EnvHttpProxyAgent is experimental, expect them to change at any time.
(Use `node --trace-warnings ...` to show where the warning was created)
(node:22888) [UNDICI-EHPA] Warning: EnvHttpProxyAgent is experimental, expect them to change at any time.
(Use `node --trace-warnings ...` to show where the warning was created)
(node:14168) [UNDICI-EHPA] Warning: EnvHttpProxyAgent is experimental, expect them to change at any time.
(Use `node --trace-warnings ...` to show where the warning was created)
 ✓ src/tradingParameterProfiles.test.ts (2 tests) 3ms

 Test Files  33 passed (33)
      Tests  153 passed (153)
   Start at  23:12:47
   Duration  9.56s (transform 1.53s, setup 0ms, collect 10.77s, tests 3.82s, environment 14.36s, prepare 3.21s)

(node:12612) [UNDICI-EHPA] Warning: EnvHttpProxyAgent is experimental, expect them to change at any time.
(Use `node --trace-warnings ...` to show where the warning was created)
(node:25580) [UNDICI-EHPA] Warning: EnvHttpProxyAgent is experimental, expect them to change at any time.
(Use `node --trace-warnings ...` to show where the warning was created)
(node:9608) [UNDICI-EHPA] Warning: EnvHttpProxyAgent is experimental, expect them to change at any time.
(Use `node --trace-warnings ...` to show where the warning was created)

> @zdj/engine@3.9.8 test:ci
> vitest run --pool=forks --maxWorkers=1 --shard=1/4 && vitest run --pool=forks --maxWorkers=1 --shard=2/4 && vitest run --pool=forks --maxWorkers=1 --shard=3/4 && vitest run --pool=forks --maxWorkers=1 --shard=4/4

(node:19016) [UNDICI-EHPA] Warning: EnvHttpProxyAgent is experimental, expect them to change at any time.
(Use `node --trace-warnings ...` to show where the warning was created)
VITEST_TEST_TIMEOUT=5000 CI=

 RUN  v3.2.7 D:/MITS-WORKTREES/v398-network-recovery-field-20261010/apps/engine

(node:15096) [UNDICI-EHPA] Warning: EnvHttpProxyAgent is experimental, expect them to change at any time.
(Use `node --trace-warnings ...` to show where the warning was created)
(node:15096) ExperimentalWarning: SQLite is an experimental feature and might change at any time
 ✓ src/services/entrySubmissionIdentity.integration.test.ts (13 tests) 1474ms
(node:7032) [UNDICI-EHPA] Warning: EnvHttpProxyAgent is experimental, expect them to change at any time.
(Use `node --trace-warnings ...` to show where the warning was created)
(node:7032) ExperimentalWarning: SQLite is an experimental feature and might change at any time
 ✓ src/services/s04ExitCoordination.test.ts (11 tests) 949ms
(node:11196) [UNDICI-EHPA] Warning: EnvHttpProxyAgent is experimental, expect them to change at any time.
(Use `node --trace-warnings ...` to show where the warning was created)
(node:11196) ExperimentalWarning: SQLite is an experimental feature and might change at any time
(node:11196) [UNDICI-EHPA] Warning: EnvHttpProxyAgent is experimental, expect them to change at any time.
(Use `node --trace-warnings ...` to show where the warning was created)
(node:11196) [UNDICI-EHPA] Warning: EnvHttpProxyAgent is experimental, expect them to change at any time.
(Use `node --trace-warnings ...` to show where the warning was created)
(node:11196) [UNDICI-EHPA] Warning: EnvHttpProxyAgent is experimental, expect them to change at any time.
(Use `node --trace-warnings ...` to show where the warning was created)
(node:11196) [UNDICI-EHPA] Warning: EnvHttpProxyAgent is experimental, expect them to change at any time.
(Use `node --trace-warnings ...` to show where the warning was created)
(node:11196) [UNDICI-EHPA] Warning: EnvHttpProxyAgent is experimental, expect them to change at any time.
(Use `node --trace-warnings ...` to show where the warning was created)
(node:11196) [UNDICI-EHPA] Warning: EnvHttpProxyAgent is experimental, expect them to change at any time.
(Use `node --trace-warnings ...` to show where the warning was created)
(node:11196) [UNDICI-EHPA] Warning: EnvHttpProxyAgent is experimental, expect them to change at any time.
(Use `node --trace-warnings ...` to show where the warning was created)
(node:11196) [UNDICI-EHPA] Warning: EnvHttpProxyAgent is experimental, expect them to change at any time.
(Use `node --trace-warnings ...` to show where the warning was created)
(node:11196) [UNDICI-EHPA] Warning: EnvHttpProxyAgent is experimental, expect them to change at any time.
(Use `node --trace-warnings ...` to show where the warning was created)
(node:11196) [UNDICI-EHPA] Warning: EnvHttpProxyAgent is experimental, expect them to change at any time.
(Use `node --trace-warnings ...` to show where the warning was created)
(node:11196) [UNDICI-EHPA] Warning: EnvHttpProxyAgent is experimental, expect them to change at any time.
(Use `node --trace-warnings ...` to show where the warning was created)
(node:11196) [UNDICI-EHPA] Warning: EnvHttpProxyAgent is experimental, expect them to change at any time.
(Use `node --trace-warnings ...` to show where the warning was created)
 ✓ src/services/aiFabric.test.ts (14 tests) 2913ms
   ✓ Primary decision fail-closed normalization > normalizes a reject without inventing an executable side  314ms
(node:17288) [UNDICI-EHPA] Warning: EnvHttpProxyAgent is experimental, expect them to change at any time.
(Use `node --trace-warnings ...` to show where the warning was created)
(node:17288) ExperimentalWarning: SQLite is an experimental feature and might change at any time
(node:17288) [UNDICI-EHPA] Warning: EnvHttpProxyAgent is experimental, expect them to change at any time.
(Use `node --trace-warnings ...` to show where the warning was created)
(node:17288) [UNDICI-EHPA] Warning: EnvHttpProxyAgent is experimental, expect them to change at any time.
(Use `node --trace-warnings ...` to show where the warning was created)
(node:17288) [UNDICI-EHPA] Warning: EnvHttpProxyAgent is experimental, expect them to change at any time.
(Use `node --trace-warnings ...` to show where the warning was created)
(node:17288) [UNDICI-EHPA] Warning: EnvHttpProxyAgent is experimental, expect them to change at any time.
(Use `node --trace-warnings ...` to show where the warning was created)
(node:17288) [UNDICI-EHPA] Warning: EnvHttpProxyAgent is experimental, expect them to change at any time.
(Use `node --trace-warnings ...` to show where the warning was created)
(node:17288) [UNDICI-EHPA] Warning: EnvHttpProxyAgent is experimental, expect them to change at any time.
(Use `node --trace-warnings ...` to show where the warning was created)
 ✓ src/runtime/appRuntime.test.ts (8 tests) 1901ms
   ✓ mock V3 runtime > retains an in-flight cohort hydrate through the real runtime sync, then admits its snapshot  397ms
   ✓ does not publish into the closed database from queued UI snapshots  790ms
(node:13900) [UNDICI-EHPA] Warning: EnvHttpProxyAgent is experimental, expect them to change at any time.
(Use `node --trace-warnings ...` to show where the warning was created)
(node:13900) ExperimentalWarning: SQLite is an experimental feature and might change at any time
 ✓ src/services/unknownProofHydration.test.ts (13 tests) 610ms
(node:8636) [UNDICI-EHPA] Warning: EnvHttpProxyAgent is experimental, expect them to change at any time.
(Use `node --trace-warnings ...` to show where the warning was created)
(node:8636) ExperimentalWarning: SQLite is an experimental feature and might change at any time
 ✓ src/services/executionLifecycle.integration.test.ts (17 tests) 1497ms
   ✓ V3.9 execution outcomes with real services > retains UNKNOWN claim across SQLite reopen without another submission  326ms
(node:20024) [UNDICI-EHPA] Warning: EnvHttpProxyAgent is experimental, expect them to change at any time.
(Use `node --trace-warnings ...` to show where the warning was created)
(node:20024) ExperimentalWarning: SQLite is an experimental feature and might change at any time
(node:20024) [UNDICI-EHPA] Warning: EnvHttpProxyAgent is experimental, expect them to change at any time.
(Use `node --trace-warnings ...` to show where the warning was created)
(node:20024) [UNDICI-EHPA] Warning: EnvHttpProxyAgent is experimental, expect them to change at any time.
(Use `node --trace-warnings ...` to show where the warning was created)
(node:20024) [UNDICI-EHPA] Warning: EnvHttpProxyAgent is experimental, expect them to change at any time.
(Use `node --trace-warnings ...` to show where the warning was created)
(node:20024) [UNDICI-EHPA] Warning: EnvHttpProxyAgent is experimental, expect them to change at any time.
(Use `node --trace-warnings ...` to show where the warning was created)
(node:20024) [UNDICI-EHPA] Warning: EnvHttpProxyAgent is experimental, expect them to change at any time.
(Use `node --trace-warnings ...` to show where the warning was created)
(node:20024) [UNDICI-EHPA] Warning: EnvHttpProxyAgent is experimental, expect them to change at any time.
(Use `node --trace-warnings ...` to show where the warning was created)
 ✓ src/api/snapshotReadOnly.test.ts (6 tests) 2090ms
   ✓ TradeRecord GET list/detail and Experience perform zero SQLite writes and zero state mutation  869ms
(node:16736) [UNDICI-EHPA] Warning: EnvHttpProxyAgent is experimental, expect them to change at any time.
(Use `node --trace-warnings ...` to show where the warning was created)
(node:16736) ExperimentalWarning: SQLite is an experimental feature and might change at any time
 ✓ src/services/j5SettingsGovernanceHostile.test.ts (24 tests) 404ms
(node:23868) [UNDICI-EHPA] Warning: EnvHttpProxyAgent is experimental, expect them to change at any time.
(Use `node --trace-warnings ...` to show where the warning was created)
(node:23868) ExperimentalWarning: SQLite is an experimental feature and might change at any time
 ✓ src/state/reservationConvergence.test.ts (13 tests) 224ms
(node:12244) [UNDICI-EHPA] Warning: EnvHttpProxyAgent is experimental, expect them to change at any time.
(Use `node --trace-warnings ...` to show where the warning was created)
(node:12244) ExperimentalWarning: SQLite is an experimental feature and might change at any time
(node:12244) [UNDICI-EHPA] Warning: EnvHttpProxyAgent is experimental, expect them to change at any time.
(Use `node --trace-warnings ...` to show where the warning was created)
 ✓ src/runtime/riskPauseOverride.test.ts (1 test) 428ms
   ✓ Testnet risk-pause override > TESTNET records daily loss without pausing Entry, including restored state  427ms
(node:25140) [UNDICI-EHPA] Warning: EnvHttpProxyAgent is experimental, expect them to change at any time.
(Use `node --trace-warnings ...` to show where the warning was created)
(node:25140) ExperimentalWarning: SQLite is an experimental feature and might change at any time
 ✓ src/services/ownershipRuntime.test.ts (5 tests) 182ms
(node:14472) [UNDICI-EHPA] Warning: EnvHttpProxyAgent is experimental, expect them to change at any time.
(Use `node --trace-warnings ...` to show where the warning was created)
 ✓ src/api/runtimeSettingsResources.test.ts (20 tests) 336ms
(node:21404) [UNDICI-EHPA] Warning: EnvHttpProxyAgent is experimental, expect them to change at any time.
(Use `node --trace-warnings ...` to show where the warning was created)
 ✓ src/services/primaryCadenceDispatch.test.ts (6 tests) 317ms
(node:22900) [UNDICI-EHPA] Warning: EnvHttpProxyAgent is experimental, expect them to change at any time.
(Use `node --trace-warnings ...` to show where the warning was created)
 ✓ src/adapters/binance/requestBudget.test.ts (26 tests) 86ms
(node:15316) [UNDICI-EHPA] Warning: EnvHttpProxyAgent is experimental, expect them to change at any time.
(Use `node --trace-warnings ...` to show where the warning was created)
(node:15316) ExperimentalWarning: SQLite is an experimental feature and might change at any time
(node:15316) [UNDICI-EHPA] Warning: EnvHttpProxyAgent is experimental, expect them to change at any time.
(Use `node --trace-warnings ...` to show where the warning was created)
 ✓ src/services/j1AiExitConsumer.test.ts (13 tests) 283ms
(node:12784) [UNDICI-EHPA] Warning: EnvHttpProxyAgent is experimental, expect them to change at any time.
(Use `node --trace-warnings ...` to show where the warning was created)
 ✓ src/services/s05ConsumerBoundary.test.ts (4 tests) 235ms
(node:23212) [UNDICI-EHPA] Warning: EnvHttpProxyAgent is experimental, expect them to change at any time.
(Use `node --trace-warnings ...` to show where the warning was created)
(node:23212) ExperimentalWarning: SQLite is an experimental feature and might change at any time
 ✓ src/services/testnetRiskAuthority.test.ts (34 tests) 212ms
(node:25748) [UNDICI-EHPA] Warning: EnvHttpProxyAgent is experimental, expect them to change at any time.
(Use `node --trace-warnings ...` to show where the warning was created)
 ✓ src/services/preAiPlanFeasibility.test.ts (9 tests) 155ms
(node:18372) [UNDICI-EHPA] Warning: EnvHttpProxyAgent is experimental, expect them to change at any time.
(Use `node --trace-warnings ...` to show where the warning was created)
 ✓ src/services/grossRiskCapacityVisibility.test.ts (16 tests) 159ms
(node:3560) [UNDICI-EHPA] Warning: EnvHttpProxyAgent is experimental, expect them to change at any time.
(Use `node --trace-warnings ...` to show where the warning was created)
(node:3560) ExperimentalWarning: SQLite is an experimental feature and might change at any time
 ✓ src/services/manualPositionService.test.ts (21 tests) 156ms
(node:18396) [UNDICI-EHPA] Warning: EnvHttpProxyAgent is experimental, expect them to change at any time.
(Use `node --trace-warnings ...` to show where the warning was created)
(node:18396) ExperimentalWarning: SQLite is an experimental feature and might change at any time
 ✓ src/config/noAddOriginLedger.test.ts (2 tests) 57ms
(node:23984) [UNDICI-EHPA] Warning: EnvHttpProxyAgent is experimental, expect them to change at any time.
(Use `node --trace-warnings ...` to show where the warning was created)
(node:23984) ExperimentalWarning: SQLite is an experimental feature and might change at any time
 ✓ src/services/tpGuardianCrossedTruth.test.ts (11 tests) 55ms
(node:2864) [UNDICI-EHPA] Warning: EnvHttpProxyAgent is experimental, expect them to change at any time.
(Use `node --trace-warnings ...` to show where the warning was created)
(node:2864) ExperimentalWarning: SQLite is an experimental feature and might change at any time
 ✓ src/services/tpSubmissionOutcome.test.ts (10 tests) 42ms
(node:17764) [UNDICI-EHPA] Warning: EnvHttpProxyAgent is experimental, expect them to change at any time.
(Use `node --trace-warnings ...` to show where the warning was created)
 ✓ src/services/positionCycleLotAccounting.test.ts (29 tests) 43ms
(node:16268) [UNDICI-EHPA] Warning: EnvHttpProxyAgent is experimental, expect them to change at any time.
(Use `node --trace-warnings ...` to show where the warning was created)
(node:16268) ExperimentalWarning: SQLite is an experimental feature and might change at any time
 ✓ src/services/j1ExitTruthHostile.test.ts (10 tests) 39ms
(node:15988) [UNDICI-EHPA] Warning: EnvHttpProxyAgent is experimental, expect them to change at any time.
(Use `node --trace-warnings ...` to show where the warning was created)
 ✓ src/services/reconciliationService.test.ts (21 tests) 35ms
(node:10424) [UNDICI-EHPA] Warning: EnvHttpProxyAgent is experimental, expect them to change at any time.
(Use `node --trace-warnings ...` to show where the warning was created)
 ✓ src/services/cycleAccounting.test.ts (16 tests) 35ms
(node:24356) [UNDICI-EHPA] Warning: EnvHttpProxyAgent is experimental, expect them to change at any time.
(Use `node --trace-warnings ...` to show where the warning was created)
 ✓ src/services/capitalCapacityModel.test.ts (12 tests) 28ms
(node:8280) [UNDICI-EHPA] Warning: EnvHttpProxyAgent is experimental, expect them to change at any time.
(Use `node --trace-warnings ...` to show where the warning was created)
 ✓ src/services/entryLeverageFacts.test.ts (10 tests) 29ms
(node:4656) [UNDICI-EHPA] Warning: EnvHttpProxyAgent is experimental, expect them to change at any time.
(Use `node --trace-warnings ...` to show where the warning was created)
 ✓ src/services/v398RiskQuantityBounds.test.ts (5 tests) 27ms
(node:23036) [UNDICI-EHPA] Warning: EnvHttpProxyAgent is experimental, expect them to change at any time.
(Use `node --trace-warnings ...` to show where the warning was created)
 ✓ src/services/reconciliationCoverageContract.test.ts (6 tests) 25ms
(node:8264) [UNDICI-EHPA] Warning: EnvHttpProxyAgent is experimental, expect them to change at any time.
(Use `node --trace-warnings ...` to show where the warning was created)
 ✓ src/services/positionRiskV3Facts.test.ts (17 tests) 23ms
(node:14888) [UNDICI-EHPA] Warning: EnvHttpProxyAgent is experimental, expect them to change at any time.
(Use `node --trace-warnings ...` to show where the warning was created)
 ✓ src/services/pendingRiskOccupancyConvergence.test.ts (11 tests) 24ms
(node:15556) [UNDICI-EHPA] Warning: EnvHttpProxyAgent is experimental, expect them to change at any time.
(Use `node --trace-warnings ...` to show where the warning was created)
 ✓ src/services/tradingLoopRepair.test.ts (24 tests) 20ms
(node:22888) [UNDICI-EHPA] Warning: EnvHttpProxyAgent is experimental, expect them to change at any time.
(Use `node --trace-warnings ...` to show where the warning was created)
 ✓ src/services/liveValidationObservation.test.ts (2 tests) 18ms
(node:22988) [UNDICI-EHPA] Warning: EnvHttpProxyAgent is experimental, expect them to change at any time.
(Use `node --trace-warnings ...` to show where the warning was created)
 ✓ src/services/entryFundingUniverse.test.ts (11 tests) 17ms
(node:12480) [UNDICI-EHPA] Warning: EnvHttpProxyAgent is experimental, expect them to change at any time.
(Use `node --trace-warnings ...` to show where the warning was created)
 ✓ src/services/externalIntelligenceService.test.ts (5 tests) 14ms
(node:2256) [UNDICI-EHPA] Warning: EnvHttpProxyAgent is experimental, expect them to change at any time.
(Use `node --trace-warnings ...` to show where the warning was created)
 ✓ src/services/v396AuditFollowup.test.ts (8 tests) 16ms
(node:23364) [UNDICI-EHPA] Warning: EnvHttpProxyAgent is experimental, expect them to change at any time.
(Use `node --trace-warnings ...` to show where the warning was created)
 ✓ src/services/operationalIncidents.test.ts (20 tests) 13ms
(node:440) [UNDICI-EHPA] Warning: EnvHttpProxyAgent is experimental, expect them to change at any time.
(Use `node --trace-warnings ...` to show where the warning was created)
 ✓ src/services/executableRiskHeadroom.test.ts (6 tests) 12ms
(node:23188) [UNDICI-EHPA] Warning: EnvHttpProxyAgent is experimental, expect them to change at any time.
(Use `node --trace-warnings ...` to show where the warning was created)
 ✓ src/services/marketDataHubSlowFields.test.ts (4 tests) 10ms
(node:25172) [UNDICI-EHPA] Warning: EnvHttpProxyAgent is experimental, expect them to change at any time.
(Use `node --trace-warnings ...` to show where the warning was created)
 ✓ src/services/pipelineVerdict.test.ts (14 tests) 8ms
(node:25264) [UNDICI-EHPA] Warning: EnvHttpProxyAgent is experimental, expect them to change at any time.
(Use `node --trace-warnings ...` to show where the warning was created)
 ✓ src/config/aiResourceLoader.test.ts (1 test) 8ms
(node:19644) [UNDICI-EHPA] Warning: EnvHttpProxyAgent is experimental, expect them to change at any time.
(Use `node --trace-warnings ...` to show where the warning was created)
 ✓ src/services/entryCapacityTrace.test.ts (12 tests) 7ms
(node:22396) [UNDICI-EHPA] Warning: EnvHttpProxyAgent is experimental, expect them to change at any time.
(Use `node --trace-warnings ...` to show where the warning was created)
 ✓ src/api/executionTruthSplit.test.ts (6 tests) 7ms
(node:23684) [UNDICI-EHPA] Warning: EnvHttpProxyAgent is experimental, expect them to change at any time.
(Use `node --trace-warnings ...` to show where the warning was created)
 ✓ src/services/nearMarketPrice.test.ts (4 tests) 6ms
(node:18568) [UNDICI-EHPA] Warning: EnvHttpProxyAgent is experimental, expect them to change at any time.
(Use `node --trace-warnings ...` to show where the warning was created)
 ✓ src/services/hostPerformanceSampler.test.ts (4 tests) 6ms
(node:15356) [UNDICI-EHPA] Warning: EnvHttpProxyAgent is experimental, expect them to change at any time.
(Use `node --trace-warnings ...` to show where the warning was created)
 ✓ src/services/aiPhysicalResourceScheduler.test.ts (3 tests) 4ms
(node:12416) [UNDICI-EHPA] Warning: EnvHttpProxyAgent is experimental, expect them to change at any time.
(Use `node --trace-warnings ...` to show where the warning was created)
 ✓ src/services/binanceClientOrderIdFactory.test.ts (3 tests) 4ms
(node:26088) [UNDICI-EHPA] Warning: EnvHttpProxyAgent is experimental, expect them to change at any time.
(Use `node --trace-warnings ...` to show where the warning was created)
 ✓ src/services/reconciliationOpenOrdersProjection.test.ts (2 tests) 4ms
(node:25612) [UNDICI-EHPA] Warning: EnvHttpProxyAgent is experimental, expect them to change at any time.
(Use `node --trace-warnings ...` to show where the warning was created)
 ✓ src/services/accountValuation.test.ts (3 tests) 5ms
(node:26156) [UNDICI-EHPA] Warning: EnvHttpProxyAgent is experimental, expect them to change at any time.
(Use `node --trace-warnings ...` to show where the warning was created)
 ✓ src/adapters/market/BinanceExchangeInfoSingleFlight.test.ts (1 test) 4ms
(node:2340) [UNDICI-EHPA] Warning: EnvHttpProxyAgent is experimental, expect them to change at any time.
(Use `node --trace-warnings ...` to show where the warning was created)
 ✓ src/services/humanManagedProjection.test.ts (1 test) 4ms
(node:17048) [UNDICI-EHPA] Warning: EnvHttpProxyAgent is experimental, expect them to change at any time.
(Use `node --trace-warnings ...` to show where the warning was created)
 ✓ src/services/p0RiskConvergence.test.ts (3 tests) 3ms
(node:12320) [UNDICI-EHPA] Warning: EnvHttpProxyAgent is experimental, expect them to change at any time.
(Use `node --trace-warnings ...` to show where the warning was created)
 ✓ src/services/unsubmittedEntryRecovery.test.ts (2 tests) 3ms
(node:25052) [UNDICI-EHPA] Warning: EnvHttpProxyAgent is experimental, expect them to change at any time.
(Use `node --trace-warnings ...` to show where the warning was created)
 ✓ src/config/engineTestTimeout.test.ts (1 test) 2ms
(node:10444) [UNDICI-EHPA] Warning: EnvHttpProxyAgent is experimental, expect them to change at any time.
(Use `node --trace-warnings ...` to show where the warning was created)
 ✓ src/adapters/binance/BinanceTransportLanes.test.ts (3 tests) 3ms

 Test Files  57 passed (57)
      Tests  577 passed (577)
   Start at  23:12:58
   Duration  37.15s (transform 1.69s, setup 0ms, collect 9.52s, tests 15.27s, environment 9ms, prepare 4.66s)

(node:15824) [UNDICI-EHPA] Warning: EnvHttpProxyAgent is experimental, expect them to change at any time.
(Use `node --trace-warnings ...` to show where the warning was created)
(node:24056) [UNDICI-EHPA] Warning: EnvHttpProxyAgent is experimental, expect them to change at any time.
(Use `node --trace-warnings ...` to show where the warning was created)
VITEST_TEST_TIMEOUT=5000 CI=

 RUN  v3.2.7 D:/MITS-WORKTREES/v398-network-recovery-field-20261010/apps/engine

(node:19952) [UNDICI-EHPA] Warning: EnvHttpProxyAgent is experimental, expect them to change at any time.
(Use `node --trace-warnings ...` to show where the warning was created)
(node:19952) ExperimentalWarning: SQLite is an experimental feature and might change at any time
 ✓ src/config/settingsStore.test.ts (37 tests) 4718ms
   ✓ SettingsStore > keeps in-range migrated floors untouched and migrates a legacy document exactly once  469ms
(node:16020) [UNDICI-EHPA] Warning: EnvHttpProxyAgent is experimental, expect them to change at any time.
(Use `node --trace-warnings ...` to show where the warning was created)
 ✓ src/services/entryExecutionChain.test.ts (6 tests) 3246ms
   ✓ V3.9.6 PLACE -> submit chain closure > EC-04 (T5) an unknown submission is reconciled, never re-sent  3093ms
(node:1760) [UNDICI-EHPA] Warning: EnvHttpProxyAgent is experimental, expect them to change at any time.
(Use `node --trace-warnings ...` to show where the warning was created)
(node:1760) ExperimentalWarning: SQLite is an experimental feature and might change at any time
 ✓ src/state/c2ReservationAtomicityHostile.test.ts (23 tests) 2284ms
(node:20960) [UNDICI-EHPA] Warning: EnvHttpProxyAgent is experimental, expect them to change at any time.
(Use `node --trace-warnings ...` to show where the warning was created)
(node:20960) ExperimentalWarning: SQLite is an experimental feature and might change at any time
 ✓ src/services/j4ReviewMemoryHostile.test.ts (54 tests) 2027ms
(node:16088) [UNDICI-EHPA] Warning: EnvHttpProxyAgent is experimental, expect them to change at any time.
(Use `node --trace-warnings ...` to show where the warning was created)
(node:16088) ExperimentalWarning: SQLite is an experimental feature and might change at any time
 ✓ src/services/executionReadiness.test.ts (19 tests) 1350ms
(node:12276) [UNDICI-EHPA] Warning: EnvHttpProxyAgent is experimental, expect them to change at any time.
(Use `node --trace-warnings ...` to show where the warning was created)
(node:12276) ExperimentalWarning: SQLite is an experimental feature and might change at any time
(node:12276) [UNDICI-EHPA] Warning: EnvHttpProxyAgent is experimental, expect them to change at any time.
(Use `node --trace-warnings ...` to show where the warning was created)
(node:12276) [UNDICI-EHPA] Warning: EnvHttpProxyAgent is experimental, expect them to change at any time.
(Use `node --trace-warnings ...` to show where the warning was created)
(node:12276) [UNDICI-EHPA] Warning: EnvHttpProxyAgent is experimental, expect them to change at any time.
(Use `node --trace-warnings ...` to show where the warning was created)
 ✓ src/api/projections.test.ts (4 tests) 1456ms
   ✓ dashboard projections > schema-validates one server-side snapshot and redacts audit secrets  1019ms
(node:20840) [UNDICI-EHPA] Warning: EnvHttpProxyAgent is experimental, expect them to change at any time.
(Use `node --trace-warnings ...` to show where the warning was created)
 ✓ src/adapters/market/BinanceMarketStream.test.ts (32 tests) 1272ms
   ✓ subscription acknowledgement and recovery bounds > restores full acknowledged subscriptions after a real socket disconnect without keeping stale confirmations  822ms
(node:1868) [UNDICI-EHPA] Warning: EnvHttpProxyAgent is experimental, expect them to change at any time.
(Use `node --trace-warnings ...` to show where the warning was created)
(node:1868) ExperimentalWarning: SQLite is an experimental feature and might change at any time
(node:1868) [UNDICI-EHPA] Warning: EnvHttpProxyAgent is experimental, expect them to change at any time.
(Use `node --trace-warnings ...` to show where the warning was created)
 ✓ src/runtime/v393FrozenEntryRestart.test.ts (1 test) 857ms
   ✓ V3.9.3 frozen Entry authorization restart persistence > preserves AI side, quantityUnits, acceptable range and pre-AI envelope through SQLite and Engine restart  856ms
(node:6528) [UNDICI-EHPA] Warning: EnvHttpProxyAgent is experimental, expect them to change at any time.
(Use `node --trace-warnings ...` to show where the warning was created)
(node:6528) ExperimentalWarning: SQLite is an experimental feature and might change at any time
 ✓ src/services/tradingQualityCollectorSummary.test.ts (8 tests) 648ms
   ✓ keeps exact mutable fill evidence across a 30000-event burst and database reopen  375ms
(node:8624) [UNDICI-EHPA] Warning: EnvHttpProxyAgent is experimental, expect them to change at any time.
(Use `node --trace-warnings ...` to show where the warning was created)
 ✓ src/adapters/binance/BinanceTransportConnectionReuse.test.ts (5 tests) 535ms
(node:18396) [UNDICI-EHPA] Warning: EnvHttpProxyAgent is experimental, expect them to change at any time.
(Use `node --trace-warnings ...` to show where the warning was created)
(node:18396) ExperimentalWarning: SQLite is an experimental feature and might change at any time
 ✓ src/services/j2PortfolioAdmissionHostile.test.ts (15 tests) 504ms
   ✓ J2 portfolio admission is the only risk authority > the durable transaction still refuses a stale writer after an admission succeeds  443ms
(node:6264) [UNDICI-EHPA] Warning: EnvHttpProxyAgent is experimental, expect them to change at any time.
(Use `node --trace-warnings ...` to show where the warning was created)
(node:6264) ExperimentalWarning: SQLite is an experimental feature and might change at any time
(node:6264) [UNDICI-EHPA] Warning: EnvHttpProxyAgent is experimental, expect them to change at any time.
(Use `node --trace-warnings ...` to show where the warning was created)
(node:6264) ExperimentalWarning: SQLite is an experimental feature and might change at any time
 ✓ src/services/tradingQualityObserverWorker.test.ts (1 test) 179ms
(node:26204) [UNDICI-EHPA] Warning: EnvHttpProxyAgent is experimental, expect them to change at any time.
(Use `node --trace-warnings ...` to show where the warning was created)
 ✓ src/services/testnetFundsOnlyEntry.test.ts (11 tests) 179ms
(node:23088) [UNDICI-EHPA] Warning: EnvHttpProxyAgent is experimental, expect them to change at any time.
(Use `node --trace-warnings ...` to show where the warning was created)
 ✓ src/adapters/market/BinancePublicMarketDataProvider.test.ts (13 tests) 90ms
(node:22864) [UNDICI-EHPA] Warning: EnvHttpProxyAgent is experimental, expect them to change at any time.
(Use `node --trace-warnings ...` to show where the warning was created)
 ✓ src/services/placeToSubmitCapacityTruth.test.ts (23 tests) 64ms
(node:10444) [UNDICI-EHPA] Warning: EnvHttpProxyAgent is experimental, expect them to change at any time.
(Use `node --trace-warnings ...` to show where the warning was created)
(node:10444) ExperimentalWarning: SQLite is an experimental feature and might change at any time
 ✓ src/services/tpGuardianEconomics.test.ts (16 tests) 56ms
(node:15824) [UNDICI-EHPA] Warning: EnvHttpProxyAgent is experimental, expect them to change at any time.
(Use `node --trace-warnings ...` to show where the warning was created)
 ✓ src/services/s05PortfolioTailRisk.test.ts (76 tests) 33ms
(node:26060) [UNDICI-EHPA] Warning: EnvHttpProxyAgent is experimental, expect them to change at any time.
(Use `node --trace-warnings ...` to show where the warning was created)
 ✓ src/services/s09ReplayStressHostile.test.ts (22 tests) 26ms
(node:24512) [UNDICI-EHPA] Warning: EnvHttpProxyAgent is experimental, expect them to change at any time.
(Use `node --trace-warnings ...` to show where the warning was created)
(node:24512) ExperimentalWarning: SQLite is an experimental feature and might change at any time
 ✓ src/services/tpTerminalProjection.test.ts (6 tests) 25ms
(node:19408) [UNDICI-EHPA] Warning: EnvHttpProxyAgent is experimental, expect them to change at any time.
(Use `node --trace-warnings ...` to show where the warning was created)
 ✓ src/adapters/exchange/ExternalTradeAdapterPrivateLoad.test.ts (9 tests) 24ms
(node:22588) [UNDICI-EHPA] Warning: EnvHttpProxyAgent is experimental, expect them to change at any time.
(Use `node --trace-warnings ...` to show where the warning was created)
 ✓ src/services/runExecutionOutcome.test.ts (20 tests) 22ms
(node:12044) [UNDICI-EHPA] Warning: EnvHttpProxyAgent is experimental, expect them to change at any time.
(Use `node --trace-warnings ...` to show where the warning was created)
 ✓ src/adapters/exchange/ExternalTradeAdapter.test.ts (26 tests) 22ms
(node:20028) [UNDICI-EHPA] Warning: EnvHttpProxyAgent is experimental, expect them to change at any time.
(Use `node --trace-warnings ...` to show where the warning was created)
(node:20028) ExperimentalWarning: SQLite is an experimental feature and might change at any time
 ✓ src/services/tpUnknownRecovery.test.ts (4 tests) 22ms
(node:16824) [UNDICI-EHPA] Warning: EnvHttpProxyAgent is experimental, expect them to change at any time.
(Use `node --trace-warnings ...` to show where the warning was created)
(node:16824) ExperimentalWarning: SQLite is an experimental feature and might change at any time
 ✓ src/runtime/userPositionFacts.test.ts (4 tests) 18ms
(node:18224) [UNDICI-EHPA] Warning: EnvHttpProxyAgent is experimental, expect them to change at any time.
(Use `node --trace-warnings ...` to show where the warning was created)
 ✓ src/services/tradeRecordSyncService.test.ts (10 tests) 16ms
(node:21292) [UNDICI-EHPA] Warning: EnvHttpProxyAgent is experimental, expect them to change at any time.
(Use `node --trace-warnings ...` to show where the warning was created)
 ✓ src/adapters/ai/promptBudget.test.ts (4 tests) 16ms
(node:26560) [UNDICI-EHPA] Warning: EnvHttpProxyAgent is experimental, expect them to change at any time.
(Use `node --trace-warnings ...` to show where the warning was created)
 ✓ src/services/aiCapacityIntegration.test.ts (3 tests) 16ms
(node:1752) [UNDICI-EHPA] Warning: EnvHttpProxyAgent is experimental, expect them to change at any time.
(Use `node --trace-warnings ...` to show where the warning was created)
 ✓ src/services/primaryPositionContext.test.ts (1 test) 15ms
(node:11276) [UNDICI-EHPA] Warning: EnvHttpProxyAgent is experimental, expect them to change at any time.
(Use `node --trace-warnings ...` to show where the warning was created)
 ✓ src/adapters/market/klineContinuity.test.ts (11 tests) 16ms
(node:23032) [UNDICI-EHPA] Warning: EnvHttpProxyAgent is experimental, expect them to change at any time.
(Use `node --trace-warnings ...` to show where the warning was created)
 ✓ src/services/s05ConvergenceHostile.test.ts (8 tests) 15ms
(node:12244) [UNDICI-EHPA] Warning: EnvHttpProxyAgent is experimental, expect them to change at any time.
(Use `node --trace-warnings ...` to show where the warning was created)
 ✓ src/services/v396AuditBoundaries.test.ts (23 tests) 15ms
(node:17656) [UNDICI-EHPA] Warning: EnvHttpProxyAgent is experimental, expect them to change at any time.
(Use `node --trace-warnings ...` to show where the warning was created)
 ✓ src/services/unknownProofValidation.test.ts (47 tests) 13ms
(node:3932) [UNDICI-EHPA] Warning: EnvHttpProxyAgent is experimental, expect them to change at any time.
(Use `node --trace-warnings ...` to show where the warning was created)
 ✓ src/services/marketCohort.test.ts (12 tests) 13ms
(node:24828) [UNDICI-EHPA] Warning: EnvHttpProxyAgent is experimental, expect them to change at any time.
(Use `node --trace-warnings ...` to show where the warning was created)
 ✓ src/services/finalRiskConvergence.test.ts (5 tests) 12ms
(node:22036) [UNDICI-EHPA] Warning: EnvHttpProxyAgent is experimental, expect them to change at any time.
(Use `node --trace-warnings ...` to show where the warning was created)
 ✓ src/adapters/binance/requestBudgetProxyTruth.test.ts (1 test) 10ms
(node:11976) [UNDICI-EHPA] Warning: EnvHttpProxyAgent is experimental, expect them to change at any time.
(Use `node --trace-warnings ...` to show where the warning was created)
 ✓ src/services/gpuPerformanceReader.test.ts (4 tests) 10ms
(node:12204) [UNDICI-EHPA] Warning: EnvHttpProxyAgent is experimental, expect them to change at any time.
(Use `node --trace-warnings ...` to show where the warning was created)
 ✓ src/services/positionService.test.ts (3 tests) 9ms
(node:24844) [UNDICI-EHPA] Warning: EnvHttpProxyAgent is experimental, expect them to change at any time.
(Use `node --trace-warnings ...` to show where the warning was created)
 ✓ src/services/remoteFactAuditPolicy.test.ts (7 tests) 10ms
(node:16136) [UNDICI-EHPA] Warning: EnvHttpProxyAgent is experimental, expect them to change at any time.
(Use `node --trace-warnings ...` to show where the warning was created)
 ✓ src/services/tradeRecordReadModel.test.ts (7 tests) 9ms
(node:14696) [UNDICI-EHPA] Warning: EnvHttpProxyAgent is experimental, expect them to change at any time.
(Use `node --trace-warnings ...` to show where the warning was created)
 ✓ src/services/assetGovernanceCoordinator.test.ts (6 tests) 8ms
(node:17712) [UNDICI-EHPA] Warning: EnvHttpProxyAgent is experimental, expect them to change at any time.
(Use `node --trace-warnings ...` to show where the warning was created)
 ✓ src/services/trade24hReadModel.test.ts (7 tests) 7ms
(node:24764) [UNDICI-EHPA] Warning: EnvHttpProxyAgent is experimental, expect them to change at any time.
(Use `node --trace-warnings ...` to show where the warning was created)
 ✓ src/services/marketDataStaleness.test.ts (10 tests) 6ms
(node:24396) [UNDICI-EHPA] Warning: EnvHttpProxyAgent is experimental, expect them to change at any time.
(Use `node --trace-warnings ...` to show where the warning was created)
 ✓ src/services/entryObservation.test.ts (4 tests) 5ms
(node:23900) [UNDICI-EHPA] Warning: EnvHttpProxyAgent is experimental, expect them to change at any time.
(Use `node --trace-warnings ...` to show where the warning was created)
 ✓ src/services/TemporalIntelligenceService.test.ts (1 test) 4ms
(node:2752) [UNDICI-EHPA] Warning: EnvHttpProxyAgent is experimental, expect them to change at any time.
(Use `node --trace-warnings ...` to show where the warning was created)
 ✓ src/services/externalResearchQuality.test.ts (2 tests) 4ms
(node:23188) [UNDICI-EHPA] Warning: EnvHttpProxyAgent is experimental, expect them to change at any time.
(Use `node --trace-warnings ...` to show where the warning was created)
 ✓ src/services/v392HistoricalDecisionRegression.test.ts (3 tests) 4ms
(node:15548) [UNDICI-EHPA] Warning: EnvHttpProxyAgent is experimental, expect them to change at any time.
(Use `node --trace-warnings ...` to show where the warning was created)
 ✓ src/services/effectivePrimaryCadence.test.ts (7 tests) 4ms
(node:3128) [UNDICI-EHPA] Warning: EnvHttpProxyAgent is experimental, expect them to change at any time.
(Use `node --trace-warnings ...` to show where the warning was created)
 ✓ src/services/marketDataReadiness.test.ts (3 tests) 4ms
(node:10704) [UNDICI-EHPA] Warning: EnvHttpProxyAgent is experimental, expect them to change at any time.
(Use `node --trace-warnings ...` to show where the warning was created)
 ✓ src/services/shadowObservation.test.ts (4 tests) 4ms
(node:2852) [UNDICI-EHPA] Warning: EnvHttpProxyAgent is experimental, expect them to change at any time.
(Use `node --trace-warnings ...` to show where the warning was created)
 ✓ src/services/noSeparateAdd.test.ts (5 tests) 3ms
(node:25764) [UNDICI-EHPA] Warning: EnvHttpProxyAgent is experimental, expect them to change at any time.
(Use `node --trace-warnings ...` to show where the warning was created)
 ✓ src/services/tradingQualityObservationPlan.test.ts (3 tests) 4ms
(node:8428) [UNDICI-EHPA] Warning: EnvHttpProxyAgent is experimental, expect them to change at any time.
(Use `node --trace-warnings ...` to show where the warning was created)
 ✓ src/events/eventBus.test.ts (1 test) 4ms
(node:26304) [UNDICI-EHPA] Warning: EnvHttpProxyAgent is experimental, expect them to change at any time.
(Use `node --trace-warnings ...` to show where the warning was created)
 ✓ src/services/quoteUsdConversion.test.ts (2 tests) 3ms
(node:12180) [UNDICI-EHPA] Warning: EnvHttpProxyAgent is experimental, expect them to change at any time.
(Use `node --trace-warnings ...` to show where the warning was created)
 ✓ src/services/experienceService.test.ts (1 test) 3ms
(node:14644) [UNDICI-EHPA] Warning: EnvHttpProxyAgent is experimental, expect them to change at any time.
(Use `node --trace-warnings ...` to show where the warning was created)
 ✓ src/services/entryWaiting.test.ts (4 tests) 3ms
(node:7748) [UNDICI-EHPA] Warning: EnvHttpProxyAgent is experimental, expect them to change at any time.
(Use `node --trace-warnings ...` to show where the warning was created)
 ✓ src/services/positionReviewPrompt.test.ts (1 test) 3ms
(node:23164) [UNDICI-EHPA] Warning: EnvHttpProxyAgent is experimental, expect them to change at any time.
(Use `node --trace-warnings ...` to show where the warning was created)
 ✓ src/runtime/bootstrapReconciliationInvariant.test.ts (1 test) 3ms

 Test Files  57 passed (57)
      Tests  646 passed (646)
   Start at  23:13:36
   Duration  39.65s (transform 1.74s, setup 0ms, collect 7.69s, tests 19.93s, environment 9ms, prepare 4.56s)

(node:19104) [UNDICI-EHPA] Warning: EnvHttpProxyAgent is experimental, expect them to change at any time.
(Use `node --trace-warnings ...` to show where the warning was created)
(node:21568) [UNDICI-EHPA] Warning: EnvHttpProxyAgent is experimental, expect them to change at any time.
(Use `node --trace-warnings ...` to show where the warning was created)
VITEST_TEST_TIMEOUT=5000 CI=

 RUN  v3.2.7 D:/MITS-WORKTREES/v398-network-recovery-field-20261010/apps/engine

(node:24332) [UNDICI-EHPA] Warning: EnvHttpProxyAgent is experimental, expect them to change at any time.
(Use `node --trace-warnings ...` to show where the warning was created)
(node:24332) ExperimentalWarning: SQLite is an experimental feature and might change at any time
 ✓ src/services/v370Contract.test.ts (35 tests) 6651ms
   ✓ V3.7.0 isolated real-EIP contracts; production write=0 > recovers an exchange-accepted submit after response loss without a duplicate  3082ms
   ✓ V3.7.0 isolated real-EIP contracts; production write=0 > recovers the same UNKNOWN identity by clientOrderId without another wire submit  3088ms
(node:17900) [UNDICI-EHPA] Warning: EnvHttpProxyAgent is experimental, expect them to change at any time.
(Use `node --trace-warnings ...` to show where the warning was created)
 ✓ src/services/entryCoordinator.test.ts (29 tests) 6169ms
   ✓ Entry Manager chain > recovers an accepted-but-disconnected submit by stable client id without a second order  3076ms
   ✓ Entry Manager chain > keeps the same order identity across restart recovery from UNKNOWN  3070ms
(node:24512) [UNDICI-EHPA] Warning: EnvHttpProxyAgent is experimental, expect them to change at any time.
(Use `node --trace-warnings ...` to show where the warning was created)
(node:24512) ExperimentalWarning: SQLite is an experimental feature and might change at any time
 ✓ src/services/exitFactsAndFunding.test.ts (21 tests) 472ms
(node:20488) [UNDICI-EHPA] Warning: EnvHttpProxyAgent is experimental, expect them to change at any time.
(Use `node --trace-warnings ...` to show where the warning was created)
(node:20488) ExperimentalWarning: SQLite is an experimental feature and might change at any time
 ✓ src/services/externalResearchService.test.ts (3 tests) 305ms
(node:3756) [UNDICI-EHPA] Warning: EnvHttpProxyAgent is experimental, expect them to change at any time.
(Use `node --trace-warnings ...` to show where the warning was created)
(node:3756) ExperimentalWarning: SQLite is an experimental feature and might change at any time
(node:3756) [UNDICI-EHPA] Warning: EnvHttpProxyAgent is experimental, expect them to change at any time.
(Use `node --trace-warnings ...` to show where the warning was created)
 ✓ src/api/assetDirectoryReview.test.ts (1 test) 395ms
   ✓ asset directory review API > keeps default preview read-only and only explicitly applies through governance CAS  394ms
(node:23572) [UNDICI-EHPA] Warning: EnvHttpProxyAgent is experimental, expect them to change at any time.
(Use `node --trace-warnings ...` to show where the warning was created)
(node:23572) ExperimentalWarning: SQLite is an experimental feature and might change at any time
 ✓ src/api/brainRunExecution.test.ts (4 tests) 845ms
(node:9612) [UNDICI-EHPA] Warning: EnvHttpProxyAgent is experimental, expect them to change at any time.
(Use `node --trace-warnings ...` to show where the warning was created)
(node:9612) ExperimentalWarning: SQLite is an experimental feature and might change at any time
(node:9612) [UNDICI-EHPA] Warning: EnvHttpProxyAgent is experimental, expect them to change at any time.
(Use `node --trace-warnings ...` to show where the warning was created)
(node:9612) [UNDICI-EHPA] Warning: EnvHttpProxyAgent is experimental, expect them to change at any time.
(Use `node --trace-warnings ...` to show where the warning was created)
 ✓ src/runtime/restartRecovery.test.ts (2 tests) 694ms
   ✓ persists recovered lot projections and their evidence before a second reopen  396ms
(node:23332) [UNDICI-EHPA] Warning: EnvHttpProxyAgent is experimental, expect them to change at any time.
(Use `node --trace-warnings ...` to show where the warning was created)
(node:23332) ExperimentalWarning: SQLite is an experimental feature and might change at any time
 ✓ src/config/entryClaimStatsIndex.test.ts (4 tests) 702ms
(node:10788) [UNDICI-EHPA] Warning: EnvHttpProxyAgent is experimental, expect them to change at any time.
(Use `node --trace-warnings ...` to show where the warning was created)
(node:10788) ExperimentalWarning: SQLite is an experimental feature and might change at any time
 ✓ src/config/assetAdmissionIntegration.test.ts (1 test) 196ms
(node:16500) [UNDICI-EHPA] Warning: EnvHttpProxyAgent is experimental, expect them to change at any time.
(Use `node --trace-warnings ...` to show where the warning was created)
 ✓ src/services/j3TradePlanHostile.test.ts (24 tests) 400ms
(node:10404) [UNDICI-EHPA] Warning: EnvHttpProxyAgent is experimental, expect them to change at any time.
(Use `node --trace-warnings ...` to show where the warning was created)
(node:10404) ExperimentalWarning: SQLite is an experimental feature and might change at any time
(node:10404) [UNDICI-EHPA] Warning: EnvHttpProxyAgent is experimental, expect them to change at any time.
(Use `node --trace-warnings ...` to show where the warning was created)
 ✓ src/services/eipResidentInspection.test.ts (1 test) 470ms
   ✓ resident EIP inspection > keeps a held contract available to read-only EIP inspection  469ms
(node:19204) [UNDICI-EHPA] Warning: EnvHttpProxyAgent is experimental, expect them to change at any time.
(Use `node --trace-warnings ...` to show where the warning was created)
(node:19204) ExperimentalWarning: SQLite is an experimental feature and might change at any time
 ✓ src/config/exposureCapacityPolicyMigration.test.ts (3 tests) 502ms
(node:1556) [UNDICI-EHPA] Warning: EnvHttpProxyAgent is experimental, expect them to change at any time.
(Use `node --trace-warnings ...` to show where the warning was created)
(node:1556) ExperimentalWarning: SQLite is an experimental feature and might change at any time
(node:1556) [UNDICI-EHPA] Warning: EnvHttpProxyAgent is experimental, expect them to change at any time.
(Use `node --trace-warnings ...` to show where the warning was created)
 ✓ src/services/positionNotionalSemantics.test.ts (4 tests) 381ms
   ✓ position notionalUsd semantics > normalises legacy persisted signed notionals so the dashboard snapshot still validates  372ms
(node:5132) [UNDICI-EHPA] Warning: EnvHttpProxyAgent is experimental, expect them to change at any time.
(Use `node --trace-warnings ...` to show where the warning was created)
(node:5132) ExperimentalWarning: SQLite is an experimental feature and might change at any time
(node:5132) [UNDICI-EHPA] Warning: EnvHttpProxyAgent is experimental, expect them to change at any time.
(Use `node --trace-warnings ...` to show where the warning was created)
 ✓ src/api/exchangeFillProjection.test.ts (1 test) 397ms
   ✓ exchange fill projection > does not raise a system attribution alert for an external Binance App fill  396ms
(node:25188) [UNDICI-EHPA] Warning: EnvHttpProxyAgent is experimental, expect them to change at any time.
(Use `node --trace-warnings ...` to show where the warning was created)
(node:25188) ExperimentalWarning: SQLite is an experimental feature and might change at any time
 ✓ src/services/tradingQualityHistoryIsolation.test.ts (4 tests) 122ms
(node:9328) [UNDICI-EHPA] Warning: EnvHttpProxyAgent is experimental, expect them to change at any time.
(Use `node --trace-warnings ...` to show where the warning was created)
 ✓ src/services/s03ExitCostPolicy.test.ts (21 tests) 168ms
(node:12708) [UNDICI-EHPA] Warning: EnvHttpProxyAgent is experimental, expect them to change at any time.
(Use `node --trace-warnings ...` to show where the warning was created)
 ✓ src/services/ownershipStorageCoverage.test.ts (6 tests) 156ms
(node:3828) [UNDICI-EHPA] Warning: EnvHttpProxyAgent is experimental, expect them to change at any time.
(Use `node --trace-warnings ...` to show where the warning was created)
 ✓ src/services/preAiExecutableSides.test.ts (12 tests) 108ms
(node:24972) [UNDICI-EHPA] Warning: EnvHttpProxyAgent is experimental, expect them to change at any time.
(Use `node --trace-warnings ...` to show where the warning was created)
 ✓ src/services/aiFabricResourceState.test.ts (6 tests) 80ms
(node:12924) [UNDICI-EHPA] Warning: EnvHttpProxyAgent is experimental, expect them to change at any time.
(Use `node --trace-warnings ...` to show where the warning was created)
 ✓ src/services/unknownRiskAuditTiering.test.ts (22 tests) 64ms
(node:9564) [UNDICI-EHPA] Warning: EnvHttpProxyAgent is experimental, expect them to change at any time.
(Use `node --trace-warnings ...` to show where the warning was created)
 ✓ src/services/runtimeControlService.test.ts (13 tests) 56ms
(node:10512) [UNDICI-EHPA] Warning: EnvHttpProxyAgent is experimental, expect them to change at any time.
(Use `node --trace-warnings ...` to show where the warning was created)
 ✓ src/services/modelLifecycle.test.ts (6 tests) 43ms
(node:18900) [UNDICI-EHPA] Warning: EnvHttpProxyAgent is experimental, expect them to change at any time.
(Use `node --trace-warnings ...` to show where the warning was created)
 ✓ src/services/unknownNoActiveRiskProofRenewal.test.ts (9 tests) 35ms
(node:21232) [UNDICI-EHPA] Warning: EnvHttpProxyAgent is experimental, expect them to change at any time.
(Use `node --trace-warnings ...` to show where the warning was created)
 ✓ src/services/v397FrozenSizing.test.ts (6 tests) 28ms
(node:25864) [UNDICI-EHPA] Warning: EnvHttpProxyAgent is experimental, expect them to change at any time.
(Use `node --trace-warnings ...` to show where the warning was created)
 ✓ src/adapters/exchange/ExternalTradeAdapterFunding.test.ts (6 tests) 23ms
(node:24764) [UNDICI-EHPA] Warning: EnvHttpProxyAgent is experimental, expect them to change at any time.
(Use `node --trace-warnings ...` to show where the warning was created)
(node:24764) ExperimentalWarning: SQLite is an experimental feature and might change at any time
 ✓ src/services/tpPositionFactTruth.test.ts (4 tests) 25ms
(node:4216) [UNDICI-EHPA] Warning: EnvHttpProxyAgent is experimental, expect them to change at any time.
(Use `node --trace-warnings ...` to show where the warning was created)
 ✓ src/services/v396OfflineStages.test.ts (11 tests) 16ms
(node:23480) [UNDICI-EHPA] Warning: EnvHttpProxyAgent is experimental, expect them to change at any time.
(Use `node --trace-warnings ...` to show where the warning was created)
 ✓ src/services/preflightFeasibility.test.ts (6 tests) 15ms
(node:2788) [UNDICI-EHPA] Warning: EnvHttpProxyAgent is experimental, expect them to change at any time.
(Use `node --trace-warnings ...` to show where the warning was created)
(node:2788) ExperimentalWarning: SQLite is an experimental feature and might change at any time
 ✓ src/services/tradingQualityV393EvidenceStore.test.ts (5 tests) 15ms
(node:12084) [UNDICI-EHPA] Warning: EnvHttpProxyAgent is experimental, expect them to change at any time.
(Use `node --trace-warnings ...` to show where the warning was created)
 ✓ src/adapters/market/klineTargetedRepair.test.ts (8 tests) 11ms
(node:18436) [UNDICI-EHPA] Warning: EnvHttpProxyAgent is experimental, expect them to change at any time.
(Use `node --trace-warnings ...` to show where the warning was created)
 ✓ src/services/marketDataHub.test.ts (11 tests) 13ms
(node:12612) [UNDICI-EHPA] Warning: EnvHttpProxyAgent is experimental, expect them to change at any time.
(Use `node --trace-warnings ...` to show where the warning was created)
 ✓ src/services/positionLifecycleIntegrity.test.ts (3 tests) 12ms
(node:22924) [UNDICI-EHPA] Warning: EnvHttpProxyAgent is experimental, expect them to change at any time.
(Use `node --trace-warnings ...` to show where the warning was created)
 ✓ src/services/productionAssetResearch.test.ts (6 tests) 11ms
(node:23452) [UNDICI-EHPA] Warning: EnvHttpProxyAgent is experimental, expect them to change at any time.
(Use `node --trace-warnings ...` to show where the warning was created)
 ✓ src/services/privateAccountSync.test.ts (5 tests) 11ms
(node:23252) [UNDICI-EHPA] Warning: EnvHttpProxyAgent is experimental, expect them to change at any time.
(Use `node --trace-warnings ...` to show where the warning was created)
 ✓ src/adapters/binance/requestBudgetAnomaly.test.ts (1 test) 10ms
(node:12156) [UNDICI-EHPA] Warning: EnvHttpProxyAgent is experimental, expect them to change at any time.
(Use `node --trace-warnings ...` to show where the warning was created)
 ✓ src/services/tradeRecordIntegrity.test.ts (5 tests) 9ms
(node:6816) [UNDICI-EHPA] Warning: EnvHttpProxyAgent is experimental, expect them to change at any time.
(Use `node --trace-warnings ...` to show where the warning was created)
 ✓ src/services/entryStartupPolicy.test.ts (1 test) 9ms
(node:24452) [UNDICI-EHPA] Warning: EnvHttpProxyAgent is experimental, expect them to change at any time.
(Use `node --trace-warnings ...` to show where the warning was created)
 ✓ src/services/temporalAlgorithms.test.ts (11 tests) 7ms
(node:15096) [UNDICI-EHPA] Warning: EnvHttpProxyAgent is experimental, expect them to change at any time.
(Use `node --trace-warnings ...` to show where the warning was created)
 ✓ src/services/existingPositionContext.test.ts (8 tests) 7ms
(node:18384) [UNDICI-EHPA] Warning: EnvHttpProxyAgent is experimental, expect them to change at any time.
(Use `node --trace-warnings ...` to show where the warning was created)
 ✓ src/adapters/ai/OpenAiCompatibleClient.test.ts (1 test) 8ms
(node:5328) [UNDICI-EHPA] Warning: EnvHttpProxyAgent is experimental, expect them to change at any time.
(Use `node --trace-warnings ...` to show where the warning was created)
 ✓ src/services/tradingQualityEligibility.test.ts (7 tests) 7ms
(node:2808) [UNDICI-EHPA] Warning: EnvHttpProxyAgent is experimental, expect them to change at any time.
(Use `node --trace-warnings ...` to show where the warning was created)
 ✓ src/services/lossHandoff.test.ts (4 tests) 7ms
(node:24824) [UNDICI-EHPA] Warning: EnvHttpProxyAgent is experimental, expect them to change at any time.
(Use `node --trace-warnings ...` to show where the warning was created)
 ✓ src/adapters/exchange/historyWindow.test.ts (5 tests) 7ms
(node:22776) [UNDICI-EHPA] Warning: EnvHttpProxyAgent is experimental, expect them to change at any time.
(Use `node --trace-warnings ...` to show where the warning was created)
 ✓ src/adapters/ai/modelProbe.test.ts (2 tests) 8ms
(node:7308) [UNDICI-EHPA] Warning: EnvHttpProxyAgent is experimental, expect them to change at any time.
(Use `node --trace-warnings ...` to show where the warning was created)
 ✓ src/services/tradingQualityV393.test.ts (10 tests) 7ms
(node:19872) [UNDICI-EHPA] Warning: EnvHttpProxyAgent is experimental, expect them to change at any time.
(Use `node --trace-warnings ...` to show where the warning was created)
 ✓ src/services/positionReviewSchedulerReviewOnly.test.ts (3 tests) 6ms
(node:7592) [UNDICI-EHPA] Warning: EnvHttpProxyAgent is experimental, expect them to change at any time.
(Use `node --trace-warnings ...` to show where the warning was created)
 ✓ src/services/economicEntryFeasibility.test.ts (6 tests) 7ms
(node:24056) [UNDICI-EHPA] Warning: EnvHttpProxyAgent is experimental, expect them to change at any time.
(Use `node --trace-warnings ...` to show where the warning was created)
 ✓ src/services/exitProvenanceConflictReasons.test.ts (4 tests) 5ms
(node:26448) [UNDICI-EHPA] Warning: EnvHttpProxyAgent is experimental, expect them to change at any time.
(Use `node --trace-warnings ...` to show where the warning was created)
 ✓ src/services/candidateLifecycleDeriver.test.ts (10 tests) 4ms
(node:15028) [UNDICI-EHPA] Warning: EnvHttpProxyAgent is experimental, expect them to change at any time.
(Use `node --trace-warnings ...` to show where the warning was created)
 ✓ src/services/s01TruthAccountingObservability.test.ts (5 tests) 4ms
(node:9976) [UNDICI-EHPA] Warning: EnvHttpProxyAgent is experimental, expect them to change at any time.
(Use `node --trace-warnings ...` to show where the warning was created)
 ✓ src/services/tradingQualityReleaseGate.test.ts (5 tests) 4ms
(node:15976) [UNDICI-EHPA] Warning: EnvHttpProxyAgent is experimental, expect them to change at any time.
(Use `node --trace-warnings ...` to show where the warning was created)
 ✓ src/config/settingsCloseoutInvariant.test.ts (1 test) 3ms
(node:448) [UNDICI-EHPA] Warning: EnvHttpProxyAgent is experimental, expect them to change at any time.
(Use `node --trace-warnings ...` to show where the warning was created)
 ✓ src/services/shadowReadiness.test.ts (2 tests) 3ms
(node:11376) [UNDICI-EHPA] Warning: EnvHttpProxyAgent is experimental, expect them to change at any time.
(Use `node --trace-warnings ...` to show where the warning was created)
 ✓ src/services/riskReadiness.test.ts (3 tests) 3ms
(node:16852) [UNDICI-EHPA] Warning: EnvHttpProxyAgent is experimental, expect them to change at any time.
(Use `node --trace-warnings ...` to show where the warning was created)
 ✓ src/api/activeEntryProjection.test.ts (1 test) 3ms
(node:19744) [UNDICI-EHPA] Warning: EnvHttpProxyAgent is experimental, expect them to change at any time.
(Use `node --trace-warnings ...` to show where the warning was created)
 ✓ src/services/tradeAuditProvenance.test.ts (1 test) 2ms
(node:19424) [UNDICI-EHPA] Warning: EnvHttpProxyAgent is experimental, expect them to change at any time.
(Use `node --trace-warnings ...` to show where the warning was created)
 ✓ src/services/privateAccountReadiness.test.ts (1 test) 2ms

 Test Files  57 passed (57)
      Tests  400 passed (400)
   Start at  23:14:16
   Duration  40.31s (transform 1.57s, setup 0ms, collect 8.60s, tests 19.72s, environment 9ms, prepare 4.52s)

(node:20488) [UNDICI-EHPA] Warning: EnvHttpProxyAgent is experimental, expect them to change at any time.
(Use `node --trace-warnings ...` to show where the warning was created)
(node:25196) [UNDICI-EHPA] Warning: EnvHttpProxyAgent is experimental, expect them to change at any time.
(Use `node --trace-warnings ...` to show where the warning was created)
VITEST_TEST_TIMEOUT=5000 CI=

 RUN  v3.2.7 D:/MITS-WORKTREES/v398-network-recovery-field-20261010/apps/engine

(node:6584) [UNDICI-EHPA] Warning: EnvHttpProxyAgent is experimental, expect them to change at any time.
(Use `node --trace-warnings ...` to show where the warning was created)
(node:6584) ExperimentalWarning: SQLite is an experimental feature and might change at any time
 ✓ src/services/exitConvergenceFairness.test.ts (15 tests) 5341ms
   ✓ P1 exit convergence fairness > a terminal order at the tail is serviced even while the head stays WORKING  2117ms
   ✓ P1 exit convergence fairness > a failed query backs off only the order that failed  420ms
   ✓ P1 exit convergence fairness > readback reports queue length, oldest unpolled age and terminal-unreleased claims  585ms
(node:23032) [UNDICI-EHPA] Warning: EnvHttpProxyAgent is experimental, expect them to change at any time.
(Use `node --trace-warnings ...` to show where the warning was created)
(node:23032) ExperimentalWarning: SQLite is an experimental feature and might change at any time
 ✓ src/services/c3RuntimeWiringHostile.test.ts (48 tests) 1628ms
(node:22732) [UNDICI-EHPA] Warning: EnvHttpProxyAgent is experimental, expect them to change at any time.
(Use `node --trace-warnings ...` to show where the warning was created)
(node:22732) ExperimentalWarning: SQLite is an experimental feature and might change at any time
 ✓ src/services/tradingQualityIntegration.test.ts (30 tests) 1326ms
(node:7836) [UNDICI-EHPA] Warning: EnvHttpProxyAgent is experimental, expect them to change at any time.
(Use `node --trace-warnings ...` to show where the warning was created)
(node:7836) ExperimentalWarning: SQLite is an experimental feature and might change at any time
(node:7836) [UNDICI-EHPA] Warning: EnvHttpProxyAgent is experimental, expect them to change at any time.
(Use `node --trace-warnings ...` to show where the warning was created)
(node:7836) [UNDICI-EHPA] Warning: EnvHttpProxyAgent is experimental, expect them to change at any time.
(Use `node --trace-warnings ...` to show where the warning was created)
(node:7836) [UNDICI-EHPA] Warning: EnvHttpProxyAgent is experimental, expect them to change at any time.
(Use `node --trace-warnings ...` to show where the warning was created)
 ✓ src/services/eipService.test.ts (3 tests) 1102ms
   ✓ EIP 3.0 evidence gates > builds seven-timeframe evidence within a bounded prompt size  433ms
   ✓ EIP 3.0 evidence gates > fails closed for stale price but sanitizes stale derivatives as contextual evidence  333ms
   ✓ EIP 3.0 evidence gates > sanitizes stale partial derivatives before classifying exchange availability, while preserving fresh partial facts  335ms
(node:2276) [UNDICI-EHPA] Warning: EnvHttpProxyAgent is experimental, expect them to change at any time.
(Use `node --trace-warnings ...` to show where the warning was created)
(node:2276) ExperimentalWarning: SQLite is an experimental feature and might change at any time
 ✓ src/config/portfolioRiskAuthorityStore.test.ts (6 tests) 875ms
(node:24232) [UNDICI-EHPA] Warning: EnvHttpProxyAgent is experimental, expect them to change at any time.
(Use `node --trace-warnings ...` to show where the warning was created)
(node:24232) ExperimentalWarning: SQLite is an experimental feature and might change at any time
 ✓ src/services/ownershipS02Acceptance.test.ts (11 tests) 832ms
(node:25668) [UNDICI-EHPA] Warning: EnvHttpProxyAgent is experimental, expect them to change at any time.
(Use `node --trace-warnings ...` to show where the warning was created)
(node:25668) ExperimentalWarning: SQLite is an experimental feature and might change at any time
 ✓ src/services/ownershipJournal.test.ts (11 tests) 1472ms
(node:17612) [UNDICI-EHPA] Warning: EnvHttpProxyAgent is experimental, expect them to change at any time.
(Use `node --trace-warnings ...` to show where the warning was created)
(node:17612) ExperimentalWarning: SQLite is an experimental feature and might change at any time
(node:17612) [UNDICI-EHPA] Warning: EnvHttpProxyAgent is experimental, expect them to change at any time.
(Use `node --trace-warnings ...` to show where the warning was created)
 ✓ src/runtime/tradeRecordAutoSync.test.ts (1 test) 344ms
   ✓ automatic TradeRecord rolling sync window > backfills the last seven days one day per pass, then stays incremental  343ms
(node:9632) [UNDICI-EHPA] Warning: EnvHttpProxyAgent is experimental, expect them to change at any time.
(Use `node --trace-warnings ...` to show where the warning was created)
(node:9632) ExperimentalWarning: SQLite is an experimental feature and might change at any time
 ✓ src/services/ownershipScopeIdentity.test.ts (3 tests) 180ms
(node:22664) [UNDICI-EHPA] Warning: EnvHttpProxyAgent is experimental, expect them to change at any time.
(Use `node --trace-warnings ...` to show where the warning was created)
 ✓ src/services/s07ConsumerBoundary.test.ts (7 tests) 379ms
(node:3820) [UNDICI-EHPA] Warning: EnvHttpProxyAgent is experimental, expect them to change at any time.
(Use `node --trace-warnings ...` to show where the warning was created)
 ✓ src/adapters/market/klineRecoverySimulation.test.ts (1 test) 346ms
   ✓ V3.9.5 mass 1m gap heals without a request storm > uses at most one klines request per symbol, reloads no snapshots and restores readiness  344ms
(node:11916) [UNDICI-EHPA] Warning: EnvHttpProxyAgent is experimental, expect them to change at any time.
(Use `node --trace-warnings ...` to show where the warning was created)
(node:11916) ExperimentalWarning: SQLite is an experimental feature and might change at any time
(node:11916) [UNDICI-EHPA] Warning: EnvHttpProxyAgent is experimental, expect them to change at any time.
(Use `node --trace-warnings ...` to show where the warning was created)
 ✓ src/api/positionCycleSnapshot.test.ts (1 test) 317ms
   ✓ publishes the position-cycle accounting facts through the snapshot schema  317ms
(node:25748) [UNDICI-EHPA] Warning: EnvHttpProxyAgent is experimental, expect them to change at any time.
(Use `node --trace-warnings ...` to show where the warning was created)
(node:25748) ExperimentalWarning: SQLite is an experimental feature and might change at any time
(node:25748) [UNDICI-EHPA] Warning: EnvHttpProxyAgent is experimental, expect them to change at any time.
(Use `node --trace-warnings ...` to show where the warning was created)
(node:25748) ExperimentalWarning: SQLite is an experimental feature and might change at any time
(node:25748) [UNDICI-EHPA] Warning: EnvHttpProxyAgent is experimental, expect them to change at any time.
(Use `node --trace-warnings ...` to show where the warning was created)
(node:25748) ExperimentalWarning: SQLite is an experimental feature and might change at any time
 ✓ src/services/storageCapacityGuard.test.ts (5 tests) 162ms
(node:23036) [UNDICI-EHPA] Warning: EnvHttpProxyAgent is experimental, expect them to change at any time.
(Use `node --trace-warnings ...` to show where the warning was created)
 ✓ src/services/sideNeutralEntryAuthorization.test.ts (4 tests) 111ms
(node:24052) [UNDICI-EHPA] Warning: EnvHttpProxyAgent is experimental, expect them to change at any time.
(Use `node --trace-warnings ...` to show where the warning was created)
 ✓ src/services/targetHorizonContract.test.ts (4 tests) 91ms
(node:4596) [UNDICI-EHPA] Warning: EnvHttpProxyAgent is experimental, expect them to change at any time.
(Use `node --trace-warnings ...` to show where the warning was created)
 ✓ src/services/proxyLifecycle.test.ts (5 tests) 92ms
(node:10420) [UNDICI-EHPA] Warning: EnvHttpProxyAgent is experimental, expect them to change at any time.
(Use `node --trace-warnings ...` to show where the warning was created)
(node:10420) ExperimentalWarning: SQLite is an experimental feature and might change at any time
 ✓ src/services/runtimeWriteBuffer.test.ts (1 test) 33ms
(node:15588) [UNDICI-EHPA] Warning: EnvHttpProxyAgent is experimental, expect them to change at any time.
(Use `node --trace-warnings ...` to show where the warning was created)
(node:15588) ExperimentalWarning: SQLite is an experimental feature and might change at any time
 ✓ src/services/finalActivation.test.ts (13 tests) 58ms
(node:24656) [UNDICI-EHPA] Warning: EnvHttpProxyAgent is experimental, expect them to change at any time.
(Use `node --trace-warnings ...` to show where the warning was created)
 ✓ src/services/primaryCandidateChoice.test.ts (19 tests) 43ms
(node:3624) [UNDICI-EHPA] Warning: EnvHttpProxyAgent is experimental, expect them to change at any time.
(Use `node --trace-warnings ...` to show where the warning was created)
(node:3624) ExperimentalWarning: SQLite is an experimental feature and might change at any time
 ✓ src/services/collectorRecovery.test.ts (1 test) 62ms
(node:25468) [UNDICI-EHPA] Warning: EnvHttpProxyAgent is experimental, expect them to change at any time.
(Use `node --trace-warnings ...` to show where the warning was created)
 ✓ src/adapters/binance/BinanceTransport.test.ts (54 tests) 40ms
(node:24916) [UNDICI-EHPA] Warning: EnvHttpProxyAgent is experimental, expect them to change at any time.
(Use `node --trace-warnings ...` to show where the warning was created)
 ✓ src/services/reconciliationUnknownRisk.test.ts (11 tests) 37ms
(node:440) [UNDICI-EHPA] Warning: EnvHttpProxyAgent is experimental, expect them to change at any time.
(Use `node --trace-warnings ...` to show where the warning was created)
(node:440) ExperimentalWarning: SQLite is an experimental feature and might change at any time
 ✓ src/services/tradeLearningP0.test.ts (27 tests) 34ms
(node:25972) [UNDICI-EHPA] Warning: EnvHttpProxyAgent is experimental, expect them to change at any time.
(Use `node --trace-warnings ...` to show where the warning was created)
 ✓ src/services/remoteFactAuditIntegration.test.ts (7 tests) 31ms
(node:7088) [UNDICI-EHPA] Warning: EnvHttpProxyAgent is experimental, expect them to change at any time.
(Use `node --trace-warnings ...` to show where the warning was created)
 ✓ src/services/operationalLogger.test.ts (2 tests) 28ms
(node:16152) [UNDICI-EHPA] Warning: EnvHttpProxyAgent is experimental, expect them to change at any time.
(Use `node --trace-warnings ...` to show where the warning was created)
 ✓ src/services/reconciliationFanout.test.ts (7 tests) 25ms
(node:17752) [UNDICI-EHPA] Warning: EnvHttpProxyAgent is experimental, expect them to change at any time.
(Use `node --trace-warnings ...` to show where the warning was created)
 ✓ src/services/reconciliationRequestBudget.test.ts (3 tests) 23ms
(node:8276) [UNDICI-EHPA] Warning: EnvHttpProxyAgent is experimental, expect them to change at any time.
(Use `node --trace-warnings ...` to show where the warning was created)
 ✓ src/services/entryPermissionModel.test.ts (14 tests) 21ms
(node:6232) [UNDICI-EHPA] Warning: EnvHttpProxyAgent is experimental, expect them to change at any time.
(Use `node --trace-warnings ...` to show where the warning was created)
 ✓ src/services/v370Decision.test.ts (7 tests) 19ms
(node:25104) [UNDICI-EHPA] Warning: EnvHttpProxyAgent is experimental, expect them to change at any time.
(Use `node --trace-warnings ...` to show where the warning was created)
 ✓ src/services/positionLeverageV3.test.ts (6 tests) 18ms
(node:25692) [UNDICI-EHPA] Warning: EnvHttpProxyAgent is experimental, expect them to change at any time.
(Use `node --trace-warnings ...` to show where the warning was created)
 ✓ src/runtime/processLifecycleTelemetry.test.ts (3 tests) 15ms
(node:8736) [UNDICI-EHPA] Warning: EnvHttpProxyAgent is experimental, expect them to change at any time.
(Use `node --trace-warnings ...` to show where the warning was created)
 ✓ src/services/candidateSupplyHealth.test.ts (3 tests) 12ms
(node:2732) [UNDICI-EHPA] Warning: EnvHttpProxyAgent is experimental, expect them to change at any time.
(Use `node --trace-warnings ...` to show where the warning was created)
 ✓ src/adapters/binance/requestBudgetPrivateTruth.test.ts (3 tests) 12ms
(node:3992) [UNDICI-EHPA] Warning: EnvHttpProxyAgent is experimental, expect them to change at any time.
(Use `node --trace-warnings ...` to show where the warning was created)
 ✓ src/services/tradingEpisodeEvidence.test.ts (10 tests) 11ms
(node:20560) [UNDICI-EHPA] Warning: EnvHttpProxyAgent is experimental, expect them to change at any time.
(Use `node --trace-warnings ...` to show where the warning was created)
 ✓ src/services/tpTargetShadow.test.ts (4 tests) 10ms
(node:26196) [UNDICI-EHPA] Warning: EnvHttpProxyAgent is experimental, expect them to change at any time.
(Use `node --trace-warnings ...` to show where the warning was created)
 ✓ src/state/runtimeState.test.ts (7 tests) 9ms
(node:3744) [UNDICI-EHPA] Warning: EnvHttpProxyAgent is experimental, expect them to change at any time.
(Use `node --trace-warnings ...` to show where the warning was created)
 ✓ src/services/productionReadOnlyPreflight.test.ts (4 tests) 8ms
(node:13176) [UNDICI-EHPA] Warning: EnvHttpProxyAgent is experimental, expect them to change at any time.
(Use `node --trace-warnings ...` to show where the warning was created)
 ✓ src/services/directionPolicyService.test.ts (1 test) 7ms
(node:26292) [UNDICI-EHPA] Warning: EnvHttpProxyAgent is experimental, expect them to change at any time.
(Use `node --trace-warnings ...` to show where the warning was created)
 ✓ src/services/frozenChoiceTelemetry.test.ts (6 tests) 7ms
(node:23676) [UNDICI-EHPA] Warning: EnvHttpProxyAgent is experimental, expect them to change at any time.
(Use `node --trace-warnings ...` to show where the warning was created)
 ✓ src/adapters/binance/BinanceUserDataStream.test.ts (2 tests) 6ms
(node:26140) [UNDICI-EHPA] Warning: EnvHttpProxyAgent is experimental, expect them to change at any time.
(Use `node --trace-warnings ...` to show where the warning was created)
 ✓ src/services/egressFailClosed.test.ts (3 tests) 6ms
(node:25356) [UNDICI-EHPA] Warning: EnvHttpProxyAgent is experimental, expect them to change at any time.
(Use `node --trace-warnings ...` to show where the warning was created)
 ✓ src/services/aiQuantityAllocation.test.ts (6 tests) 6ms
(node:7472) [UNDICI-EHPA] Warning: EnvHttpProxyAgent is experimental, expect them to change at any time.
(Use `node --trace-warnings ...` to show where the warning was created)
 ✓ src/adapters/binance/requestBudgetEntryGate.test.ts (2 tests) 5ms
(node:15220) [UNDICI-EHPA] Warning: EnvHttpProxyAgent is experimental, expect them to change at any time.
(Use `node --trace-warnings ...` to show where the warning was created)
 ✓ src/services/tradingQualityBaseline.test.ts (4 tests) 5ms
(node:22620) [UNDICI-EHPA] Warning: EnvHttpProxyAgent is experimental, expect them to change at any time.
(Use `node --trace-warnings ...` to show where the warning was created)
 ✓ src/services/tradeRecordDiagnostics.test.ts (4 tests) 5ms
(node:25324) [UNDICI-EHPA] Warning: EnvHttpProxyAgent is experimental, expect them to change at any time.
(Use `node --trace-warnings ...` to show where the warning was created)
 ✓ src/services/brainRunArchive.test.ts (4 tests) 4ms
(node:12896) [UNDICI-EHPA] Warning: EnvHttpProxyAgent is experimental, expect them to change at any time.
(Use `node --trace-warnings ...` to show where the warning was created)
 ✓ src/services/p0EntryIntegrity.test.ts (4 tests) 4ms
(node:1068) [UNDICI-EHPA] Warning: EnvHttpProxyAgent is experimental, expect them to change at any time.
(Use `node --trace-warnings ...` to show where the warning was created)
 ✓ src/services/supplyHealth.test.ts (3 tests) 4ms
(node:22560) [UNDICI-EHPA] Warning: EnvHttpProxyAgent is experimental, expect them to change at any time.
(Use `node --trace-warnings ...` to show where the warning was created)
 ✓ src/services/historicalTpReachability.test.ts (3 tests) 3ms
(node:2572) [UNDICI-EHPA] Warning: EnvHttpProxyAgent is experimental, expect them to change at any time.
(Use `node --trace-warnings ...` to show where the warning was created)
 ✓ src/api/entryCancelEligibility.test.ts (5 tests) 3ms
(node:5044) [UNDICI-EHPA] Warning: EnvHttpProxyAgent is experimental, expect them to change at any time.
(Use `node --trace-warnings ...` to show where the warning was created)
 ✓ src/services/decisionContext.test.ts (3 tests) 3ms
(node:15696) [UNDICI-EHPA] Warning: EnvHttpProxyAgent is experimental, expect them to change at any time.
(Use `node --trace-warnings ...` to show where the warning was created)
 ✓ src/api/chronologicalSort.test.ts (2 tests) 3ms
(node:9292) [UNDICI-EHPA] Warning: EnvHttpProxyAgent is experimental, expect them to change at any time.
(Use `node --trace-warnings ...` to show where the warning was created)
(node:9292) ExperimentalWarning: SQLite is an experimental feature and might change at any time
 ✓ src/api/tradeCloseProvenance.test.ts (2 tests) 3ms
(node:22812) [UNDICI-EHPA] Warning: EnvHttpProxyAgent is experimental, expect them to change at any time.
(Use `node --trace-warnings ...` to show where the warning was created)
(node:22812) ExperimentalWarning: SQLite is an experimental feature and might change at any time
 ✓ src/services/testnetLowLossCleanupService.test.ts (2 tests) 2ms
(node:22836) [UNDICI-EHPA] Warning: EnvHttpProxyAgent is experimental, expect them to change at any time.
(Use `node --trace-warnings ...` to show where the warning was created)
 ✓ src/adapters/binance/BinanceBudgetFailureTelemetry.test.ts (1 test) 2ms

 Test Files  55 passed (55)
      Tests  418 passed (418)
   Start at  23:14:57
   Duration  34.20s (transform 1.48s, setup 0ms, collect 7.43s, tests 15.23s, environment 9ms, prepare 4.36s)

(node:8772) [UNDICI-EHPA] Warning: EnvHttpProxyAgent is experimental, expect them to change at any time.
(Use `node --trace-warnings ...` to show where the warning was created)
VERIFY_EXIT=0
