f20cba7bb157aab689ccb8ce9813d179189997b6
(node:19628) [UNDICI-EHPA] Warning: EnvHttpProxyAgent is experimental, expect them to change at any time.
(Use `node --trace-warnings ...` to show where the warning was created)
(node:25428) [UNDICI-EHPA] Warning: EnvHttpProxyAgent is experimental, expect them to change at any time.
(Use `node --trace-warnings ...` to show where the warning was created)

> zdj-mits-v3@3.9.8 verify:ci
> npm run verify:deps && npm run verify:scripts && npm run verify:release && npm run verify:s00 && npm run typecheck && npm run build && npm run test -w @zdj/contracts && npm run test -w @zdj/core && npm run test -w @zdj/dashboard && npm run test:ci -w @zdj/engine

(node:10080) [UNDICI-EHPA] Warning: EnvHttpProxyAgent is experimental, expect them to change at any time.
(Use `node --trace-warnings ...` to show where the warning was created)
(node:2080) [UNDICI-EHPA] Warning: EnvHttpProxyAgent is experimental, expect them to change at any time.
(Use `node --trace-warnings ...` to show where the warning was created)

> zdj-mits-v3@3.9.8 verify:deps
> npm run build -w @zdj/contracts && npm run build -w @zdj/core

(node:15832) [UNDICI-EHPA] Warning: EnvHttpProxyAgent is experimental, expect them to change at any time.
(Use `node --trace-warnings ...` to show where the warning was created)
(node:22156) [UNDICI-EHPA] Warning: EnvHttpProxyAgent is experimental, expect them to change at any time.
(Use `node --trace-warnings ...` to show where the warning was created)

> @zdj/contracts@3.9.8 build
> tsc -p tsconfig.json

(node:6268) [UNDICI-EHPA] Warning: EnvHttpProxyAgent is experimental, expect them to change at any time.
(Use `node --trace-warnings ...` to show where the warning was created)
(node:17744) [UNDICI-EHPA] Warning: EnvHttpProxyAgent is experimental, expect them to change at any time.
(Use `node --trace-warnings ...` to show where the warning was created)

> @zdj/core@3.9.8 build
> tsc -p tsconfig.json

(node:5352) [UNDICI-EHPA] Warning: EnvHttpProxyAgent is experimental, expect them to change at any time.
(Use `node --trace-warnings ...` to show where the warning was created)
(node:24944) [UNDICI-EHPA] Warning: EnvHttpProxyAgent is experimental, expect them to change at any time.
(Use `node --trace-warnings ...` to show where the warning was created)

> zdj-mits-v3@3.9.8 verify:scripts
> node --check scripts/maintain-storage.mjs && node --check scripts/reset-testnet-runtime-db.mjs && node --check scripts/init-local-runtime.mjs && node --check scripts/prune-zdj-backups.mjs && node --check scripts/install-storage-retention.mjs && node --check scripts/v394-stage6-set-readonly.mjs && node scripts/v394-stage6-set-readonly.mjs --self-test && node --check scripts/v394-stage6-preflight.mjs && node scripts/v394-stage6-preflight.mjs --self-test && node --check scripts/audit-ai-entry-quality.mjs && node --check scripts/audit-trading-quality-baseline.mjs && node --check scripts/inspect-sqlite-capacity.mjs && node --check scripts/audit-v394-entry-authorization.mjs && node --test scripts/maintain-storage.test.mjs scripts/reset-testnet-runtime-db.test.mjs scripts/init-local-runtime.test.mjs && powershell -NoProfile -ExecutionPolicy Bypass -File scripts/start-zdj-engine-host.test.ps1 && powershell -NoProfile -ExecutionPolicy Bypass -File scripts/collect-zdj-engine-crash-evidence.test.ps1 && powershell -NoProfile -ExecutionPolicy Bypass -File scripts/run-v394-readonly-canary.test.ps1 && powershell -NoProfile -ExecutionPolicy Bypass -File scripts/run-v394-local-rollout.test.ps1 && powershell -NoProfile -ExecutionPolicy Bypass -File scripts/run-v394-stage7-to-stage9.test.ps1 && powershell -NoProfile -ExecutionPolicy Bypass -File scripts/vpn/zdj-trade-proxy-client-windows.test.ps1 && powershell -NoProfile -ExecutionPolicy Bypass -File scripts/start-zdj-stack-after-reboot.test.ps1 && powershell -NoProfile -ExecutionPolicy Bypass -File scripts/set-zdj-scheduled-task-silent.test.ps1

(node:12232) [UNDICI-EHPA] Warning: EnvHttpProxyAgent is experimental, expect them to change at any time.
(Use `node --trace-warnings ...` to show where the warning was created)
(node:26336) [UNDICI-EHPA] Warning: EnvHttpProxyAgent is experimental, expect them to change at any time.
(Use `node --trace-warnings ...` to show where the warning was created)
(node:18956) [UNDICI-EHPA] Warning: EnvHttpProxyAgent is experimental, expect them to change at any time.
(Use `node --trace-warnings ...` to show where the warning was created)
(node:23840) [UNDICI-EHPA] Warning: EnvHttpProxyAgent is experimental, expect them to change at any time.
(Use `node --trace-warnings ...` to show where the warning was created)
(node:21432) [UNDICI-EHPA] Warning: EnvHttpProxyAgent is experimental, expect them to change at any time.
(Use `node --trace-warnings ...` to show where the warning was created)
(node:25700) [UNDICI-EHPA] Warning: EnvHttpProxyAgent is experimental, expect them to change at any time.
(Use `node --trace-warnings ...` to show where the warning was created)
(node:6816) [UNDICI-EHPA] Warning: EnvHttpProxyAgent is experimental, expect them to change at any time.
(Use `node --trace-warnings ...` to show where the warning was created)
(node:6816) ExperimentalWarning: SQLite is an experimental feature and might change at any time
V3.9.4 explicit proxy-enable + legacy normalization + READ_ONLY self-test PASS
(node:23584) [UNDICI-EHPA] Warning: EnvHttpProxyAgent is experimental, expect them to change at any time.
(Use `node --trace-warnings ...` to show where the warning was created)
(node:26440) [UNDICI-EHPA] Warning: EnvHttpProxyAgent is experimental, expect them to change at any time.
(Use `node --trace-warnings ...` to show where the warning was created)
(node:26440) ExperimentalWarning: SQLite is an experimental feature and might change at any time
V3.9.4 Stage6 preflight self-test PASS
(node:22448) [UNDICI-EHPA] Warning: EnvHttpProxyAgent is experimental, expect them to change at any time.
(Use `node --trace-warnings ...` to show where the warning was created)
(node:26620) [UNDICI-EHPA] Warning: EnvHttpProxyAgent is experimental, expect them to change at any time.
(Use `node --trace-warnings ...` to show where the warning was created)
(node:12048) [UNDICI-EHPA] Warning: EnvHttpProxyAgent is experimental, expect them to change at any time.
(Use `node --trace-warnings ...` to show where the warning was created)
(node:4008) [UNDICI-EHPA] Warning: EnvHttpProxyAgent is experimental, expect them to change at any time.
(Use `node --trace-warnings ...` to show where the warning was created)
(node:14716) [UNDICI-EHPA] Warning: EnvHttpProxyAgent is experimental, expect them to change at any time.
(Use `node --trace-warnings ...` to show where the warning was created)
TAP version 13
# (node:19640) [UNDICI-EHPA] Warning: EnvHttpProxyAgent is experimental, expect them to change at any time.
# (Use `node --trace-warnings ...` to show where the warning was created)
# (node:19640) ExperimentalWarning: SQLite is an experimental feature and might change at any time
# Subtest: V3.9.3 init preserves static configuration and removes active local trading history
ok 1 - V3.9.3 init preserves static configuration and removes active local trading history
  ---
  duration_ms: 993.9915
  type: 'test'
  ...
# (node:20960) [UNDICI-EHPA] Warning: EnvHttpProxyAgent is experimental, expect them to change at any time.
# (Use `node --trace-warnings ...` to show where the warning was created)
# (node:20960) ExperimentalWarning: SQLite is an experimental feature and might change at any time
# Subtest: offline maintenance preserves source: dry
ok 2 - offline maintenance preserves source: dry
  ---
  duration_ms: 658.2709
  type: 'test'
  ...
# Subtest: offline maintenance preserves source: build
ok 3 - offline maintenance preserves source: build
  ---
  duration_ms: 307.4842
  type: 'test'
  ...
# Subtest: offline maintenance preserves source: alias
ok 4 - offline maintenance preserves source: alias
  ---
  duration_ms: 149.7059
  type: 'test'
  ...
# Subtest: offline maintenance preserves source: existing
ok 5 - offline maintenance preserves source: existing
  ---
  duration_ms: 148.2019
  type: 'test'
  ...
# Subtest: offline maintenance preserves source: wal
ok 6 - offline maintenance preserves source: wal
  ---
  duration_ms: 151.8241
  type: 'test'
  ...
# Subtest: offline maintenance preserves source: disk
ok 7 - offline maintenance preserves source: disk
  ---
  duration_ms: 152.061
  type: 'test'
  ...
# Subtest: offline maintenance preserves source: delete-failure
ok 8 - offline maintenance preserves source: delete-failure
  ---
  duration_ms: 164.1469
  type: 'test'
  ...
# Subtest: offline maintenance preserves source: vacuum-failure
ok 9 - offline maintenance preserves source: vacuum-failure
  ---
  duration_ms: 168.7982
  type: 'test'
  ...
# Subtest: offline maintenance preserves source: publish-lock
ok 10 - offline maintenance preserves source: publish-lock
  ---
  duration_ms: 180.297
  type: 'test'
  ...
# Subtest: offline maintenance preserves source: corrupt-copy
ok 11 - offline maintenance preserves source: corrupt-copy
  ---
  duration_ms: 183.0898
  type: 'test'
  ...
# Subtest: offline maintenance preserves source: crash
ok 12 - offline maintenance preserves source: crash
  ---
  duration_ms: 168.3953
  type: 'test'
  ...
# Subtest: backup pruning requires an explicit verified baseline and keeps it even when it is oldest
ok 13 - backup pruning requires an explicit verified baseline and keeps it even when it is oldest
  ---
  duration_ms: 381.9591
  type: 'test'
  ...
# Subtest: AI quality treats missing outcomes as missing and does not promote PLACE-only samples
ok 14 - AI quality treats missing outcomes as missing and does not promote PLACE-only samples
  ---
  duration_ms: 288.2317
  type: 'test'
  ...
# Subtest: valid WAL is copied and replayed only on the working database
ok 15 - valid WAL is copied and replayed only on the working database
  ---
  duration_ms: 212.3734
  type: 'test'
  ...
# (node:22396) [UNDICI-EHPA] Warning: EnvHttpProxyAgent is experimental, expect them to change at any time.
# (Use `node --trace-warnings ...` to show where the warning was created)
# (node:22396) ExperimentalWarning: SQLite is an experimental feature and might change at any time
# Subtest: schema-only reset preserves schema/static configuration and never copies runtime history
ok 16 - schema-only reset preserves schema/static configuration and never copies runtime history
  ---
  duration_ms: 891.1085
  type: 'test'
  ...
1..16
# tests 16
# suites 0
# pass 16
# fail 0
# cancelled 0
# skipped 0
# todo 0
# duration_ms 3426.6084
start-zdj-engine-host.test.ps1 PASS
collect-zdj-engine-crash-evidence.test.ps1 PASS (25 assertions)
V3.9.4 read-only canary script contract PASS
V3.9.4 local rollout script contract PASS
V3.9.4 stage7-to-stage9 runner contract PASS
VPN_CLIENT_TEST_PASS: foreign owner, pid reuse, real stalled peer deadline/socket close, finite failed-start recovery, no embedded secret
(node:25084) [UNDICI-EHPA] Warning: EnvHttpProxyAgent is experimental, expect them to change at any time.
(Use `node --trace-warnings ...` to show where the warning was created)
start-zdj-stack-after-reboot.test.ps1 PASS
SILENT_REBOOT_REREGISTRATION_GUARD_PASS
SILENT_TASK_TEST_PASS: no visible child console, quoted paths, working directory, wait and exit=23; no real task or Engine lifecycle
(node:13488) [UNDICI-EHPA] Warning: EnvHttpProxyAgent is experimental, expect them to change at any time.
(Use `node --trace-warnings ...` to show where the warning was created)
(node:5196) [UNDICI-EHPA] Warning: EnvHttpProxyAgent is experimental, expect them to change at any time.
(Use `node --trace-warnings ...` to show where the warning was created)

> zdj-mits-v3@3.9.8 verify:release
> node scripts/v397-release-identity.mjs

(node:10104) [UNDICI-EHPA] Warning: EnvHttpProxyAgent is experimental, expect them to change at any time.
(Use `node --trace-warnings ...` to show where the warning was created)
{"gate":"V398_RELEASE_IDENTITY_PASS","version":"3.9.8","packages":5,"lock":true,"api":"V3.9.7"}
(node:5604) [UNDICI-EHPA] Warning: EnvHttpProxyAgent is experimental, expect them to change at any time.
(Use `node --trace-warnings ...` to show where the warning was created)
(node:15128) [UNDICI-EHPA] Warning: EnvHttpProxyAgent is experimental, expect them to change at any time.
(Use `node --trace-warnings ...` to show where the warning was created)

> zdj-mits-v3@3.9.8 verify:s00
> node scripts/v396-s00-static-check.mjs --review=docs/reports/v398-trade-record-integrity-20261009/s00/entrypoint-review.json --current-identity=docs/reports/v398-trade-record-integrity-20261009/s00/current-identity.json --historical-lock=docs/reports/v398-trade-record-integrity-20261009/s00/historical-package-lock.json

(node:15692) [UNDICI-EHPA] Warning: EnvHttpProxyAgent is experimental, expect them to change at any time.
(Use `node --trace-warnings ...` to show where the warning was created)
{
  "stage": "S00",
  "tests": {
    "S00_T01": "PASS",
    "S00_T02": "PASS",
    "S00_T03": "PASS",
    "S00_T04": "PASS",
    "S00_T05": "PASS",
    "S00_T06": "PASS"
  },
  "fixtureHash": "295c949a0cf5b2c7c06db81db91e42fd6fd4437fe5a2f23143c09ac4a7fbab21",
  "network": "NOT_USED",
  "exchangeWrites": 0,
  "engineLifecycle": "NOT_USED",
  "settingsModified": false,
  "verifierScope": "STATIC_READS_AND_OS_TEMP_ONLY",
  "entrypointReviewCount": 202,
  "entrypointStatusCounts": {
    "FORBIDDEN_OR_NOT_RUN": 180,
    "CONDITIONAL_NOT_RUN": 21,
    "ALLOWED_STATIC": 1
  },
  "engineTestIsolation": {
    "testFiles": 226,
    "openingAStore": 21,
    "everyStoreOpeningTestIsolated": true,
    "repositoryDataDirReferences": 0,
    "productionPortReferences": 0
  },
  "blockers": []
}
(node:15892) [UNDICI-EHPA] Warning: EnvHttpProxyAgent is experimental, expect them to change at any time.
(Use `node --trace-warnings ...` to show where the warning was created)
(node:11964) [UNDICI-EHPA] Warning: EnvHttpProxyAgent is experimental, expect them to change at any time.
(Use `node --trace-warnings ...` to show where the warning was created)

> zdj-mits-v3@3.9.8 typecheck
> npm run typecheck -ws --if-present

(node:19596) [UNDICI-EHPA] Warning: EnvHttpProxyAgent is experimental, expect them to change at any time.
(Use `node --trace-warnings ...` to show where the warning was created)
(node:8888) [UNDICI-EHPA] Warning: EnvHttpProxyAgent is experimental, expect them to change at any time.
(Use `node --trace-warnings ...` to show where the warning was created)

> @zdj/contracts@3.9.8 typecheck
> tsc -p tsconfig.json --noEmit


> @zdj/core@3.9.8 typecheck
> tsc -p tsconfig.json --noEmit


> @zdj/dashboard@3.9.8 typecheck
> vue-tsc --noEmit


> @zdj/engine@3.9.8 typecheck
> tsc -p tsconfig.json --noEmit

(node:24024) [UNDICI-EHPA] Warning: EnvHttpProxyAgent is experimental, expect them to change at any time.
(Use `node --trace-warnings ...` to show where the warning was created)
(node:18960) [UNDICI-EHPA] Warning: EnvHttpProxyAgent is experimental, expect them to change at any time.
(Use `node --trace-warnings ...` to show where the warning was created)

> zdj-mits-v3@3.9.8 build
> npm run build -ws --if-present

(node:18184) [UNDICI-EHPA] Warning: EnvHttpProxyAgent is experimental, expect them to change at any time.
(Use `node --trace-warnings ...` to show where the warning was created)
(node:2928) [UNDICI-EHPA] Warning: EnvHttpProxyAgent is experimental, expect them to change at any time.
(Use `node --trace-warnings ...` to show where the warning was created)

> @zdj/contracts@3.9.8 build
> tsc -p tsconfig.json


> @zdj/core@3.9.8 build
> tsc -p tsconfig.json


> @zdj/dashboard@3.9.8 build
> vue-tsc -b && vite build

(node:16004) [UNDICI-EHPA] Warning: EnvHttpProxyAgent is experimental, expect them to change at any time.
(Use `node --trace-warnings ...` to show where the warning was created)
vite v7.3.6 building client environment for production...
transforming...
✓ 2246 modules transformed.
rendering chunks...
computing gzip size...
dist/index.html                                                                0.42 kB │ gzip:   0.30 kB
dist/assets/financePerformance-CX0A5Y6c.css                                    0.27 kB │ gzip:   0.19 kB
dist/assets/BrainView-C19KGV8J.css                                             0.41 kB │ gzip:   0.25 kB
dist/assets/SettingsView-C12tN_s6.css                                          4.20 kB │ gzip:   1.10 kB
dist/assets/PerformanceView-BmI8qEi-.css                                       6.33 kB │ gzip:   1.42 kB
dist/assets/OverviewView-CGDHcNOF.css                                          9.15 kB │ gzip:   1.98 kB
dist/assets/index-Cp_LwitK.css                                                44.05 kB │ gzip:  10.05 kB
dist/assets/positionModel-UU3TmqIC.js                                          0.28 kB │ gzip:   0.20 kB
dist/assets/EmptyState.vue_vue_type_script_setup_true_lang-Dn1jW9uT.js         0.30 kB │ gzip:   0.24 kB
dist/assets/format-BTnsUY7D.js                                                 0.37 kB │ gzip:   0.28 kB
dist/assets/Panel.vue_vue_type_script_setup_true_lang-D_sP8aNS.js              0.56 kB │ gzip:   0.34 kB
dist/assets/StatusBadge.vue_vue_type_script_setup_true_lang-DeaDQqKy.js        0.58 kB │ gzip:   0.40 kB
dist/assets/MemoryView-B73q93tD.js                                             2.35 kB │ gzip:   1.18 kB
dist/assets/UniverseView-BWB2eeQ2.js                                           4.95 kB │ gzip:   2.14 kB
dist/assets/HumanManagedView-B4U7oO8-.js                                       6.89 kB │ gzip:   3.09 kB
dist/assets/PositionsView-qxnpzzQ0.js                                          7.30 kB │ gzip:   3.14 kB
dist/assets/OrdersView-nDaVeeNV.js                                             7.42 kB │ gzip:   2.73 kB
dist/assets/IntelligenceView-DOjlIL9s.js                                       7.88 kB │ gzip:   2.85 kB
dist/assets/TemporalIntelligenceView-DlaQaUC1.js                               8.24 kB │ gzip:   3.02 kB
dist/assets/OperationsView-BwMP6IgY.js                                         8.24 kB │ gzip:   3.42 kB
dist/assets/PositionConsole.vue_vue_type_script_setup_true_lang-D07EfwJd.js   13.21 kB │ gzip:   5.62 kB
dist/assets/BrainView-D5aXOGop.js                                             15.17 kB │ gzip:   6.03 kB
dist/assets/PerformanceView-Bi9shYcB.js                                       17.05 kB │ gzip:   7.19 kB
dist/assets/TradeRecordsView-DrloEls_.js                                      23.79 kB │ gzip:   8.79 kB
dist/assets/OverviewView-BeFyuCV_.js                                          70.04 kB │ gzip:  23.06 kB
dist/assets/SettingsView-B6enM86f.js                                          80.87 kB │ gzip:  23.78 kB
dist/assets/index-BdxLhg-x.js                                                292.72 kB │ gzip:  90.79 kB
dist/assets/financePerformance-FhoCYCuQ.js                                   523.04 kB │ gzip: 175.15 kB

(!) Some chunks are larger than 500 kB after minification. Consider:
- Using dynamic import() to code-split the application
- Use build.rollupOptions.output.manualChunks to improve chunking: https://rollupjs.org/configuration-options/#output-manualchunks
- Adjust chunk size limit for this warning via build.chunkSizeWarningLimit.
✓ built in 6.53s

> @zdj/engine@3.9.8 build
> tsc -p tsconfig.json

(node:10060) [UNDICI-EHPA] Warning: EnvHttpProxyAgent is experimental, expect them to change at any time.
(Use `node --trace-warnings ...` to show where the warning was created)
(node:13840) [UNDICI-EHPA] Warning: EnvHttpProxyAgent is experimental, expect them to change at any time.
(Use `node --trace-warnings ...` to show where the warning was created)

> @zdj/contracts@3.9.8 test
> vitest run --passWithNoTests

(node:25236) [UNDICI-EHPA] Warning: EnvHttpProxyAgent is experimental, expect them to change at any time.
(Use `node --trace-warnings ...` to show where the warning was created)

 RUN  v3.2.7 D:/MITS-WORKTREES/v398-rest-admission-recovery-20261010/packages/contracts

(node:11716) [UNDICI-EHPA] Warning: EnvHttpProxyAgent is experimental, expect them to change at any time.
(Use `node --trace-warnings ...` to show where the warning was created)
(node:17184) [UNDICI-EHPA] Warning: EnvHttpProxyAgent is experimental, expect them to change at any time.
(Use `node --trace-warnings ...` to show where the warning was created)
(node:19408) [UNDICI-EHPA] Warning: EnvHttpProxyAgent is experimental, expect them to change at any time.
(Use `node --trace-warnings ...` to show where the warning was created)
(node:5200) [UNDICI-EHPA] Warning: EnvHttpProxyAgent is experimental, expect them to change at any time.
(Use `node --trace-warnings ...` to show where the warning was created)
(node:22448) [UNDICI-EHPA] Warning: EnvHttpProxyAgent is experimental, expect them to change at any time.
(Use `node --trace-warnings ...` to show where the warning was created)
(node:17696) [UNDICI-EHPA] Warning: EnvHttpProxyAgent is experimental, expect them to change at any time.
(Use `node --trace-warnings ...` to show where the warning was created)
(node:17440) [UNDICI-EHPA] Warning: EnvHttpProxyAgent is experimental, expect them to change at any time.
(Use `node --trace-warnings ...` to show where the warning was created)
(node:18348) [UNDICI-EHPA] Warning: EnvHttpProxyAgent is experimental, expect them to change at any time.
(Use `node --trace-warnings ...` to show where the warning was created)
(node:17836) [UNDICI-EHPA] Warning: EnvHttpProxyAgent is experimental, expect them to change at any time.
(Use `node --trace-warnings ...` to show where the warning was created)
(node:14644) [UNDICI-EHPA] Warning: EnvHttpProxyAgent is experimental, expect them to change at any time.
(Use `node --trace-warnings ...` to show where the warning was created)
(node:16404) [UNDICI-EHPA] Warning: EnvHttpProxyAgent is experimental, expect them to change at any time.
(Use `node --trace-warnings ...` to show where the warning was created)
(node:24944) [UNDICI-EHPA] Warning: EnvHttpProxyAgent is experimental, expect them to change at any time.
(Use `node --trace-warnings ...` to show where the warning was created)
(node:2080) [UNDICI-EHPA] Warning: EnvHttpProxyAgent is experimental, expect them to change at any time.
(Use `node --trace-warnings ...` to show where the warning was created)
(node:22452) [UNDICI-EHPA] Warning: EnvHttpProxyAgent is experimental, expect them to change at any time.
(Use `node --trace-warnings ...` to show where the warning was created)
(node:22716) [UNDICI-EHPA] Warning: EnvHttpProxyAgent is experimental, expect them to change at any time.
(Use `node --trace-warnings ...` to show where the warning was created)
 ✓ src/entryEconomicMandate.test.ts (2 tests) 7ms

 Test Files  1 passed (1)
      Tests  2 passed (2)
   Start at  23:46:24
   Duration  513ms (transform 74ms, setup 0ms, collect 79ms, tests 7ms, environment 0ms, prepare 171ms)

(node:22024) [UNDICI-EHPA] Warning: EnvHttpProxyAgent is experimental, expect them to change at any time.
(Use `node --trace-warnings ...` to show where the warning was created)
(node:12792) [UNDICI-EHPA] Warning: EnvHttpProxyAgent is experimental, expect them to change at any time.
(Use `node --trace-warnings ...` to show where the warning was created)
(node:19128) [UNDICI-EHPA] Warning: EnvHttpProxyAgent is experimental, expect them to change at any time.
(Use `node --trace-warnings ...` to show where the warning was created)

> @zdj/core@3.9.8 test
> vitest run

(node:1652) [UNDICI-EHPA] Warning: EnvHttpProxyAgent is experimental, expect them to change at any time.
(Use `node --trace-warnings ...` to show where the warning was created)

 RUN  v3.2.7 D:/MITS-WORKTREES/v398-rest-admission-recovery-20261010/packages/core

(node:5592) [UNDICI-EHPA] Warning: EnvHttpProxyAgent is experimental, expect them to change at any time.
(Use `node --trace-warnings ...` to show where the warning was created)
(node:14452) [UNDICI-EHPA] Warning: EnvHttpProxyAgent is experimental, expect them to change at any time.
(Use `node --trace-warnings ...` to show where the warning was created)
(node:24932) [UNDICI-EHPA] Warning: EnvHttpProxyAgent is experimental, expect them to change at any time.
(Use `node --trace-warnings ...` to show where the warning was created)
(node:25700) [UNDICI-EHPA] Warning: EnvHttpProxyAgent is experimental, expect them to change at any time.
(Use `node --trace-warnings ...` to show where the warning was created)
(node:23468) [UNDICI-EHPA] Warning: EnvHttpProxyAgent is experimental, expect them to change at any time.
(Use `node --trace-warnings ...` to show where the warning was created)
(node:15216) [UNDICI-EHPA] Warning: EnvHttpProxyAgent is experimental, expect them to change at any time.
(Use `node --trace-warnings ...` to show where the warning was created)
(node:12632) [UNDICI-EHPA] Warning: EnvHttpProxyAgent is experimental, expect them to change at any time.
(Use `node --trace-warnings ...` to show where the warning was created)
(node:15824) [UNDICI-EHPA] Warning: EnvHttpProxyAgent is experimental, expect them to change at any time.
(Use `node --trace-warnings ...` to show where the warning was created)
(node:24528) [UNDICI-EHPA] Warning: EnvHttpProxyAgent is experimental, expect them to change at any time.
(Use `node --trace-warnings ...` to show where the warning was created)
(node:3320) [UNDICI-EHPA] Warning: EnvHttpProxyAgent is experimental, expect them to change at any time.
(Use `node --trace-warnings ...` to show where the warning was created)
(node:9428) [UNDICI-EHPA] Warning: EnvHttpProxyAgent is experimental, expect them to change at any time.
(Use `node --trace-warnings ...` to show where the warning was created)
(node:24948) [UNDICI-EHPA] Warning: EnvHttpProxyAgent is experimental, expect them to change at any time.
(Use `node --trace-warnings ...` to show where the warning was created)
(node:17756) [UNDICI-EHPA] Warning: EnvHttpProxyAgent is experimental, expect them to change at any time.
(Use `node --trace-warnings ...` to show where the warning was created)
(node:19316) [UNDICI-EHPA] Warning: EnvHttpProxyAgent is experimental, expect them to change at any time.
(Use `node --trace-warnings ...` to show where the warning was created)
(node:23348) [UNDICI-EHPA] Warning: EnvHttpProxyAgent is experimental, expect them to change at any time.
(Use `node --trace-warnings ...` to show where the warning was created)
 ✓ src/compactEntryBudget.test.ts (2 tests) 10ms
 ✓ src/tpStructure.test.ts (3 tests) 6ms
 ✓ src/tradingCost.test.ts (4 tests) 7ms
 ✓ src/selection.test.ts (9 tests) 21ms
 ✓ src/makerPricing.test.ts (5 tests) 111ms
(node:4624) [UNDICI-EHPA] Warning: EnvHttpProxyAgent is experimental, expect them to change at any time.
(Use `node --trace-warnings ...` to show where the warning was created)
(node:9672) [UNDICI-EHPA] Warning: EnvHttpProxyAgent is experimental, expect them to change at any time.
(Use `node --trace-warnings ...` to show where the warning was created)
(node:26452) [UNDICI-EHPA] Warning: EnvHttpProxyAgent is experimental, expect them to change at any time.
(Use `node --trace-warnings ...` to show where the warning was created)
(node:22744) [UNDICI-EHPA] Warning: EnvHttpProxyAgent is experimental, expect them to change at any time.
(Use `node --trace-warnings ...` to show where the warning was created)
(node:23160) [UNDICI-EHPA] Warning: EnvHttpProxyAgent is experimental, expect them to change at any time.
(Use `node --trace-warnings ...` to show where the warning was created)
 ✓ src/assetAdmission.test.ts (3 tests) 5ms
 ✓ src/pool.test.ts (12 tests) 11ms
 ✓ src/portfolio.test.ts (17 tests) 21ms
 ✓ src/capitalAdmission.test.ts (8 tests) 16ms

 Test Files  9 passed (9)
      Tests  63 passed (63)
   Start at  23:46:25
   Duration  1.16s (transform 891ms, setup 0ms, collect 2.83s, tests 207ms, environment 3ms, prepare 2.08s)

(node:1020) [UNDICI-EHPA] Warning: EnvHttpProxyAgent is experimental, expect them to change at any time.
(Use `node --trace-warnings ...` to show where the warning was created)
(node:4668) [UNDICI-EHPA] Warning: EnvHttpProxyAgent is experimental, expect them to change at any time.
(Use `node --trace-warnings ...` to show where the warning was created)
(node:10976) [UNDICI-EHPA] Warning: EnvHttpProxyAgent is experimental, expect them to change at any time.
(Use `node --trace-warnings ...` to show where the warning was created)
(node:20768) [UNDICI-EHPA] Warning: EnvHttpProxyAgent is experimental, expect them to change at any time.
(Use `node --trace-warnings ...` to show where the warning was created)
(node:2252) [UNDICI-EHPA] Warning: EnvHttpProxyAgent is experimental, expect them to change at any time.
(Use `node --trace-warnings ...` to show where the warning was created)
(node:7484) [UNDICI-EHPA] Warning: EnvHttpProxyAgent is experimental, expect them to change at any time.
(Use `node --trace-warnings ...` to show where the warning was created)

> @zdj/dashboard@3.9.8 test
> vitest run

(node:8480) [UNDICI-EHPA] Warning: EnvHttpProxyAgent is experimental, expect them to change at any time.
(Use `node --trace-warnings ...` to show where the warning was created)

 RUN  v3.2.7 D:/MITS-WORKTREES/v398-rest-admission-recovery-20261010/apps/dashboard

(node:14168) [UNDICI-EHPA] Warning: EnvHttpProxyAgent is experimental, expect them to change at any time.
(Use `node --trace-warnings ...` to show where the warning was created)
(node:19408) [UNDICI-EHPA] Warning: EnvHttpProxyAgent is experimental, expect them to change at any time.
(Use `node --trace-warnings ...` to show where the warning was created)
(node:23076) [UNDICI-EHPA] Warning: EnvHttpProxyAgent is experimental, expect them to change at any time.
(Use `node --trace-warnings ...` to show where the warning was created)
(node:15288) [UNDICI-EHPA] Warning: EnvHttpProxyAgent is experimental, expect them to change at any time.
(Use `node --trace-warnings ...` to show where the warning was created)
 ✓ src/views/SettingsView.resources.test.ts (6 tests) 231ms
(node:2080) [UNDICI-EHPA] Warning: EnvHttpProxyAgent is experimental, expect them to change at any time.
(Use `node --trace-warnings ...` to show where the warning was created)
 ✓ src/views/OverviewView.conversion.test.ts (6 tests) 327ms
(node:14072) [UNDICI-EHPA] Warning: EnvHttpProxyAgent is experimental, expect them to change at any time.
(Use `node --trace-warnings ...` to show where the warning was created)
 ✓ src/views/OverviewView.executionTruth.test.ts (14 tests) 651ms
(node:25204) [UNDICI-EHPA] Warning: EnvHttpProxyAgent is experimental, expect them to change at any time.
(Use `node --trace-warnings ...` to show where the warning was created)
 ✓ src/views/OverviewView.capacity.test.ts (21 tests) 872ms
(node:5608) [UNDICI-EHPA] Warning: EnvHttpProxyAgent is experimental, expect them to change at any time.
(Use `node --trace-warnings ...` to show where the warning was created)
 ✓ src/views/SettingsView.exposure.test.ts (7 tests) 226ms
(node:8264) [UNDICI-EHPA] Warning: EnvHttpProxyAgent is experimental, expect them to change at any time.
(Use `node --trace-warnings ...` to show where the warning was created)
 ✓ src/views/BrainView.auditDrawer.test.ts (6 tests) 186ms
(node:24332) [UNDICI-EHPA] Warning: EnvHttpProxyAgent is experimental, expect them to change at any time.
(Use `node --trace-warnings ...` to show where the warning was created)
 ✓ src/views/BrainView.execution.test.ts (3 tests) 120ms
 ✓ src/views/PositionsView.holding.test.ts (5 tests) 142ms
(node:19684) [UNDICI-EHPA] Warning: EnvHttpProxyAgent is experimental, expect them to change at any time.
(Use `node --trace-warnings ...` to show where the warning was created)
(node:12792) [UNDICI-EHPA] Warning: EnvHttpProxyAgent is experimental, expect them to change at any time.
(Use `node --trace-warnings ...` to show where the warning was created)
 ✓ src/components/PositionConsole.holding.test.ts (5 tests) 123ms
(node:11992) [UNDICI-EHPA] Warning: EnvHttpProxyAgent is experimental, expect them to change at any time.
(Use `node --trace-warnings ...` to show where the warning was created)
 ✓ src/layouts/AppShell.incidents.test.ts (2 tests) 107ms
(node:18288) [UNDICI-EHPA] Warning: EnvHttpProxyAgent is experimental, expect them to change at any time.
(Use `node --trace-warnings ...` to show where the warning was created)
 ✓ src/views/HumanManagedView.holding.test.ts (4 tests) 108ms
 ✓ src/views/OverviewView.test.ts (1 test) 100ms
(node:21416) [UNDICI-EHPA] Warning: EnvHttpProxyAgent is experimental, expect them to change at any time.
(Use `node --trace-warnings ...` to show where the warning was created)
(node:11136) [UNDICI-EHPA] Warning: EnvHttpProxyAgent is experimental, expect them to change at any time.
(Use `node --trace-warnings ...` to show where the warning was created)
 ✓ src/views/PerformanceView.test.ts (2 tests) 99ms
(node:15824) [UNDICI-EHPA] Warning: EnvHttpProxyAgent is experimental, expect them to change at any time.
(Use `node --trace-warnings ...` to show where the warning was created)
 ✓ src/components/CockpitOverviewTop.test.ts (2 tests) 111ms
(node:16852) [UNDICI-EHPA] Warning: EnvHttpProxyAgent is experimental, expect them to change at any time.
(Use `node --trace-warnings ...` to show where the warning was created)
 ✓ src/views/TradeRecordsView.integrity.test.ts (1 test) 77ms
 ✓ src/views/TradeRecordsView.test.ts (1 test) 64ms
(node:25112) [UNDICI-EHPA] Warning: EnvHttpProxyAgent is experimental, expect them to change at any time.
(Use `node --trace-warnings ...` to show where the warning was created)
(node:17908) [UNDICI-EHPA] Warning: EnvHttpProxyAgent is experimental, expect them to change at any time.
(Use `node --trace-warnings ...` to show where the warning was created)
 ✓ src/utils/holdingDuration.test.ts (15 tests) 24ms
(node:18396) [UNDICI-EHPA] Warning: EnvHttpProxyAgent is experimental, expect them to change at any time.
(Use `node --trace-warnings ...` to show where the warning was created)
 ✓ src/components/FinanceRiskAtlas.test.ts (3 tests) 59ms
(node:10332) [UNDICI-EHPA] Warning: EnvHttpProxyAgent is experimental, expect them to change at any time.
(Use `node --trace-warnings ...` to show where the warning was created)
 ✓ src/utils/financePerformance.test.ts (5 tests) 7ms
 ✓ src/testing/dashboardSnapshotFixture.test.ts (3 tests) 14ms
(node:12936) [UNDICI-EHPA] Warning: EnvHttpProxyAgent is experimental, expect them to change at any time.
(Use `node --trace-warnings ...` to show where the warning was created)
(node:25784) [UNDICI-EHPA] Warning: EnvHttpProxyAgent is experimental, expect them to change at any time.
(Use `node --trace-warnings ...` to show where the warning was created)
 ✓ src/utils/useNow.test.ts (1 test) 17ms
 ✓ src/governancePanel.test.ts (8 tests) 7ms
(node:9908) [UNDICI-EHPA] Warning: EnvHttpProxyAgent is experimental, expect them to change at any time.
(Use `node --trace-warnings ...` to show where the warning was created)
 ✓ src/utils/performanceFacts.test.ts (5 tests) 5ms
 ✓ src/stores/passiveRefresh.test.ts (1 test) 9ms
(node:25324) [UNDICI-EHPA] Warning: EnvHttpProxyAgent is experimental, expect them to change at any time.
(Use `node --trace-warnings ...` to show where the warning was created)
(node:22484) [UNDICI-EHPA] Warning: EnvHttpProxyAgent is experimental, expect them to change at any time.
(Use `node --trace-warnings ...` to show where the warning was created)
(node:12476) [UNDICI-EHPA] Warning: EnvHttpProxyAgent is experimental, expect them to change at any time.
(Use `node --trace-warnings ...` to show where the warning was created)
 ✓ src/utils/cockpitStatus.test.ts (3 tests) 5ms
 ✓ src/positionModel.test.ts (4 tests) 4ms
(node:18516) [UNDICI-EHPA] Warning: EnvHttpProxyAgent is experimental, expect them to change at any time.
(Use `node --trace-warnings ...` to show where the warning was created)
 ✓ src/stores/system.test.ts (1 test) 4ms
(node:9784) [UNDICI-EHPA] Warning: EnvHttpProxyAgent is experimental, expect them to change at any time.
(Use `node --trace-warnings ...` to show where the warning was created)
 ✓ src/blacklistInput.test.ts (2 tests) 4ms
(node:24732) [UNDICI-EHPA] Warning: EnvHttpProxyAgent is experimental, expect them to change at any time.
(Use `node --trace-warnings ...` to show where the warning was created)
(node:25876) [UNDICI-EHPA] Warning: EnvHttpProxyAgent is experimental, expect them to change at any time.
(Use `node --trace-warnings ...` to show where the warning was created)
 ✓ src/navigation.test.ts (2 tests) 4ms
 ✓ src/candidateBlacklistDto.test.ts (2 tests) 6ms
 ✓ src/requestId.test.ts (3 tests) 3ms
(node:18224) [UNDICI-EHPA] Warning: EnvHttpProxyAgent is experimental, expect them to change at any time.
(Use `node --trace-warnings ...` to show where the warning was created)
 ✓ src/views/tradeClosePresentation.test.ts (7 tests) 4ms
(node:11064) [UNDICI-EHPA] Warning: EnvHttpProxyAgent is experimental, expect them to change at any time.
(Use `node --trace-warnings ...` to show where the warning was created)
(node:20776) [UNDICI-EHPA] Warning: EnvHttpProxyAgent is experimental, expect them to change at any time.
(Use `node --trace-warnings ...` to show where the warning was created)
(node:14204) [UNDICI-EHPA] Warning: EnvHttpProxyAgent is experimental, expect them to change at any time.
(Use `node --trace-warnings ...` to show where the warning was created)
 ✓ src/tradingParameterProfiles.test.ts (2 tests) 3ms

 Test Files  33 passed (33)
      Tests  153 passed (153)
   Start at  23:46:28
   Duration  9.33s (transform 1.58s, setup 0ms, collect 10.20s, tests 3.72s, environment 14.25s, prepare 3.12s)

(node:22832) [UNDICI-EHPA] Warning: EnvHttpProxyAgent is experimental, expect them to change at any time.
(Use `node --trace-warnings ...` to show where the warning was created)
(node:26184) [UNDICI-EHPA] Warning: EnvHttpProxyAgent is experimental, expect them to change at any time.
(Use `node --trace-warnings ...` to show where the warning was created)
(node:2196) [UNDICI-EHPA] Warning: EnvHttpProxyAgent is experimental, expect them to change at any time.
(Use `node --trace-warnings ...` to show where the warning was created)

> @zdj/engine@3.9.8 test:ci
> vitest run --pool=forks --maxWorkers=1 --shard=1/4 && vitest run --pool=forks --maxWorkers=1 --shard=2/4 && vitest run --pool=forks --maxWorkers=1 --shard=3/4 && vitest run --pool=forks --maxWorkers=1 --shard=4/4

(node:7636) [UNDICI-EHPA] Warning: EnvHttpProxyAgent is experimental, expect them to change at any time.
(Use `node --trace-warnings ...` to show where the warning was created)
VITEST_TEST_TIMEOUT=5000 CI=

 RUN  v3.2.7 D:/MITS-WORKTREES/v398-rest-admission-recovery-20261010/apps/engine

(node:10256) [UNDICI-EHPA] Warning: EnvHttpProxyAgent is experimental, expect them to change at any time.
(Use `node --trace-warnings ...` to show where the warning was created)
(node:10256) ExperimentalWarning: SQLite is an experimental feature and might change at any time
 ✓ src/services/entrySubmissionIdentity.integration.test.ts (13 tests) 1394ms
(node:22500) [UNDICI-EHPA] Warning: EnvHttpProxyAgent is experimental, expect them to change at any time.
(Use `node --trace-warnings ...` to show where the warning was created)
(node:22500) ExperimentalWarning: SQLite is an experimental feature and might change at any time
(node:22500) [UNDICI-EHPA] Warning: EnvHttpProxyAgent is experimental, expect them to change at any time.
(Use `node --trace-warnings ...` to show where the warning was created)
(node:22500) [UNDICI-EHPA] Warning: EnvHttpProxyAgent is experimental, expect them to change at any time.
(Use `node --trace-warnings ...` to show where the warning was created)
(node:22500) [UNDICI-EHPA] Warning: EnvHttpProxyAgent is experimental, expect them to change at any time.
(Use `node --trace-warnings ...` to show where the warning was created)
(node:22500) [UNDICI-EHPA] Warning: EnvHttpProxyAgent is experimental, expect them to change at any time.
(Use `node --trace-warnings ...` to show where the warning was created)
(node:22500) [UNDICI-EHPA] Warning: EnvHttpProxyAgent is experimental, expect them to change at any time.
(Use `node --trace-warnings ...` to show where the warning was created)
(node:22500) [UNDICI-EHPA] Warning: EnvHttpProxyAgent is experimental, expect them to change at any time.
(Use `node --trace-warnings ...` to show where the warning was created)
(node:22500) [UNDICI-EHPA] Warning: EnvHttpProxyAgent is experimental, expect them to change at any time.
(Use `node --trace-warnings ...` to show where the warning was created)
(node:22500) [UNDICI-EHPA] Warning: EnvHttpProxyAgent is experimental, expect them to change at any time.
(Use `node --trace-warnings ...` to show where the warning was created)
(node:22500) [UNDICI-EHPA] Warning: EnvHttpProxyAgent is experimental, expect them to change at any time.
(Use `node --trace-warnings ...` to show where the warning was created)
(node:22500) [UNDICI-EHPA] Warning: EnvHttpProxyAgent is experimental, expect them to change at any time.
(Use `node --trace-warnings ...` to show where the warning was created)
(node:22500) [UNDICI-EHPA] Warning: EnvHttpProxyAgent is experimental, expect them to change at any time.
(Use `node --trace-warnings ...` to show where the warning was created)
(node:22500) [UNDICI-EHPA] Warning: EnvHttpProxyAgent is experimental, expect them to change at any time.
(Use `node --trace-warnings ...` to show where the warning was created)
 ✓ src/services/aiFabric.test.ts (14 tests) 2838ms
   ✓ Primary decision fail-closed normalization > normalizes a reject without inventing an executable side  309ms
(node:13948) [UNDICI-EHPA] Warning: EnvHttpProxyAgent is experimental, expect them to change at any time.
(Use `node --trace-warnings ...` to show where the warning was created)
(node:13948) ExperimentalWarning: SQLite is an experimental feature and might change at any time
(node:13948) [UNDICI-EHPA] Warning: EnvHttpProxyAgent is experimental, expect them to change at any time.
(Use `node --trace-warnings ...` to show where the warning was created)
(node:13948) [UNDICI-EHPA] Warning: EnvHttpProxyAgent is experimental, expect them to change at any time.
(Use `node --trace-warnings ...` to show where the warning was created)
(node:13948) [UNDICI-EHPA] Warning: EnvHttpProxyAgent is experimental, expect them to change at any time.
(Use `node --trace-warnings ...` to show where the warning was created)
(node:13948) [UNDICI-EHPA] Warning: EnvHttpProxyAgent is experimental, expect them to change at any time.
(Use `node --trace-warnings ...` to show where the warning was created)
(node:13948) [UNDICI-EHPA] Warning: EnvHttpProxyAgent is experimental, expect them to change at any time.
(Use `node --trace-warnings ...` to show where the warning was created)
(node:13948) [UNDICI-EHPA] Warning: EnvHttpProxyAgent is experimental, expect them to change at any time.
(Use `node --trace-warnings ...` to show where the warning was created)
 ✓ src/api/snapshotReadOnly.test.ts (6 tests) 1697ms
   ✓ TradeRecord GET list/detail and Experience perform zero SQLite writes and zero state mutation  513ms
(node:12968) [UNDICI-EHPA] Warning: EnvHttpProxyAgent is experimental, expect them to change at any time.
(Use `node --trace-warnings ...` to show where the warning was created)
(node:12968) ExperimentalWarning: SQLite is an experimental feature and might change at any time
 ✓ src/services/executionLifecycle.integration.test.ts (17 tests) 1261ms
(node:18956) [UNDICI-EHPA] Warning: EnvHttpProxyAgent is experimental, expect them to change at any time.
(Use `node --trace-warnings ...` to show where the warning was created)
(node:18956) ExperimentalWarning: SQLite is an experimental feature and might change at any time
(node:18956) [UNDICI-EHPA] Warning: EnvHttpProxyAgent is experimental, expect them to change at any time.
(Use `node --trace-warnings ...` to show where the warning was created)
(node:18956) [UNDICI-EHPA] Warning: EnvHttpProxyAgent is experimental, expect them to change at any time.
(Use `node --trace-warnings ...` to show where the warning was created)
(node:18956) [UNDICI-EHPA] Warning: EnvHttpProxyAgent is experimental, expect them to change at any time.
(Use `node --trace-warnings ...` to show where the warning was created)
(node:18956) [UNDICI-EHPA] Warning: EnvHttpProxyAgent is experimental, expect them to change at any time.
(Use `node --trace-warnings ...` to show where the warning was created)
(node:18956) [UNDICI-EHPA] Warning: EnvHttpProxyAgent is experimental, expect them to change at any time.
(Use `node --trace-warnings ...` to show where the warning was created)
(node:18956) [UNDICI-EHPA] Warning: EnvHttpProxyAgent is experimental, expect them to change at any time.
(Use `node --trace-warnings ...` to show where the warning was created)
 ✓ src/runtime/appRuntime.test.ts (8 tests) 1710ms
   ✓ mock V3 runtime > retains an in-flight cohort hydrate through the real runtime sync, then admits its snapshot  344ms
   ✓ does not publish into the closed database from queued UI snapshots  694ms
(node:25908) [UNDICI-EHPA] Warning: EnvHttpProxyAgent is experimental, expect them to change at any time.
(Use `node --trace-warnings ...` to show where the warning was created)
(node:25908) ExperimentalWarning: SQLite is an experimental feature and might change at any time
(node:25908) [UNDICI-EHPA] Warning: EnvHttpProxyAgent is experimental, expect them to change at any time.
(Use `node --trace-warnings ...` to show where the warning was created)
 ✓ src/services/j1AiExitConsumer.test.ts (13 tests) 297ms
(node:23396) [UNDICI-EHPA] Warning: EnvHttpProxyAgent is experimental, expect them to change at any time.
(Use `node --trace-warnings ...` to show where the warning was created)
(node:23396) ExperimentalWarning: SQLite is an experimental feature and might change at any time
 ✓ src/services/s04ExitCoordination.test.ts (11 tests) 1004ms
(node:2760) [UNDICI-EHPA] Warning: EnvHttpProxyAgent is experimental, expect them to change at any time.
(Use `node --trace-warnings ...` to show where the warning was created)
(node:2760) ExperimentalWarning: SQLite is an experimental feature and might change at any time
 ✓ src/services/unknownProofHydration.test.ts (13 tests) 581ms
(node:26448) [UNDICI-EHPA] Warning: EnvHttpProxyAgent is experimental, expect them to change at any time.
(Use `node --trace-warnings ...` to show where the warning was created)
(node:26448) ExperimentalWarning: SQLite is an experimental feature and might change at any time
 ✓ src/services/ownershipRuntime.test.ts (5 tests) 550ms
(node:25292) [UNDICI-EHPA] Warning: EnvHttpProxyAgent is experimental, expect them to change at any time.
(Use `node --trace-warnings ...` to show where the warning was created)
(node:25292) ExperimentalWarning: SQLite is an experimental feature and might change at any time
 ✓ src/services/j5SettingsGovernanceHostile.test.ts (24 tests) 888ms
(node:22576) [UNDICI-EHPA] Warning: EnvHttpProxyAgent is experimental, expect them to change at any time.
(Use `node --trace-warnings ...` to show where the warning was created)
 ✓ src/api/runtimeSettingsResources.test.ts (20 tests) 354ms
(node:2108) [UNDICI-EHPA] Warning: EnvHttpProxyAgent is experimental, expect them to change at any time.
(Use `node --trace-warnings ...` to show where the warning was created)
 ✓ src/services/primaryCadenceDispatch.test.ts (6 tests) 326ms
(node:1588) [UNDICI-EHPA] Warning: EnvHttpProxyAgent is experimental, expect them to change at any time.
(Use `node --trace-warnings ...` to show where the warning was created)
 ✓ src/services/s05ConsumerBoundary.test.ts (4 tests) 251ms
(node:23676) [UNDICI-EHPA] Warning: EnvHttpProxyAgent is experimental, expect them to change at any time.
(Use `node --trace-warnings ...` to show where the warning was created)
(node:23676) ExperimentalWarning: SQLite is an experimental feature and might change at any time
(node:23676) [UNDICI-EHPA] Warning: EnvHttpProxyAgent is experimental, expect them to change at any time.
(Use `node --trace-warnings ...` to show where the warning was created)
 ✓ src/runtime/riskPauseOverride.test.ts (1 test) 901ms
   ✓ Testnet risk-pause override > TESTNET records daily loss without pausing Entry, including restored state  900ms
(node:26568) [UNDICI-EHPA] Warning: EnvHttpProxyAgent is experimental, expect them to change at any time.
(Use `node --trace-warnings ...` to show where the warning was created)
(node:26568) ExperimentalWarning: SQLite is an experimental feature and might change at any time
 ✓ src/state/reservationConvergence.test.ts (13 tests) 269ms
(node:26240) [UNDICI-EHPA] Warning: EnvHttpProxyAgent is experimental, expect them to change at any time.
(Use `node --trace-warnings ...` to show where the warning was created)
(node:26240) ExperimentalWarning: SQLite is an experimental feature and might change at any time
 ✓ src/services/testnetRiskAuthority.test.ts (34 tests) 218ms
(node:12820) [UNDICI-EHPA] Warning: EnvHttpProxyAgent is experimental, expect them to change at any time.
(Use `node --trace-warnings ...` to show where the warning was created)
 ✓ src/services/preAiPlanFeasibility.test.ts (9 tests) 175ms
(node:12468) [UNDICI-EHPA] Warning: EnvHttpProxyAgent is experimental, expect them to change at any time.
(Use `node --trace-warnings ...` to show where the warning was created)
(node:12468) ExperimentalWarning: SQLite is an experimental feature and might change at any time
 ✓ src/services/manualPositionService.test.ts (21 tests) 156ms
(node:15316) [UNDICI-EHPA] Warning: EnvHttpProxyAgent is experimental, expect them to change at any time.
(Use `node --trace-warnings ...` to show where the warning was created)
 ✓ src/services/grossRiskCapacityVisibility.test.ts (16 tests) 148ms
(node:18516) [UNDICI-EHPA] Warning: EnvHttpProxyAgent is experimental, expect them to change at any time.
(Use `node --trace-warnings ...` to show where the warning was created)
 ✓ src/adapters/binance/requestBudget.test.ts (26 tests) 87ms
(node:15468) [UNDICI-EHPA] Warning: EnvHttpProxyAgent is experimental, expect them to change at any time.
(Use `node --trace-warnings ...` to show where the warning was created)
(node:15468) ExperimentalWarning: SQLite is an experimental feature and might change at any time
 ✓ src/services/tpGuardianCrossedTruth.test.ts (11 tests) 57ms
(node:24216) [UNDICI-EHPA] Warning: EnvHttpProxyAgent is experimental, expect them to change at any time.
(Use `node --trace-warnings ...` to show where the warning was created)
(node:24216) ExperimentalWarning: SQLite is an experimental feature and might change at any time
 ✓ src/config/noAddOriginLedger.test.ts (2 tests) 35ms
(node:23404) [UNDICI-EHPA] Warning: EnvHttpProxyAgent is experimental, expect them to change at any time.
(Use `node --trace-warnings ...` to show where the warning was created)
(node:23404) ExperimentalWarning: SQLite is an experimental feature and might change at any time
 ✓ src/services/tpSubmissionOutcome.test.ts (10 tests) 50ms
(node:23864) [UNDICI-EHPA] Warning: EnvHttpProxyAgent is experimental, expect them to change at any time.
(Use `node --trace-warnings ...` to show where the warning was created)
(node:23864) ExperimentalWarning: SQLite is an experimental feature and might change at any time
 ✓ src/services/j1ExitTruthHostile.test.ts (10 tests) 39ms
(node:9328) [UNDICI-EHPA] Warning: EnvHttpProxyAgent is experimental, expect them to change at any time.
(Use `node --trace-warnings ...` to show where the warning was created)
 ✓ src/services/positionCycleLotAccounting.test.ts (29 tests) 42ms
(node:24920) [UNDICI-EHPA] Warning: EnvHttpProxyAgent is experimental, expect them to change at any time.
(Use `node --trace-warnings ...` to show where the warning was created)
 ✓ src/services/cycleAccounting.test.ts (16 tests) 37ms
(node:13624) [UNDICI-EHPA] Warning: EnvHttpProxyAgent is experimental, expect them to change at any time.
(Use `node --trace-warnings ...` to show where the warning was created)
 ✓ src/services/reconciliationService.test.ts (21 tests) 34ms
(node:16324) [UNDICI-EHPA] Warning: EnvHttpProxyAgent is experimental, expect them to change at any time.
(Use `node --trace-warnings ...` to show where the warning was created)
 ✓ src/services/entryLeverageFacts.test.ts (10 tests) 32ms
(node:23968) [UNDICI-EHPA] Warning: EnvHttpProxyAgent is experimental, expect them to change at any time.
(Use `node --trace-warnings ...` to show where the warning was created)
 ✓ src/services/capitalCapacityModel.test.ts (12 tests) 30ms
(node:22676) [UNDICI-EHPA] Warning: EnvHttpProxyAgent is experimental, expect them to change at any time.
(Use `node --trace-warnings ...` to show where the warning was created)
 ✓ src/services/v398RiskQuantityBounds.test.ts (5 tests) 26ms
(node:23088) [UNDICI-EHPA] Warning: EnvHttpProxyAgent is experimental, expect them to change at any time.
(Use `node --trace-warnings ...` to show where the warning was created)
 ✓ src/services/reconciliationCoverageContract.test.ts (6 tests) 26ms
(node:11764) [UNDICI-EHPA] Warning: EnvHttpProxyAgent is experimental, expect them to change at any time.
(Use `node --trace-warnings ...` to show where the warning was created)
 ✓ src/services/positionRiskV3Facts.test.ts (17 tests) 24ms
(node:20100) [UNDICI-EHPA] Warning: EnvHttpProxyAgent is experimental, expect them to change at any time.
(Use `node --trace-warnings ...` to show where the warning was created)
 ✓ src/services/pendingRiskOccupancyConvergence.test.ts (11 tests) 22ms
(node:22792) [UNDICI-EHPA] Warning: EnvHttpProxyAgent is experimental, expect them to change at any time.
(Use `node --trace-warnings ...` to show where the warning was created)
 ✓ src/services/tradingLoopRepair.test.ts (24 tests) 22ms
(node:25616) [UNDICI-EHPA] Warning: EnvHttpProxyAgent is experimental, expect them to change at any time.
(Use `node --trace-warnings ...` to show where the warning was created)
 ✓ src/services/entryFundingUniverse.test.ts (11 tests) 17ms
(node:23016) [UNDICI-EHPA] Warning: EnvHttpProxyAgent is experimental, expect them to change at any time.
(Use `node --trace-warnings ...` to show where the warning was created)
 ✓ src/services/liveValidationObservation.test.ts (2 tests) 18ms
(node:3368) [UNDICI-EHPA] Warning: EnvHttpProxyAgent is experimental, expect them to change at any time.
(Use `node --trace-warnings ...` to show where the warning was created)
 ✓ src/services/v396AuditFollowup.test.ts (8 tests) 16ms
(node:23436) [UNDICI-EHPA] Warning: EnvHttpProxyAgent is experimental, expect them to change at any time.
(Use `node --trace-warnings ...` to show where the warning was created)
 ✓ src/services/externalIntelligenceService.test.ts (5 tests) 14ms
(node:19128) [UNDICI-EHPA] Warning: EnvHttpProxyAgent is experimental, expect them to change at any time.
(Use `node --trace-warnings ...` to show where the warning was created)
 ✓ src/services/operationalIncidents.test.ts (20 tests) 13ms
(node:16036) [UNDICI-EHPA] Warning: EnvHttpProxyAgent is experimental, expect them to change at any time.
(Use `node --trace-warnings ...` to show where the warning was created)
 ✓ src/services/executableRiskHeadroom.test.ts (6 tests) 12ms
(node:22040) [UNDICI-EHPA] Warning: EnvHttpProxyAgent is experimental, expect them to change at any time.
(Use `node --trace-warnings ...` to show where the warning was created)
 ✓ src/services/marketDataHubSlowFields.test.ts (4 tests) 11ms
(node:13296) [UNDICI-EHPA] Warning: EnvHttpProxyAgent is experimental, expect them to change at any time.
(Use `node --trace-warnings ...` to show where the warning was created)
 ✓ src/services/pipelineVerdict.test.ts (14 tests) 9ms
(node:25392) [UNDICI-EHPA] Warning: EnvHttpProxyAgent is experimental, expect them to change at any time.
(Use `node --trace-warnings ...` to show where the warning was created)
 ✓ src/config/aiResourceLoader.test.ts (1 test) 8ms
(node:18992) [UNDICI-EHPA] Warning: EnvHttpProxyAgent is experimental, expect them to change at any time.
(Use `node --trace-warnings ...` to show where the warning was created)
 ✓ src/adapters/market/BinanceExchangeInfoSingleFlight.test.ts (2 tests) 8ms
(node:22916) [UNDICI-EHPA] Warning: EnvHttpProxyAgent is experimental, expect them to change at any time.
(Use `node --trace-warnings ...` to show where the warning was created)
 ✓ src/services/entryCapacityTrace.test.ts (12 tests) 9ms
(node:22752) [UNDICI-EHPA] Warning: EnvHttpProxyAgent is experimental, expect them to change at any time.
(Use `node --trace-warnings ...` to show where the warning was created)
 ✓ src/api/executionTruthSplit.test.ts (6 tests) 7ms
(node:6708) [UNDICI-EHPA] Warning: EnvHttpProxyAgent is experimental, expect them to change at any time.
(Use `node --trace-warnings ...` to show where the warning was created)
 ✓ src/services/nearMarketPrice.test.ts (4 tests) 7ms
(node:6796) [UNDICI-EHPA] Warning: EnvHttpProxyAgent is experimental, expect them to change at any time.
(Use `node --trace-warnings ...` to show where the warning was created)
 ✓ src/services/hostPerformanceSampler.test.ts (4 tests) 6ms
(node:12624) [UNDICI-EHPA] Warning: EnvHttpProxyAgent is experimental, expect them to change at any time.
(Use `node --trace-warnings ...` to show where the warning was created)
 ✓ src/services/aiPhysicalResourceScheduler.test.ts (3 tests) 4ms
(node:23636) [UNDICI-EHPA] Warning: EnvHttpProxyAgent is experimental, expect them to change at any time.
(Use `node --trace-warnings ...` to show where the warning was created)
 ✓ src/services/humanManagedProjection.test.ts (1 test) 4ms
(node:18852) [UNDICI-EHPA] Warning: EnvHttpProxyAgent is experimental, expect them to change at any time.
(Use `node --trace-warnings ...` to show where the warning was created)
 ✓ src/services/reconciliationOpenOrdersProjection.test.ts (2 tests) 8ms
(node:13304) [UNDICI-EHPA] Warning: EnvHttpProxyAgent is experimental, expect them to change at any time.
(Use `node --trace-warnings ...` to show where the warning was created)
 ✓ src/services/binanceClientOrderIdFactory.test.ts (3 tests) 5ms
(node:15728) [UNDICI-EHPA] Warning: EnvHttpProxyAgent is experimental, expect them to change at any time.
(Use `node --trace-warnings ...` to show where the warning was created)
 ✓ src/services/accountValuation.test.ts (3 tests) 5ms
(node:18820) [UNDICI-EHPA] Warning: EnvHttpProxyAgent is experimental, expect them to change at any time.
(Use `node --trace-warnings ...` to show where the warning was created)
 ✓ src/services/p0RiskConvergence.test.ts (3 tests) 3ms
(node:16520) [UNDICI-EHPA] Warning: EnvHttpProxyAgent is experimental, expect them to change at any time.
(Use `node --trace-warnings ...` to show where the warning was created)
 ✓ src/services/unsubmittedEntryRecovery.test.ts (2 tests) 4ms
(node:23568) [UNDICI-EHPA] Warning: EnvHttpProxyAgent is experimental, expect them to change at any time.
(Use `node --trace-warnings ...` to show where the warning was created)
 ✓ src/adapters/binance/BinanceTransportLanes.test.ts (3 tests) 3ms
(node:19064) [UNDICI-EHPA] Warning: EnvHttpProxyAgent is experimental, expect them to change at any time.
(Use `node --trace-warnings ...` to show where the warning was created)
 ✓ src/config/engineTestTimeout.test.ts (1 test) 3ms

 Test Files  57 passed (57)
      Tests  578 passed (578)
   Start at  23:46:38
   Duration  38.41s (transform 1.70s, setup 0ms, collect 9.84s, tests 15.78s, environment 10ms, prepare 4.86s)

(node:17992) [UNDICI-EHPA] Warning: EnvHttpProxyAgent is experimental, expect them to change at any time.
(Use `node --trace-warnings ...` to show where the warning was created)
(node:7176) [UNDICI-EHPA] Warning: EnvHttpProxyAgent is experimental, expect them to change at any time.
(Use `node --trace-warnings ...` to show where the warning was created)
VITEST_TEST_TIMEOUT=5000 CI=

 RUN  v3.2.7 D:/MITS-WORKTREES/v398-rest-admission-recovery-20261010/apps/engine

(node:24860) [UNDICI-EHPA] Warning: EnvHttpProxyAgent is experimental, expect them to change at any time.
(Use `node --trace-warnings ...` to show where the warning was created)
(node:24860) ExperimentalWarning: SQLite is an experimental feature and might change at any time
 ✓ src/config/settingsStore.test.ts (37 tests) 5366ms
   ✓ does not rewrite unchanged trade records but persists changed facts and repairs durable eviction  483ms
   ✓ SettingsStore > keeps in-range migrated floors untouched and migrates a legacy document exactly once  495ms
(node:17380) [UNDICI-EHPA] Warning: EnvHttpProxyAgent is experimental, expect them to change at any time.
(Use `node --trace-warnings ...` to show where the warning was created)
(node:17380) ExperimentalWarning: SQLite is an experimental feature and might change at any time
 ✓ src/services/j4ReviewMemoryHostile.test.ts (54 tests) 2135ms
(node:23172) [UNDICI-EHPA] Warning: EnvHttpProxyAgent is experimental, expect them to change at any time.
(Use `node --trace-warnings ...` to show where the warning was created)
 ✓ src/services/entryExecutionChain.test.ts (6 tests) 3283ms
   ✓ V3.9.6 PLACE -> submit chain closure > EC-04 (T5) an unknown submission is reconciled, never re-sent  3120ms
(node:8280) [UNDICI-EHPA] Warning: EnvHttpProxyAgent is experimental, expect them to change at any time.
(Use `node --trace-warnings ...` to show where the warning was created)
(node:8280) ExperimentalWarning: SQLite is an experimental feature and might change at any time
 ✓ src/state/c2ReservationAtomicityHostile.test.ts (23 tests) 2473ms
(node:25256) [UNDICI-EHPA] Warning: EnvHttpProxyAgent is experimental, expect them to change at any time.
(Use `node --trace-warnings ...` to show where the warning was created)
(node:25256) ExperimentalWarning: SQLite is an experimental feature and might change at any time
 ✓ src/services/executionReadiness.test.ts (19 tests) 1431ms
   ✓ an armed trade intent spends no model on facts it cannot execute > blocks on stale private facts and resumes on the next tick without a restart  312ms
(node:10444) [UNDICI-EHPA] Warning: EnvHttpProxyAgent is experimental, expect them to change at any time.
(Use `node --trace-warnings ...` to show where the warning was created)
 ✓ src/adapters/market/BinanceMarketStream.test.ts (32 tests) 1203ms
   ✓ subscription acknowledgement and recovery bounds > restores full acknowledged subscriptions after a real socket disconnect without keeping stale confirmations  715ms
(node:13628) [UNDICI-EHPA] Warning: EnvHttpProxyAgent is experimental, expect them to change at any time.
(Use `node --trace-warnings ...` to show where the warning was created)
(node:13628) ExperimentalWarning: SQLite is an experimental feature and might change at any time
(node:13628) [UNDICI-EHPA] Warning: EnvHttpProxyAgent is experimental, expect them to change at any time.
(Use `node --trace-warnings ...` to show where the warning was created)
 ✓ src/runtime/v393FrozenEntryRestart.test.ts (1 test) 315ms
   ✓ V3.9.3 frozen Entry authorization restart persistence > preserves AI side, quantityUnits, acceptable range and pre-AI envelope through SQLite and Engine restart  314ms
(node:8484) [UNDICI-EHPA] Warning: EnvHttpProxyAgent is experimental, expect them to change at any time.
(Use `node --trace-warnings ...` to show where the warning was created)
(node:8484) ExperimentalWarning: SQLite is an experimental feature and might change at any time
(node:8484) [UNDICI-EHPA] Warning: EnvHttpProxyAgent is experimental, expect them to change at any time.
(Use `node --trace-warnings ...` to show where the warning was created)
(node:8484) [UNDICI-EHPA] Warning: EnvHttpProxyAgent is experimental, expect them to change at any time.
(Use `node --trace-warnings ...` to show where the warning was created)
(node:8484) [UNDICI-EHPA] Warning: EnvHttpProxyAgent is experimental, expect them to change at any time.
(Use `node --trace-warnings ...` to show where the warning was created)
 ✓ src/api/projections.test.ts (4 tests) 799ms
   ✓ dashboard projections > schema-validates one server-side snapshot and redacts audit secrets  358ms
(node:25908) [UNDICI-EHPA] Warning: EnvHttpProxyAgent is experimental, expect them to change at any time.
(Use `node --trace-warnings ...` to show where the warning was created)
(node:25908) ExperimentalWarning: SQLite is an experimental feature and might change at any time
 ✓ src/services/tradingQualityCollectorSummary.test.ts (8 tests) 928ms
   ✓ keeps exact mutable fill evidence across a 30000-event burst and database reopen  411ms
(node:19612) [UNDICI-EHPA] Warning: EnvHttpProxyAgent is experimental, expect them to change at any time.
(Use `node --trace-warnings ...` to show where the warning was created)
 ✓ src/adapters/binance/BinanceTransportConnectionReuse.test.ts (5 tests) 535ms
(node:13656) [UNDICI-EHPA] Warning: EnvHttpProxyAgent is experimental, expect them to change at any time.
(Use `node --trace-warnings ...` to show where the warning was created)
 ✓ src/services/testnetFundsOnlyEntry.test.ts (11 tests) 192ms
(node:4208) [UNDICI-EHPA] Warning: EnvHttpProxyAgent is experimental, expect them to change at any time.
(Use `node --trace-warnings ...` to show where the warning was created)
(node:4208) ExperimentalWarning: SQLite is an experimental feature and might change at any time
(node:4208) [UNDICI-EHPA] Warning: EnvHttpProxyAgent is experimental, expect them to change at any time.
(Use `node --trace-warnings ...` to show where the warning was created)
(node:4208) ExperimentalWarning: SQLite is an experimental feature and might change at any time
 ✓ src/services/tradingQualityObserverWorker.test.ts (1 test) 184ms
(node:448) [UNDICI-EHPA] Warning: EnvHttpProxyAgent is experimental, expect them to change at any time.
(Use `node --trace-warnings ...` to show where the warning was created)
(node:448) ExperimentalWarning: SQLite is an experimental feature and might change at any time
 ✓ src/services/j2PortfolioAdmissionHostile.test.ts (15 tests) 154ms
(node:18820) [UNDICI-EHPA] Warning: EnvHttpProxyAgent is experimental, expect them to change at any time.
(Use `node --trace-warnings ...` to show where the warning was created)
 ✓ src/adapters/market/BinancePublicMarketDataProvider.test.ts (13 tests) 91ms
(node:1516) [UNDICI-EHPA] Warning: EnvHttpProxyAgent is experimental, expect them to change at any time.
(Use `node --trace-warnings ...` to show where the warning was created)
 ✓ src/services/placeToSubmitCapacityTruth.test.ts (23 tests) 65ms
(node:12480) [UNDICI-EHPA] Warning: EnvHttpProxyAgent is experimental, expect them to change at any time.
(Use `node --trace-warnings ...` to show where the warning was created)
(node:12480) ExperimentalWarning: SQLite is an experimental feature and might change at any time
 ✓ src/services/tpGuardianEconomics.test.ts (16 tests) 57ms
(node:24660) [UNDICI-EHPA] Warning: EnvHttpProxyAgent is experimental, expect them to change at any time.
(Use `node --trace-warnings ...` to show where the warning was created)
 ✓ src/services/s05PortfolioTailRisk.test.ts (76 tests) 35ms
(node:13844) [UNDICI-EHPA] Warning: EnvHttpProxyAgent is experimental, expect them to change at any time.
(Use `node --trace-warnings ...` to show where the warning was created)
 ✓ src/services/s09ReplayStressHostile.test.ts (22 tests) 25ms
(node:25832) [UNDICI-EHPA] Warning: EnvHttpProxyAgent is experimental, expect them to change at any time.
(Use `node --trace-warnings ...` to show where the warning was created)
 ✓ src/adapters/exchange/ExternalTradeAdapterPrivateLoad.test.ts (9 tests) 25ms
(node:23568) [UNDICI-EHPA] Warning: EnvHttpProxyAgent is experimental, expect them to change at any time.
(Use `node --trace-warnings ...` to show where the warning was created)
(node:23568) ExperimentalWarning: SQLite is an experimental feature and might change at any time
 ✓ src/services/tpTerminalProjection.test.ts (6 tests) 25ms
(node:16404) [UNDICI-EHPA] Warning: EnvHttpProxyAgent is experimental, expect them to change at any time.
(Use `node --trace-warnings ...` to show where the warning was created)
 ✓ src/adapters/exchange/ExternalTradeAdapter.test.ts (26 tests) 22ms
(node:15232) [UNDICI-EHPA] Warning: EnvHttpProxyAgent is experimental, expect them to change at any time.
(Use `node --trace-warnings ...` to show where the warning was created)
 ✓ src/services/runExecutionOutcome.test.ts (20 tests) 23ms
(node:24592) [UNDICI-EHPA] Warning: EnvHttpProxyAgent is experimental, expect them to change at any time.
(Use `node --trace-warnings ...` to show where the warning was created)
(node:24592) ExperimentalWarning: SQLite is an experimental feature and might change at any time
 ✓ src/services/tpUnknownRecovery.test.ts (4 tests) 22ms
(node:23752) [UNDICI-EHPA] Warning: EnvHttpProxyAgent is experimental, expect them to change at any time.
(Use `node --trace-warnings ...` to show where the warning was created)
(node:23752) ExperimentalWarning: SQLite is an experimental feature and might change at any time
 ✓ src/runtime/userPositionFacts.test.ts (4 tests) 23ms
(node:3600) [UNDICI-EHPA] Warning: EnvHttpProxyAgent is experimental, expect them to change at any time.
(Use `node --trace-warnings ...` to show where the warning was created)
 ✓ src/services/aiCapacityIntegration.test.ts (3 tests) 21ms
(node:22944) [UNDICI-EHPA] Warning: EnvHttpProxyAgent is experimental, expect them to change at any time.
(Use `node --trace-warnings ...` to show where the warning was created)
 ✓ src/services/primaryPositionContext.test.ts (1 test) 15ms
(node:12476) [UNDICI-EHPA] Warning: EnvHttpProxyAgent is experimental, expect them to change at any time.
(Use `node --trace-warnings ...` to show where the warning was created)
 ✓ src/services/tradeRecordSyncService.test.ts (10 tests) 18ms
(node:14604) [UNDICI-EHPA] Warning: EnvHttpProxyAgent is experimental, expect them to change at any time.
(Use `node --trace-warnings ...` to show where the warning was created)
 ✓ src/adapters/ai/promptBudget.test.ts (4 tests) 16ms
(node:15828) [UNDICI-EHPA] Warning: EnvHttpProxyAgent is experimental, expect them to change at any time.
(Use `node --trace-warnings ...` to show where the warning was created)
 ✓ src/services/v396AuditBoundaries.test.ts (23 tests) 14ms
(node:11268) [UNDICI-EHPA] Warning: EnvHttpProxyAgent is experimental, expect them to change at any time.
(Use `node --trace-warnings ...` to show where the warning was created)
 ✓ src/adapters/market/klineContinuity.test.ts (11 tests) 16ms
(node:15024) [UNDICI-EHPA] Warning: EnvHttpProxyAgent is experimental, expect them to change at any time.
(Use `node --trace-warnings ...` to show where the warning was created)
 ✓ src/services/s05ConvergenceHostile.test.ts (8 tests) 15ms
(node:10060) [UNDICI-EHPA] Warning: EnvHttpProxyAgent is experimental, expect them to change at any time.
(Use `node --trace-warnings ...` to show where the warning was created)
 ✓ src/services/unknownProofValidation.test.ts (47 tests) 13ms
(node:15824) [UNDICI-EHPA] Warning: EnvHttpProxyAgent is experimental, expect them to change at any time.
(Use `node --trace-warnings ...` to show where the warning was created)
 ✓ src/services/marketCohort.test.ts (12 tests) 13ms
(node:22620) [UNDICI-EHPA] Warning: EnvHttpProxyAgent is experimental, expect them to change at any time.
(Use `node --trace-warnings ...` to show where the warning was created)
 ✓ src/services/finalRiskConvergence.test.ts (5 tests) 14ms
(node:24708) [UNDICI-EHPA] Warning: EnvHttpProxyAgent is experimental, expect them to change at any time.
(Use `node --trace-warnings ...` to show where the warning was created)
 ✓ src/adapters/binance/requestBudgetProxyTruth.test.ts (1 test) 10ms
(node:18032) [UNDICI-EHPA] Warning: EnvHttpProxyAgent is experimental, expect them to change at any time.
(Use `node --trace-warnings ...` to show where the warning was created)
 ✓ src/services/gpuPerformanceReader.test.ts (4 tests) 10ms
(node:20824) [UNDICI-EHPA] Warning: EnvHttpProxyAgent is experimental, expect them to change at any time.
(Use `node --trace-warnings ...` to show where the warning was created)
 ✓ src/services/positionService.test.ts (3 tests) 9ms
(node:26444) [UNDICI-EHPA] Warning: EnvHttpProxyAgent is experimental, expect them to change at any time.
(Use `node --trace-warnings ...` to show where the warning was created)
 ✓ src/services/tradeRecordReadModel.test.ts (7 tests) 10ms
(node:25376) [UNDICI-EHPA] Warning: EnvHttpProxyAgent is experimental, expect them to change at any time.
(Use `node --trace-warnings ...` to show where the warning was created)
 ✓ src/services/assetGovernanceCoordinator.test.ts (6 tests) 8ms
(node:14960) [UNDICI-EHPA] Warning: EnvHttpProxyAgent is experimental, expect them to change at any time.
(Use `node --trace-warnings ...` to show where the warning was created)
 ✓ src/services/remoteFactAuditPolicy.test.ts (7 tests) 9ms
(node:26620) [UNDICI-EHPA] Warning: EnvHttpProxyAgent is experimental, expect them to change at any time.
(Use `node --trace-warnings ...` to show where the warning was created)
 ✓ src/services/trade24hReadModel.test.ts (7 tests) 7ms
(node:18372) [UNDICI-EHPA] Warning: EnvHttpProxyAgent is experimental, expect them to change at any time.
(Use `node --trace-warnings ...` to show where the warning was created)
 ✓ src/services/marketDataStaleness.test.ts (10 tests) 6ms
(node:26064) [UNDICI-EHPA] Warning: EnvHttpProxyAgent is experimental, expect them to change at any time.
(Use `node --trace-warnings ...` to show where the warning was created)
 ✓ src/services/TemporalIntelligenceService.test.ts (1 test) 5ms
(node:15152) [UNDICI-EHPA] Warning: EnvHttpProxyAgent is experimental, expect them to change at any time.
(Use `node --trace-warnings ...` to show where the warning was created)
 ✓ src/services/entryObservation.test.ts (4 tests) 6ms
(node:16196) [UNDICI-EHPA] Warning: EnvHttpProxyAgent is experimental, expect them to change at any time.
(Use `node --trace-warnings ...` to show where the warning was created)
 ✓ src/services/marketDataReadiness.test.ts (3 tests) 5ms
(node:17760) [UNDICI-EHPA] Warning: EnvHttpProxyAgent is experimental, expect them to change at any time.
(Use `node --trace-warnings ...` to show where the warning was created)
 ✓ src/services/v392HistoricalDecisionRegression.test.ts (3 tests) 4ms
(node:25616) [UNDICI-EHPA] Warning: EnvHttpProxyAgent is experimental, expect them to change at any time.
(Use `node --trace-warnings ...` to show where the warning was created)
 ✓ src/services/externalResearchQuality.test.ts (2 tests) 4ms
(node:5264) [UNDICI-EHPA] Warning: EnvHttpProxyAgent is experimental, expect them to change at any time.
(Use `node --trace-warnings ...` to show where the warning was created)
 ✓ src/services/effectivePrimaryCadence.test.ts (7 tests) 5ms
(node:7484) [UNDICI-EHPA] Warning: EnvHttpProxyAgent is experimental, expect them to change at any time.
(Use `node --trace-warnings ...` to show where the warning was created)
 ✓ src/services/tradingQualityObservationPlan.test.ts (3 tests) 4ms
(node:13472) [UNDICI-EHPA] Warning: EnvHttpProxyAgent is experimental, expect them to change at any time.
(Use `node --trace-warnings ...` to show where the warning was created)
 ✓ src/services/shadowObservation.test.ts (4 tests) 4ms
(node:23620) [UNDICI-EHPA] Warning: EnvHttpProxyAgent is experimental, expect them to change at any time.
(Use `node --trace-warnings ...` to show where the warning was created)
 ✓ src/events/eventBus.test.ts (1 test) 4ms
(node:12196) [UNDICI-EHPA] Warning: EnvHttpProxyAgent is experimental, expect them to change at any time.
(Use `node --trace-warnings ...` to show where the warning was created)
 ✓ src/services/noSeparateAdd.test.ts (5 tests) 3ms
(node:25188) [UNDICI-EHPA] Warning: EnvHttpProxyAgent is experimental, expect them to change at any time.
(Use `node --trace-warnings ...` to show where the warning was created)
 ✓ src/services/quoteUsdConversion.test.ts (2 tests) 3ms
(node:8424) [UNDICI-EHPA] Warning: EnvHttpProxyAgent is experimental, expect them to change at any time.
(Use `node --trace-warnings ...` to show where the warning was created)
 ✓ src/runtime/bootstrapReconciliationInvariant.test.ts (1 test) 3ms
(node:24176) [UNDICI-EHPA] Warning: EnvHttpProxyAgent is experimental, expect them to change at any time.
(Use `node --trace-warnings ...` to show where the warning was created)
 ✓ src/services/experienceService.test.ts (1 test) 4ms
(node:25416) [UNDICI-EHPA] Warning: EnvHttpProxyAgent is experimental, expect them to change at any time.
(Use `node --trace-warnings ...` to show where the warning was created)
 ✓ src/services/entryWaiting.test.ts (4 tests) 3ms
(node:18784) [UNDICI-EHPA] Warning: EnvHttpProxyAgent is experimental, expect them to change at any time.
(Use `node --trace-warnings ...` to show where the warning was created)
 ✓ src/services/positionReviewPrompt.test.ts (1 test) 3ms

 Test Files  57 passed (57)
      Tests  646 passed (646)
   Start at  23:47:17
   Duration  41.06s (transform 2.00s, setup 0ms, collect 8.50s, tests 19.70s, environment 10ms, prepare 4.84s)

(node:8684) [UNDICI-EHPA] Warning: EnvHttpProxyAgent is experimental, expect them to change at any time.
(Use `node --trace-warnings ...` to show where the warning was created)
(node:15028) [UNDICI-EHPA] Warning: EnvHttpProxyAgent is experimental, expect them to change at any time.
(Use `node --trace-warnings ...` to show where the warning was created)
VITEST_TEST_TIMEOUT=5000 CI=

 RUN  v3.2.7 D:/MITS-WORKTREES/v398-rest-admission-recovery-20261010/apps/engine

(node:10444) [UNDICI-EHPA] Warning: EnvHttpProxyAgent is experimental, expect them to change at any time.
(Use `node --trace-warnings ...` to show where the warning was created)
(node:10444) ExperimentalWarning: SQLite is an experimental feature and might change at any time
 ✓ src/services/v370Contract.test.ts (35 tests) 6727ms
   ✓ V3.7.0 isolated real-EIP contracts; production write=0 > recovers an exchange-accepted submit after response loss without a duplicate  3108ms
   ✓ V3.7.0 isolated real-EIP contracts; production write=0 > recovers the same UNKNOWN identity by clientOrderId without another wire submit  3098ms
(node:25184) [UNDICI-EHPA] Warning: EnvHttpProxyAgent is experimental, expect them to change at any time.
(Use `node --trace-warnings ...` to show where the warning was created)
 ✓ src/services/entryCoordinator.test.ts (29 tests) 6166ms
   ✓ Entry Manager chain > recovers an accepted-but-disconnected submit by stable client id without a second order  3082ms
   ✓ Entry Manager chain > keeps the same order identity across restart recovery from UNKNOWN  3060ms
(node:17480) [UNDICI-EHPA] Warning: EnvHttpProxyAgent is experimental, expect them to change at any time.
(Use `node --trace-warnings ...` to show where the warning was created)
(node:17480) ExperimentalWarning: SQLite is an experimental feature and might change at any time
 ✓ src/services/exitFactsAndFunding.test.ts (21 tests) 1070ms
(node:25292) [UNDICI-EHPA] Warning: EnvHttpProxyAgent is experimental, expect them to change at any time.
(Use `node --trace-warnings ...` to show where the warning was created)
(node:25292) ExperimentalWarning: SQLite is an experimental feature and might change at any time
(node:25292) [UNDICI-EHPA] Warning: EnvHttpProxyAgent is experimental, expect them to change at any time.
(Use `node --trace-warnings ...` to show where the warning was created)
 ✓ src/api/assetDirectoryReview.test.ts (1 test) 333ms
   ✓ asset directory review API > keeps default preview read-only and only explicitly applies through governance CAS  332ms
(node:2108) [UNDICI-EHPA] Warning: EnvHttpProxyAgent is experimental, expect them to change at any time.
(Use `node --trace-warnings ...` to show where the warning was created)
(node:2108) ExperimentalWarning: SQLite is an experimental feature and might change at any time
(node:2108) [UNDICI-EHPA] Warning: EnvHttpProxyAgent is experimental, expect them to change at any time.
(Use `node --trace-warnings ...` to show where the warning was created)
 ✓ src/services/eipResidentInspection.test.ts (1 test) 341ms
   ✓ resident EIP inspection > keeps a held contract available to read-only EIP inspection  340ms
(node:5128) [UNDICI-EHPA] Warning: EnvHttpProxyAgent is experimental, expect them to change at any time.
(Use `node --trace-warnings ...` to show where the warning was created)
(node:5128) ExperimentalWarning: SQLite is an experimental feature and might change at any time
(node:5128) [UNDICI-EHPA] Warning: EnvHttpProxyAgent is experimental, expect them to change at any time.
(Use `node --trace-warnings ...` to show where the warning was created)
 ✓ src/services/positionNotionalSemantics.test.ts (4 tests) 863ms
   ✓ position notionalUsd semantics > normalises legacy persisted signed notionals so the dashboard snapshot still validates  854ms
(node:25672) [UNDICI-EHPA] Warning: EnvHttpProxyAgent is experimental, expect them to change at any time.
(Use `node --trace-warnings ...` to show where the warning was created)
(node:25672) ExperimentalWarning: SQLite is an experimental feature and might change at any time
 ✓ src/api/brainRunExecution.test.ts (4 tests) 1600ms
   ✓ V3.9.6 durable run -> execution result > RX-01 a natural PLACE that reaches the wire is journalled as 已挂单 with its whole lineage  693ms
   ✓ V3.9.6 durable run -> execution result > RX-02 a frozen TESTNET PLACE reaches the wire even when recent-trade reachability is absent  626ms
(node:22148) [UNDICI-EHPA] Warning: EnvHttpProxyAgent is experimental, expect them to change at any time.
(Use `node --trace-warnings ...` to show where the warning was created)
(node:22148) ExperimentalWarning: SQLite is an experimental feature and might change at any time
 ✓ src/config/entryClaimStatsIndex.test.ts (4 tests) 777ms
   ✓ incremental stats equal full durable truth after direct SQL updates, malformed rows and deletion  423ms
(node:10388) [UNDICI-EHPA] Warning: EnvHttpProxyAgent is experimental, expect them to change at any time.
(Use `node --trace-warnings ...` to show where the warning was created)
(node:10388) ExperimentalWarning: SQLite is an experimental feature and might change at any time
(node:10388) [UNDICI-EHPA] Warning: EnvHttpProxyAgent is experimental, expect them to change at any time.
(Use `node --trace-warnings ...` to show where the warning was created)
(node:10388) [UNDICI-EHPA] Warning: EnvHttpProxyAgent is experimental, expect them to change at any time.
(Use `node --trace-warnings ...` to show where the warning was created)
 ✓ src/runtime/restartRecovery.test.ts (2 tests) 1388ms
   ✓ persists recovered lot projections and their evidence before a second reopen  1141ms
(node:12444) [UNDICI-EHPA] Warning: EnvHttpProxyAgent is experimental, expect them to change at any time.
(Use `node --trace-warnings ...` to show where the warning was created)
(node:12444) ExperimentalWarning: SQLite is an experimental feature and might change at any time
(node:12444) [UNDICI-EHPA] Warning: EnvHttpProxyAgent is experimental, expect them to change at any time.
(Use `node --trace-warnings ...` to show where the warning was created)
 ✓ src/api/exchangeFillProjection.test.ts (1 test) 909ms
   ✓ exchange fill projection > does not raise a system attribution alert for an external Binance App fill  908ms
(node:11744) [UNDICI-EHPA] Warning: EnvHttpProxyAgent is experimental, expect them to change at any time.
(Use `node --trace-warnings ...` to show where the warning was created)
 ✓ src/services/j3TradePlanHostile.test.ts (24 tests) 408ms
(node:22848) [UNDICI-EHPA] Warning: EnvHttpProxyAgent is experimental, expect them to change at any time.
(Use `node --trace-warnings ...` to show where the warning was created)
(node:22848) ExperimentalWarning: SQLite is an experimental feature and might change at any time
 ✓ src/config/assetAdmissionIntegration.test.ts (1 test) 123ms
(node:8636) [UNDICI-EHPA] Warning: EnvHttpProxyAgent is experimental, expect them to change at any time.
(Use `node --trace-warnings ...` to show where the warning was created)
(node:8636) ExperimentalWarning: SQLite is an experimental feature and might change at any time
 ✓ src/config/exposureCapacityPolicyMigration.test.ts (3 tests) 336ms
(node:19800) [UNDICI-EHPA] Warning: EnvHttpProxyAgent is experimental, expect them to change at any time.
(Use `node --trace-warnings ...` to show where the warning was created)
(node:19800) ExperimentalWarning: SQLite is an experimental feature and might change at any time
 ✓ src/services/externalResearchService.test.ts (3 tests) 569ms
   ✓ ExternalResearchService > does not spend 9B on duplicate local-market facts when Primary cannot consume them  433ms
(node:15080) [UNDICI-EHPA] Warning: EnvHttpProxyAgent is experimental, expect them to change at any time.
(Use `node --trace-warnings ...` to show where the warning was created)
 ✓ src/services/s03ExitCostPolicy.test.ts (21 tests) 174ms
(node:4528) [UNDICI-EHPA] Warning: EnvHttpProxyAgent is experimental, expect them to change at any time.
(Use `node --trace-warnings ...` to show where the warning was created)
 ✓ src/services/ownershipStorageCoverage.test.ts (6 tests) 179ms
(node:9932) [UNDICI-EHPA] Warning: EnvHttpProxyAgent is experimental, expect them to change at any time.
(Use `node --trace-warnings ...` to show where the warning was created)
 ✓ src/services/preAiExecutableSides.test.ts (12 tests) 105ms
(node:12188) [UNDICI-EHPA] Warning: EnvHttpProxyAgent is experimental, expect them to change at any time.
(Use `node --trace-warnings ...` to show where the warning was created)
(node:12188) ExperimentalWarning: SQLite is an experimental feature and might change at any time
 ✓ src/services/tradingQualityHistoryIsolation.test.ts (4 tests) 91ms
(node:18640) [UNDICI-EHPA] Warning: EnvHttpProxyAgent is experimental, expect them to change at any time.
(Use `node --trace-warnings ...` to show where the warning was created)
 ✓ src/services/aiFabricResourceState.test.ts (6 tests) 82ms
(node:19572) [UNDICI-EHPA] Warning: EnvHttpProxyAgent is experimental, expect them to change at any time.
(Use `node --trace-warnings ...` to show where the warning was created)
 ✓ src/services/unknownRiskAuditTiering.test.ts (22 tests) 62ms
(node:21128) [UNDICI-EHPA] Warning: EnvHttpProxyAgent is experimental, expect them to change at any time.
(Use `node --trace-warnings ...` to show where the warning was created)
 ✓ src/services/runtimeControlService.test.ts (13 tests) 63ms
(node:23148) [UNDICI-EHPA] Warning: EnvHttpProxyAgent is experimental, expect them to change at any time.
(Use `node --trace-warnings ...` to show where the warning was created)
 ✓ src/services/modelLifecycle.test.ts (6 tests) 41ms
(node:24220) [UNDICI-EHPA] Warning: EnvHttpProxyAgent is experimental, expect them to change at any time.
(Use `node --trace-warnings ...` to show where the warning was created)
 ✓ src/services/unknownNoActiveRiskProofRenewal.test.ts (9 tests) 37ms
(node:15108) [UNDICI-EHPA] Warning: EnvHttpProxyAgent is experimental, expect them to change at any time.
(Use `node --trace-warnings ...` to show where the warning was created)
 ✓ src/services/v397FrozenSizing.test.ts (6 tests) 29ms
(node:22792) [UNDICI-EHPA] Warning: EnvHttpProxyAgent is experimental, expect them to change at any time.
(Use `node --trace-warnings ...` to show where the warning was created)
 ✓ src/adapters/market/klineTargetedRepair.test.ts (8 tests) 23ms
(node:13224) [UNDICI-EHPA] Warning: EnvHttpProxyAgent is experimental, expect them to change at any time.
(Use `node --trace-warnings ...` to show where the warning was created)
 ✓ src/adapters/exchange/ExternalTradeAdapterFunding.test.ts (6 tests) 24ms
(node:16196) [UNDICI-EHPA] Warning: EnvHttpProxyAgent is experimental, expect them to change at any time.
(Use `node --trace-warnings ...` to show where the warning was created)
(node:16196) ExperimentalWarning: SQLite is an experimental feature and might change at any time
 ✓ src/services/tpPositionFactTruth.test.ts (4 tests) 22ms
(node:17760) [UNDICI-EHPA] Warning: EnvHttpProxyAgent is experimental, expect them to change at any time.
(Use `node --trace-warnings ...` to show where the warning was created)
 ✓ src/services/preflightFeasibility.test.ts (6 tests) 15ms
(node:25616) [UNDICI-EHPA] Warning: EnvHttpProxyAgent is experimental, expect them to change at any time.
(Use `node --trace-warnings ...` to show where the warning was created)
 ✓ src/services/v396OfflineStages.test.ts (11 tests) 16ms
(node:5264) [UNDICI-EHPA] Warning: EnvHttpProxyAgent is experimental, expect them to change at any time.
(Use `node --trace-warnings ...` to show where the warning was created)
(node:5264) ExperimentalWarning: SQLite is an experimental feature and might change at any time
 ✓ src/services/tradingQualityV393EvidenceStore.test.ts (5 tests) 14ms
(node:6152) [UNDICI-EHPA] Warning: EnvHttpProxyAgent is experimental, expect them to change at any time.
(Use `node --trace-warnings ...` to show where the warning was created)
 ✓ src/services/marketDataHub.test.ts (11 tests) 13ms
(node:22248) [UNDICI-EHPA] Warning: EnvHttpProxyAgent is experimental, expect them to change at any time.
(Use `node --trace-warnings ...` to show where the warning was created)
 ✓ src/services/positionLifecycleIntegrity.test.ts (3 tests) 13ms
(node:12884) [UNDICI-EHPA] Warning: EnvHttpProxyAgent is experimental, expect them to change at any time.
(Use `node --trace-warnings ...` to show where the warning was created)
 ✓ src/services/privateAccountSync.test.ts (5 tests) 11ms
(node:5604) [UNDICI-EHPA] Warning: EnvHttpProxyAgent is experimental, expect them to change at any time.
(Use `node --trace-warnings ...` to show where the warning was created)
 ✓ src/services/productionAssetResearch.test.ts (6 tests) 11ms
(node:8420) [UNDICI-EHPA] Warning: EnvHttpProxyAgent is experimental, expect them to change at any time.
(Use `node --trace-warnings ...` to show where the warning was created)
 ✓ src/adapters/binance/requestBudgetAnomaly.test.ts (1 test) 10ms
(node:25248) [UNDICI-EHPA] Warning: EnvHttpProxyAgent is experimental, expect them to change at any time.
(Use `node --trace-warnings ...` to show where the warning was created)
 ✓ src/services/tradeRecordIntegrity.test.ts (5 tests) 10ms
(node:24176) [UNDICI-EHPA] Warning: EnvHttpProxyAgent is experimental, expect them to change at any time.
(Use `node --trace-warnings ...` to show where the warning was created)
 ✓ src/services/entryStartupPolicy.test.ts (1 test) 8ms
(node:20660) [UNDICI-EHPA] Warning: EnvHttpProxyAgent is experimental, expect them to change at any time.
(Use `node --trace-warnings ...` to show where the warning was created)
 ✓ src/services/temporalAlgorithms.test.ts (11 tests) 7ms
(node:24584) [UNDICI-EHPA] Warning: EnvHttpProxyAgent is experimental, expect them to change at any time.
(Use `node --trace-warnings ...` to show where the warning was created)
 ✓ src/adapters/ai/OpenAiCompatibleClient.test.ts (1 test) 7ms
(node:26304) [UNDICI-EHPA] Warning: EnvHttpProxyAgent is experimental, expect them to change at any time.
(Use `node --trace-warnings ...` to show where the warning was created)
 ✓ src/services/tradingQualityEligibility.test.ts (7 tests) 8ms
(node:8852) [UNDICI-EHPA] Warning: EnvHttpProxyAgent is experimental, expect them to change at any time.
(Use `node --trace-warnings ...` to show where the warning was created)
 ✓ src/services/lossHandoff.test.ts (4 tests) 7ms
(node:19272) [UNDICI-EHPA] Warning: EnvHttpProxyAgent is experimental, expect them to change at any time.
(Use `node --trace-warnings ...` to show where the warning was created)
 ✓ src/adapters/exchange/historyWindow.test.ts (5 tests) 7ms
(node:15632) [UNDICI-EHPA] Warning: EnvHttpProxyAgent is experimental, expect them to change at any time.
(Use `node --trace-warnings ...` to show where the warning was created)
 ✓ src/services/existingPositionContext.test.ts (8 tests) 8ms
(node:9776) [UNDICI-EHPA] Warning: EnvHttpProxyAgent is experimental, expect them to change at any time.
(Use `node --trace-warnings ...` to show where the warning was created)
 ✓ src/adapters/ai/modelProbe.test.ts (2 tests) 7ms
(node:11104) [UNDICI-EHPA] Warning: EnvHttpProxyAgent is experimental, expect them to change at any time.
(Use `node --trace-warnings ...` to show where the warning was created)
 ✓ src/services/tradingQualityV393.test.ts (10 tests) 6ms
(node:17204) [UNDICI-EHPA] Warning: EnvHttpProxyAgent is experimental, expect them to change at any time.
(Use `node --trace-warnings ...` to show where the warning was created)
 ✓ src/services/positionReviewSchedulerReviewOnly.test.ts (3 tests) 6ms
(node:25276) [UNDICI-EHPA] Warning: EnvHttpProxyAgent is experimental, expect them to change at any time.
(Use `node --trace-warnings ...` to show where the warning was created)
 ✓ src/services/economicEntryFeasibility.test.ts (6 tests) 7ms
(node:2296) [UNDICI-EHPA] Warning: EnvHttpProxyAgent is experimental, expect them to change at any time.
(Use `node --trace-warnings ...` to show where the warning was created)
 ✓ src/services/exitProvenanceConflictReasons.test.ts (4 tests) 5ms
(node:14072) [UNDICI-EHPA] Warning: EnvHttpProxyAgent is experimental, expect them to change at any time.
(Use `node --trace-warnings ...` to show where the warning was created)
 ✓ src/services/s01TruthAccountingObservability.test.ts (5 tests) 5ms
(node:22732) [UNDICI-EHPA] Warning: EnvHttpProxyAgent is experimental, expect them to change at any time.
(Use `node --trace-warnings ...` to show where the warning was created)
 ✓ src/services/candidateLifecycleDeriver.test.ts (10 tests) 5ms
(node:22808) [UNDICI-EHPA] Warning: EnvHttpProxyAgent is experimental, expect them to change at any time.
(Use `node --trace-warnings ...` to show where the warning was created)
 ✓ src/services/tradingQualityReleaseGate.test.ts (5 tests) 4ms
(node:25372) [UNDICI-EHPA] Warning: EnvHttpProxyAgent is experimental, expect them to change at any time.
(Use `node --trace-warnings ...` to show where the warning was created)
 ✓ src/config/settingsCloseoutInvariant.test.ts (1 test) 3ms
(node:6512) [UNDICI-EHPA] Warning: EnvHttpProxyAgent is experimental, expect them to change at any time.
(Use `node --trace-warnings ...` to show where the warning was created)
 ✓ src/services/shadowReadiness.test.ts (2 tests) 3ms
(node:25720) [UNDICI-EHPA] Warning: EnvHttpProxyAgent is experimental, expect them to change at any time.
(Use `node --trace-warnings ...` to show where the warning was created)
 ✓ src/services/riskReadiness.test.ts (3 tests) 3ms
(node:17480) [UNDICI-EHPA] Warning: EnvHttpProxyAgent is experimental, expect them to change at any time.
(Use `node --trace-warnings ...` to show where the warning was created)
 ✓ src/api/activeEntryProjection.test.ts (1 test) 3ms
(node:5592) [UNDICI-EHPA] Warning: EnvHttpProxyAgent is experimental, expect them to change at any time.
(Use `node --trace-warnings ...` to show where the warning was created)
 ✓ src/services/tradeAuditProvenance.test.ts (1 test) 3ms
(node:24660) [UNDICI-EHPA] Warning: EnvHttpProxyAgent is experimental, expect them to change at any time.
(Use `node --trace-warnings ...` to show where the warning was created)
 ✓ src/services/privateAccountReadiness.test.ts (1 test) 2ms

 Test Files  57 passed (57)
      Tests  400 passed (400)
   Start at  23:47:59
   Duration  44.31s (transform 1.72s, setup 0ms, collect 9.13s, tests 22.77s, environment 9ms, prepare 4.68s)

(node:5944) [UNDICI-EHPA] Warning: EnvHttpProxyAgent is experimental, expect them to change at any time.
(Use `node --trace-warnings ...` to show where the warning was created)
(node:25112) [UNDICI-EHPA] Warning: EnvHttpProxyAgent is experimental, expect them to change at any time.
(Use `node --trace-warnings ...` to show where the warning was created)
VITEST_TEST_TIMEOUT=5000 CI=

 RUN  v3.2.7 D:/MITS-WORKTREES/v398-rest-admission-recovery-20261010/apps/engine

(node:15616) [UNDICI-EHPA] Warning: EnvHttpProxyAgent is experimental, expect them to change at any time.
(Use `node --trace-warnings ...` to show where the warning was created)
(node:15616) ExperimentalWarning: SQLite is an experimental feature and might change at any time
 ✓ src/services/exitConvergenceFairness.test.ts (15 tests) 4028ms
   ✓ recovers only bound pre-wire non-sends, never a generic timeout or a known working order  325ms
   ✓ P1 exit convergence fairness > a terminal order at the tail is serviced even while the head stays WORKING  1699ms
   ✓ P1 exit convergence fairness > a failed query backs off only the order that failed  337ms
   ✓ P1 exit convergence fairness > readback reports queue length, oldest unpolled age and terminal-unreleased claims  378ms
(node:25760) [UNDICI-EHPA] Warning: EnvHttpProxyAgent is experimental, expect them to change at any time.
(Use `node --trace-warnings ...` to show where the warning was created)
(node:25760) ExperimentalWarning: SQLite is an experimental feature and might change at any time
 ✓ src/services/c3RuntimeWiringHostile.test.ts (48 tests) 921ms
(node:23752) [UNDICI-EHPA] Warning: EnvHttpProxyAgent is experimental, expect them to change at any time.
(Use `node --trace-warnings ...` to show where the warning was created)
(node:23752) ExperimentalWarning: SQLite is an experimental feature and might change at any time
 ✓ src/services/tradingQualityIntegration.test.ts (30 tests) 995ms
(node:26164) [UNDICI-EHPA] Warning: EnvHttpProxyAgent is experimental, expect them to change at any time.
(Use `node --trace-warnings ...` to show where the warning was created)
(node:26164) ExperimentalWarning: SQLite is an experimental feature and might change at any time
(node:26164) [UNDICI-EHPA] Warning: EnvHttpProxyAgent is experimental, expect them to change at any time.
(Use `node --trace-warnings ...` to show where the warning was created)
(node:26164) [UNDICI-EHPA] Warning: EnvHttpProxyAgent is experimental, expect them to change at any time.
(Use `node --trace-warnings ...` to show where the warning was created)
(node:26164) [UNDICI-EHPA] Warning: EnvHttpProxyAgent is experimental, expect them to change at any time.
(Use `node --trace-warnings ...` to show where the warning was created)
 ✓ src/services/eipService.test.ts (3 tests) 919ms
   ✓ EIP 3.0 evidence gates > builds seven-timeframe evidence within a bounded prompt size  360ms
(node:25328) [UNDICI-EHPA] Warning: EnvHttpProxyAgent is experimental, expect them to change at any time.
(Use `node --trace-warnings ...` to show where the warning was created)
(node:25328) ExperimentalWarning: SQLite is an experimental feature and might change at any time
 ✓ src/config/portfolioRiskAuthorityStore.test.ts (6 tests) 704ms
(node:3148) [UNDICI-EHPA] Warning: EnvHttpProxyAgent is experimental, expect them to change at any time.
(Use `node --trace-warnings ...` to show where the warning was created)
(node:3148) ExperimentalWarning: SQLite is an experimental feature and might change at any time
(node:3148) [UNDICI-EHPA] Warning: EnvHttpProxyAgent is experimental, expect them to change at any time.
(Use `node --trace-warnings ...` to show where the warning was created)
 ✓ src/api/positionCycleSnapshot.test.ts (1 test) 919ms
   ✓ publishes the position-cycle accounting facts through the snapshot schema  918ms
(node:15828) [UNDICI-EHPA] Warning: EnvHttpProxyAgent is experimental, expect them to change at any time.
(Use `node --trace-warnings ...` to show where the warning was created)
(node:15828) ExperimentalWarning: SQLite is an experimental feature and might change at any time
 ✓ src/services/ownershipS02Acceptance.test.ts (11 tests) 2578ms
   ✓ S02 acceptance matrix > S02-T06 an unverified or drifted same-scope quantity invalidates the standing authority  366ms
   ✓ S02 storage migration and recovery > preview writes nothing and the rehearsal on an isolated copy is idempotent  325ms
(node:23956) [UNDICI-EHPA] Warning: EnvHttpProxyAgent is experimental, expect them to change at any time.
(Use `node --trace-warnings ...` to show where the warning was created)
(node:23956) ExperimentalWarning: SQLite is an experimental feature and might change at any time
 ✓ src/services/ownershipScopeIdentity.test.ts (3 tests) 553ms
(node:22836) [UNDICI-EHPA] Warning: EnvHttpProxyAgent is experimental, expect them to change at any time.
(Use `node --trace-warnings ...` to show where the warning was created)
(node:22836) ExperimentalWarning: SQLite is an experimental feature and might change at any time
 ✓ src/services/ownershipJournal.test.ts (11 tests) 1467ms
(node:12772) [UNDICI-EHPA] Warning: EnvHttpProxyAgent is experimental, expect them to change at any time.
(Use `node --trace-warnings ...` to show where the warning was created)
 ✓ src/services/s07ConsumerBoundary.test.ts (7 tests) 419ms
(node:1332) [UNDICI-EHPA] Warning: EnvHttpProxyAgent is experimental, expect them to change at any time.
(Use `node --trace-warnings ...` to show where the warning was created)
 ✓ src/adapters/market/klineRecoverySimulation.test.ts (1 test) 351ms
   ✓ V3.9.5 mass 1m gap heals without a request storm > uses at most one klines request per symbol, reloads no snapshots and restores readiness  349ms
(node:14888) [UNDICI-EHPA] Warning: EnvHttpProxyAgent is experimental, expect them to change at any time.
(Use `node --trace-warnings ...` to show where the warning was created)
(node:14888) ExperimentalWarning: SQLite is an experimental feature and might change at any time
(node:14888) [UNDICI-EHPA] Warning: EnvHttpProxyAgent is experimental, expect them to change at any time.
(Use `node --trace-warnings ...` to show where the warning was created)
 ✓ src/runtime/tradeRecordAutoSync.test.ts (1 test) 959ms
   ✓ automatic TradeRecord rolling sync window > backfills the last seven days one day per pass, then stays incremental  958ms
(node:15564) [UNDICI-EHPA] Warning: EnvHttpProxyAgent is experimental, expect them to change at any time.
(Use `node --trace-warnings ...` to show where the warning was created)
(node:15564) ExperimentalWarning: SQLite is an experimental feature and might change at any time
(node:15564) [UNDICI-EHPA] Warning: EnvHttpProxyAgent is experimental, expect them to change at any time.
(Use `node --trace-warnings ...` to show where the warning was created)
(node:15564) ExperimentalWarning: SQLite is an experimental feature and might change at any time
(node:15564) [UNDICI-EHPA] Warning: EnvHttpProxyAgent is experimental, expect them to change at any time.
(Use `node --trace-warnings ...` to show where the warning was created)
(node:15564) ExperimentalWarning: SQLite is an experimental feature and might change at any time
 ✓ src/services/storageCapacityGuard.test.ts (5 tests) 151ms
(node:26360) [UNDICI-EHPA] Warning: EnvHttpProxyAgent is experimental, expect them to change at any time.
(Use `node --trace-warnings ...` to show where the warning was created)
 ✓ src/services/sideNeutralEntryAuthorization.test.ts (4 tests) 109ms
(node:26184) [UNDICI-EHPA] Warning: EnvHttpProxyAgent is experimental, expect them to change at any time.
(Use `node --trace-warnings ...` to show where the warning was created)
(node:26184) ExperimentalWarning: SQLite is an experimental feature and might change at any time
 ✓ src/services/collectorRecovery.test.ts (1 test) 43ms
(node:25692) [UNDICI-EHPA] Warning: EnvHttpProxyAgent is experimental, expect them to change at any time.
(Use `node --trace-warnings ...` to show where the warning was created)
 ✓ src/services/targetHorizonContract.test.ts (4 tests) 94ms
(node:9696) [UNDICI-EHPA] Warning: EnvHttpProxyAgent is experimental, expect them to change at any time.
(Use `node --trace-warnings ...` to show where the warning was created)
 ✓ src/services/proxyLifecycle.test.ts (5 tests) 86ms
(node:24232) [UNDICI-EHPA] Warning: EnvHttpProxyAgent is experimental, expect them to change at any time.
(Use `node --trace-warnings ...` to show where the warning was created)
(node:24232) ExperimentalWarning: SQLite is an experimental feature and might change at any time
 ✓ src/services/runtimeWriteBuffer.test.ts (1 test) 76ms
(node:23916) [UNDICI-EHPA] Warning: EnvHttpProxyAgent is experimental, expect them to change at any time.
(Use `node --trace-warnings ...` to show where the warning was created)
(node:23916) ExperimentalWarning: SQLite is an experimental feature and might change at any time
 ✓ src/services/finalActivation.test.ts (13 tests) 58ms
(node:15432) [UNDICI-EHPA] Warning: EnvHttpProxyAgent is experimental, expect them to change at any time.
(Use `node --trace-warnings ...` to show where the warning was created)
 ✓ src/services/primaryCandidateChoice.test.ts (19 tests) 45ms
(node:10624) [UNDICI-EHPA] Warning: EnvHttpProxyAgent is experimental, expect them to change at any time.
(Use `node --trace-warnings ...` to show where the warning was created)
 ✓ src/adapters/binance/BinanceTransport.test.ts (55 tests) 39ms
(node:3724) [UNDICI-EHPA] Warning: EnvHttpProxyAgent is experimental, expect them to change at any time.
(Use `node --trace-warnings ...` to show where the warning was created)
 ✓ src/services/reconciliationUnknownRisk.test.ts (11 tests) 38ms
(node:24664) [UNDICI-EHPA] Warning: EnvHttpProxyAgent is experimental, expect them to change at any time.
(Use `node --trace-warnings ...` to show where the warning was created)
(node:24664) ExperimentalWarning: SQLite is an experimental feature and might change at any time
 ✓ src/services/tradeLearningP0.test.ts (27 tests) 35ms
(node:24404) [UNDICI-EHPA] Warning: EnvHttpProxyAgent is experimental, expect them to change at any time.
(Use `node --trace-warnings ...` to show where the warning was created)
 ✓ src/services/remoteFactAuditIntegration.test.ts (7 tests) 30ms
(node:6152) [UNDICI-EHPA] Warning: EnvHttpProxyAgent is experimental, expect them to change at any time.
(Use `node --trace-warnings ...` to show where the warning was created)
 ✓ src/services/operationalLogger.test.ts (2 tests) 26ms
(node:22588) [UNDICI-EHPA] Warning: EnvHttpProxyAgent is experimental, expect them to change at any time.
(Use `node --trace-warnings ...` to show where the warning was created)
 ✓ src/services/reconciliationRequestBudget.test.ts (3 tests) 23ms
(node:22636) [UNDICI-EHPA] Warning: EnvHttpProxyAgent is experimental, expect them to change at any time.
(Use `node --trace-warnings ...` to show where the warning was created)
 ✓ src/services/reconciliationFanout.test.ts (7 tests) 25ms
(node:25248) [UNDICI-EHPA] Warning: EnvHttpProxyAgent is experimental, expect them to change at any time.
(Use `node --trace-warnings ...` to show where the warning was created)
 ✓ src/services/entryPermissionModel.test.ts (14 tests) 23ms
(node:17908) [UNDICI-EHPA] Warning: EnvHttpProxyAgent is experimental, expect them to change at any time.
(Use `node --trace-warnings ...` to show where the warning was created)
 ✓ src/services/positionLeverageV3.test.ts (6 tests) 19ms
(node:3588) [UNDICI-EHPA] Warning: EnvHttpProxyAgent is experimental, expect them to change at any time.
(Use `node --trace-warnings ...` to show where the warning was created)
 ✓ src/services/v370Decision.test.ts (7 tests) 18ms
(node:12320) [UNDICI-EHPA] Warning: EnvHttpProxyAgent is experimental, expect them to change at any time.
(Use `node --trace-warnings ...` to show where the warning was created)
 ✓ src/runtime/processLifecycleTelemetry.test.ts (3 tests) 14ms
(node:12688) [UNDICI-EHPA] Warning: EnvHttpProxyAgent is experimental, expect them to change at any time.
(Use `node --trace-warnings ...` to show where the warning was created)
 ✓ src/adapters/binance/requestBudgetPrivateTruth.test.ts (3 tests) 11ms
(node:21212) [UNDICI-EHPA] Warning: EnvHttpProxyAgent is experimental, expect them to change at any time.
(Use `node --trace-warnings ...` to show where the warning was created)
 ✓ src/services/candidateSupplyHealth.test.ts (3 tests) 13ms
(node:11276) [UNDICI-EHPA] Warning: EnvHttpProxyAgent is experimental, expect them to change at any time.
(Use `node --trace-warnings ...` to show where the warning was created)
 ✓ src/services/tpTargetShadow.test.ts (4 tests) 10ms
(node:4624) [UNDICI-EHPA] Warning: EnvHttpProxyAgent is experimental, expect them to change at any time.
(Use `node --trace-warnings ...` to show where the warning was created)
 ✓ src/services/tradingEpisodeEvidence.test.ts (10 tests) 11ms
(node:23892) [UNDICI-EHPA] Warning: EnvHttpProxyAgent is experimental, expect them to change at any time.
(Use `node --trace-warnings ...` to show where the warning was created)
 ✓ src/state/runtimeState.test.ts (7 tests) 9ms
(node:17204) [UNDICI-EHPA] Warning: EnvHttpProxyAgent is experimental, expect them to change at any time.
(Use `node --trace-warnings ...` to show where the warning was created)
 ✓ src/services/productionReadOnlyPreflight.test.ts (4 tests) 8ms
(node:18920) [UNDICI-EHPA] Warning: EnvHttpProxyAgent is experimental, expect them to change at any time.
(Use `node --trace-warnings ...` to show where the warning was created)
 ✓ src/services/directionPolicyService.test.ts (1 test) 8ms
(node:24236) [UNDICI-EHPA] Warning: EnvHttpProxyAgent is experimental, expect them to change at any time.
(Use `node --trace-warnings ...` to show where the warning was created)
 ✓ src/services/frozenChoiceTelemetry.test.ts (6 tests) 7ms
(node:16028) [UNDICI-EHPA] Warning: EnvHttpProxyAgent is experimental, expect them to change at any time.
(Use `node --trace-warnings ...` to show where the warning was created)
 ✓ src/services/egressFailClosed.test.ts (3 tests) 6ms
(node:2460) [UNDICI-EHPA] Warning: EnvHttpProxyAgent is experimental, expect them to change at any time.
(Use `node --trace-warnings ...` to show where the warning was created)
 ✓ src/services/aiQuantityAllocation.test.ts (6 tests) 6ms
(node:23580) [UNDICI-EHPA] Warning: EnvHttpProxyAgent is experimental, expect them to change at any time.
(Use `node --trace-warnings ...` to show where the warning was created)
 ✓ src/adapters/binance/BinanceUserDataStream.test.ts (2 tests) 6ms
(node:21416) [UNDICI-EHPA] Warning: EnvHttpProxyAgent is experimental, expect them to change at any time.
(Use `node --trace-warnings ...` to show where the warning was created)
 ✓ src/adapters/binance/requestBudgetEntryGate.test.ts (2 tests) 5ms
(node:24252) [UNDICI-EHPA] Warning: EnvHttpProxyAgent is experimental, expect them to change at any time.
(Use `node --trace-warnings ...` to show where the warning was created)
 ✓ src/services/tradingQualityBaseline.test.ts (4 tests) 5ms
(node:10784) [UNDICI-EHPA] Warning: EnvHttpProxyAgent is experimental, expect them to change at any time.
(Use `node --trace-warnings ...` to show where the warning was created)
 ✓ src/services/tradeRecordDiagnostics.test.ts (4 tests) 5ms
(node:20840) [UNDICI-EHPA] Warning: EnvHttpProxyAgent is experimental, expect them to change at any time.
(Use `node --trace-warnings ...` to show where the warning was created)
 ✓ src/services/brainRunArchive.test.ts (4 tests) 4ms
(node:25020) [UNDICI-EHPA] Warning: EnvHttpProxyAgent is experimental, expect them to change at any time.
(Use `node --trace-warnings ...` to show where the warning was created)
 ✓ src/services/p0EntryIntegrity.test.ts (4 tests) 4ms
(node:22652) [UNDICI-EHPA] Warning: EnvHttpProxyAgent is experimental, expect them to change at any time.
(Use `node --trace-warnings ...` to show where the warning was created)
 ✓ src/services/supplyHealth.test.ts (3 tests) 4ms
(node:8116) [UNDICI-EHPA] Warning: EnvHttpProxyAgent is experimental, expect them to change at any time.
(Use `node --trace-warnings ...` to show where the warning was created)
 ✓ src/services/historicalTpReachability.test.ts (3 tests) 4ms
(node:23652) [UNDICI-EHPA] Warning: EnvHttpProxyAgent is experimental, expect them to change at any time.
(Use `node --trace-warnings ...` to show where the warning was created)
 ✓ src/services/decisionContext.test.ts (3 tests) 4ms
(node:15412) [UNDICI-EHPA] Warning: EnvHttpProxyAgent is experimental, expect them to change at any time.
(Use `node --trace-warnings ...` to show where the warning was created)
 ✓ src/api/entryCancelEligibility.test.ts (5 tests) 3ms
(node:16276) [UNDICI-EHPA] Warning: EnvHttpProxyAgent is experimental, expect them to change at any time.
(Use `node --trace-warnings ...` to show where the warning was created)
 ✓ src/api/chronologicalSort.test.ts (2 tests) 3ms
(node:26124) [UNDICI-EHPA] Warning: EnvHttpProxyAgent is experimental, expect them to change at any time.
(Use `node --trace-warnings ...` to show where the warning was created)
 ✓ src/adapters/binance/BinanceBudgetFailureTelemetry.test.ts (1 test) 2ms
(node:18276) [UNDICI-EHPA] Warning: EnvHttpProxyAgent is experimental, expect them to change at any time.
(Use `node --trace-warnings ...` to show where the warning was created)
(node:18276) ExperimentalWarning: SQLite is an experimental feature and might change at any time
 ✓ src/services/testnetLowLossCleanupService.test.ts (2 tests) 2ms
(node:23752) [UNDICI-EHPA] Warning: EnvHttpProxyAgent is experimental, expect them to change at any time.
(Use `node --trace-warnings ...` to show where the warning was created)
(node:23752) ExperimentalWarning: SQLite is an experimental feature and might change at any time
 ✓ src/api/tradeCloseProvenance.test.ts (2 tests) 3ms

 Test Files  55 passed (55)
      Tests  419 passed (419)
   Start at  23:48:44
   Duration  35.51s (transform 1.55s, setup 0ms, collect 7.65s, tests 15.91s, environment 9ms, prepare 4.52s)

(node:10932) [UNDICI-EHPA] Warning: EnvHttpProxyAgent is experimental, expect them to change at any time.
(Use `node --trace-warnings ...` to show where the warning was created)
VERIFY_EXIT=0
f20cba7bb157aab689ccb8ce9813d179189997b6
