(node:26000) [UNDICI-EHPA] Warning: EnvHttpProxyAgent is experimental, expect them to change at any time.
(Use `node --trace-warnings ...` to show where the warning was created)
(node:25300) [UNDICI-EHPA] Warning: EnvHttpProxyAgent is experimental, expect them to change at any time.
(Use `node --trace-warnings ...` to show where the warning was created)

> zdj-mits-v3@3.9.8 verify
> npm run verify:deps && npm run verify:scripts && npm run verify:release && npm run verify:s00 && npm run typecheck && npm run build && npm run test

(node:22484) [UNDICI-EHPA] Warning: EnvHttpProxyAgent is experimental, expect them to change at any time.
(Use `node --trace-warnings ...` to show where the warning was created)
(node:24812) [UNDICI-EHPA] Warning: EnvHttpProxyAgent is experimental, expect them to change at any time.
(Use `node --trace-warnings ...` to show where the warning was created)

> zdj-mits-v3@3.9.8 verify:deps
> npm run build -w @zdj/contracts && npm run build -w @zdj/core

(node:6636) [UNDICI-EHPA] Warning: EnvHttpProxyAgent is experimental, expect them to change at any time.
(Use `node --trace-warnings ...` to show where the warning was created)
(node:25868) [UNDICI-EHPA] Warning: EnvHttpProxyAgent is experimental, expect them to change at any time.
(Use `node --trace-warnings ...` to show where the warning was created)

> @zdj/contracts@3.9.8 build
> tsc -p tsconfig.json

(node:25068) [UNDICI-EHPA] Warning: EnvHttpProxyAgent is experimental, expect them to change at any time.
(Use `node --trace-warnings ...` to show where the warning was created)
(node:26068) [UNDICI-EHPA] Warning: EnvHttpProxyAgent is experimental, expect them to change at any time.
(Use `node --trace-warnings ...` to show where the warning was created)

> @zdj/core@3.9.8 build
> tsc -p tsconfig.json

(node:19828) [UNDICI-EHPA] Warning: EnvHttpProxyAgent is experimental, expect them to change at any time.
(Use `node --trace-warnings ...` to show where the warning was created)
(node:22636) [UNDICI-EHPA] Warning: EnvHttpProxyAgent is experimental, expect them to change at any time.
(Use `node --trace-warnings ...` to show where the warning was created)

> zdj-mits-v3@3.9.8 verify:scripts
> node --check scripts/maintain-storage.mjs && node --check scripts/reset-testnet-runtime-db.mjs && node --check scripts/init-local-runtime.mjs && node --check scripts/prune-zdj-backups.mjs && node --check scripts/install-storage-retention.mjs && node --check scripts/v394-stage6-set-readonly.mjs && node scripts/v394-stage6-set-readonly.mjs --self-test && node --check scripts/v394-stage6-preflight.mjs && node scripts/v394-stage6-preflight.mjs --self-test && node --check scripts/audit-ai-entry-quality.mjs && node --check scripts/audit-trading-quality-baseline.mjs && node --check scripts/inspect-sqlite-capacity.mjs && node --check scripts/audit-v394-entry-authorization.mjs && node --test scripts/maintain-storage.test.mjs scripts/reset-testnet-runtime-db.test.mjs scripts/init-local-runtime.test.mjs && powershell -NoProfile -ExecutionPolicy Bypass -File scripts/start-zdj-engine-host.test.ps1 && powershell -NoProfile -ExecutionPolicy Bypass -File scripts/collect-zdj-engine-crash-evidence.test.ps1 && powershell -NoProfile -ExecutionPolicy Bypass -File scripts/run-v394-readonly-canary.test.ps1 && powershell -NoProfile -ExecutionPolicy Bypass -File scripts/run-v394-local-rollout.test.ps1 && powershell -NoProfile -ExecutionPolicy Bypass -File scripts/run-v394-stage7-to-stage9.test.ps1 && powershell -NoProfile -ExecutionPolicy Bypass -File scripts/vpn/zdj-trade-proxy-client-windows.test.ps1 && powershell -NoProfile -ExecutionPolicy Bypass -File scripts/start-zdj-stack-after-reboot.test.ps1 && powershell -NoProfile -ExecutionPolicy Bypass -File scripts/set-zdj-scheduled-task-silent.test.ps1

(node:1808) [UNDICI-EHPA] Warning: EnvHttpProxyAgent is experimental, expect them to change at any time.
(Use `node --trace-warnings ...` to show where the warning was created)
(node:2372) [UNDICI-EHPA] Warning: EnvHttpProxyAgent is experimental, expect them to change at any time.
(Use `node --trace-warnings ...` to show where the warning was created)
(node:23856) [UNDICI-EHPA] Warning: EnvHttpProxyAgent is experimental, expect them to change at any time.
(Use `node --trace-warnings ...` to show where the warning was created)
(node:21040) [UNDICI-EHPA] Warning: EnvHttpProxyAgent is experimental, expect them to change at any time.
(Use `node --trace-warnings ...` to show where the warning was created)
(node:3156) [UNDICI-EHPA] Warning: EnvHttpProxyAgent is experimental, expect them to change at any time.
(Use `node --trace-warnings ...` to show where the warning was created)
(node:23936) [UNDICI-EHPA] Warning: EnvHttpProxyAgent is experimental, expect them to change at any time.
(Use `node --trace-warnings ...` to show where the warning was created)
(node:24728) [UNDICI-EHPA] Warning: EnvHttpProxyAgent is experimental, expect them to change at any time.
(Use `node --trace-warnings ...` to show where the warning was created)
(node:24728) ExperimentalWarning: SQLite is an experimental feature and might change at any time
V3.9.4 explicit proxy-enable + legacy normalization + READ_ONLY self-test PASS
(node:8520) [UNDICI-EHPA] Warning: EnvHttpProxyAgent is experimental, expect them to change at any time.
(Use `node --trace-warnings ...` to show where the warning was created)
(node:14340) [UNDICI-EHPA] Warning: EnvHttpProxyAgent is experimental, expect them to change at any time.
(Use `node --trace-warnings ...` to show where the warning was created)
(node:14340) ExperimentalWarning: SQLite is an experimental feature and might change at any time
V3.9.4 Stage6 preflight self-test PASS
(node:26396) [UNDICI-EHPA] Warning: EnvHttpProxyAgent is experimental, expect them to change at any time.
(Use `node --trace-warnings ...` to show where the warning was created)
(node:13396) [UNDICI-EHPA] Warning: EnvHttpProxyAgent is experimental, expect them to change at any time.
(Use `node --trace-warnings ...` to show where the warning was created)
(node:16852) [UNDICI-EHPA] Warning: EnvHttpProxyAgent is experimental, expect them to change at any time.
(Use `node --trace-warnings ...` to show where the warning was created)
(node:22964) [UNDICI-EHPA] Warning: EnvHttpProxyAgent is experimental, expect them to change at any time.
(Use `node --trace-warnings ...` to show where the warning was created)
(node:3948) [UNDICI-EHPA] Warning: EnvHttpProxyAgent is experimental, expect them to change at any time.
(Use `node --trace-warnings ...` to show where the warning was created)
TAP version 13
# (node:18260) [UNDICI-EHPA] Warning: EnvHttpProxyAgent is experimental, expect them to change at any time.
# (Use `node --trace-warnings ...` to show where the warning was created)
# (node:18260) ExperimentalWarning: SQLite is an experimental feature and might change at any time
# Subtest: V3.9.3 init preserves static configuration and removes active local trading history
ok 1 - V3.9.3 init preserves static configuration and removes active local trading history
  ---
  duration_ms: 430.5325
  type: 'test'
  ...
# (node:23260) [UNDICI-EHPA] Warning: EnvHttpProxyAgent is experimental, expect them to change at any time.
# (Use `node --trace-warnings ...` to show where the warning was created)
# (node:23260) ExperimentalWarning: SQLite is an experimental feature and might change at any time
# Subtest: offline maintenance preserves source: dry
ok 2 - offline maintenance preserves source: dry
  ---
  duration_ms: 263.8146
  type: 'test'
  ...
# Subtest: offline maintenance preserves source: build
ok 3 - offline maintenance preserves source: build
  ---
  duration_ms: 214.0737
  type: 'test'
  ...
# Subtest: offline maintenance preserves source: alias
ok 4 - offline maintenance preserves source: alias
  ---
  duration_ms: 159.3357
  type: 'test'
  ...
# Subtest: offline maintenance preserves source: existing
ok 5 - offline maintenance preserves source: existing
  ---
  duration_ms: 161.4176
  type: 'test'
  ...
# Subtest: offline maintenance preserves source: wal
ok 6 - offline maintenance preserves source: wal
  ---
  duration_ms: 163.0702
  type: 'test'
  ...
# Subtest: offline maintenance preserves source: disk
ok 7 - offline maintenance preserves source: disk
  ---
  duration_ms: 160.5571
  type: 'test'
  ...
# Subtest: offline maintenance preserves source: delete-failure
ok 8 - offline maintenance preserves source: delete-failure
  ---
  duration_ms: 177.3179
  type: 'test'
  ...
# Subtest: offline maintenance preserves source: vacuum-failure
ok 9 - offline maintenance preserves source: vacuum-failure
  ---
  duration_ms: 189.3438
  type: 'test'
  ...
# Subtest: offline maintenance preserves source: publish-lock
ok 10 - offline maintenance preserves source: publish-lock
  ---
  duration_ms: 201.5603
  type: 'test'
  ...
# Subtest: offline maintenance preserves source: corrupt-copy
ok 11 - offline maintenance preserves source: corrupt-copy
  ---
  duration_ms: 208.4987
  type: 'test'
  ...
# Subtest: offline maintenance preserves source: crash
ok 12 - offline maintenance preserves source: crash
  ---
  duration_ms: 194.3964
  type: 'test'
  ...
# Subtest: backup pruning requires an explicit verified baseline and keeps it even when it is oldest
ok 13 - backup pruning requires an explicit verified baseline and keeps it even when it is oldest
  ---
  duration_ms: 415.3935
  type: 'test'
  ...
# Subtest: AI quality treats missing outcomes as missing and does not promote PLACE-only samples
ok 14 - AI quality treats missing outcomes as missing and does not promote PLACE-only samples
  ---
  duration_ms: 321.4208
  type: 'test'
  ...
# Subtest: valid WAL is copied and replayed only on the working database
ok 15 - valid WAL is copied and replayed only on the working database
  ---
  duration_ms: 232.7404
  type: 'test'
  ...
# (node:18756) [UNDICI-EHPA] Warning: EnvHttpProxyAgent is experimental, expect them to change at any time.
# (Use `node --trace-warnings ...` to show where the warning was created)
# (node:18756) ExperimentalWarning: SQLite is an experimental feature and might change at any time
# Subtest: schema-only reset preserves schema/static configuration and never copies runtime history
ok 16 - schema-only reset preserves schema/static configuration and never copies runtime history
  ---
  duration_ms: 349.2703
  type: 'test'
  ...
1..16
# tests 16
# suites 0
# pass 16
# fail 0
# cancelled 0
# skipped 0
# todo 0
# duration_ms 3177.3411
start-zdj-engine-host.test.ps1 PASS
collect-zdj-engine-crash-evidence.test.ps1 PASS (25 assertions)
V3.9.4 read-only canary script contract PASS
V3.9.4 local rollout script contract PASS
V3.9.4 stage7-to-stage9 runner contract PASS
VPN_CLIENT_TEST_PASS: foreign owner, pid reuse, real stalled peer deadline/socket close, finite failed-start recovery, no embedded secret
(node:24544) [UNDICI-EHPA] Warning: EnvHttpProxyAgent is experimental, expect them to change at any time.
(Use `node --trace-warnings ...` to show where the warning was created)
start-zdj-stack-after-reboot.test.ps1 PASS
SILENT_REBOOT_REREGISTRATION_GUARD_PASS
SILENT_TASK_TEST_PASS: no visible child console, quoted paths, working directory, wait and exit=23; no real task or Engine lifecycle
(node:12400) [UNDICI-EHPA] Warning: EnvHttpProxyAgent is experimental, expect them to change at any time.
(Use `node --trace-warnings ...` to show where the warning was created)
(node:8248) [UNDICI-EHPA] Warning: EnvHttpProxyAgent is experimental, expect them to change at any time.
(Use `node --trace-warnings ...` to show where the warning was created)

> zdj-mits-v3@3.9.8 verify:release
> node scripts/v397-release-identity.mjs

(node:15136) [UNDICI-EHPA] Warning: EnvHttpProxyAgent is experimental, expect them to change at any time.
(Use `node --trace-warnings ...` to show where the warning was created)
{"gate":"V398_RELEASE_IDENTITY_PASS","version":"3.9.8","packages":5,"lock":true,"api":"V3.9.7"}
(node:25136) [UNDICI-EHPA] Warning: EnvHttpProxyAgent is experimental, expect them to change at any time.
(Use `node --trace-warnings ...` to show where the warning was created)
(node:8840) [UNDICI-EHPA] Warning: EnvHttpProxyAgent is experimental, expect them to change at any time.
(Use `node --trace-warnings ...` to show where the warning was created)

> zdj-mits-v3@3.9.8 verify:s00
> node scripts/v396-s00-static-check.mjs --review=docs/reports/v398-trade-record-integrity-20261009/s00/entrypoint-review.json --current-identity=docs/reports/v398-trade-record-integrity-20261009/s00/current-identity.json --historical-lock=docs/reports/v398-trade-record-integrity-20261009/s00/historical-package-lock.json

(node:13660) [UNDICI-EHPA] Warning: EnvHttpProxyAgent is experimental, expect them to change at any time.
(Use `node --trace-warnings ...` to show where the warning was created)
{
  "stage": "S00",
  "tests": {
    "S00_T01": "PASS",
    "S00_T02": "PASS",
    "S00_T03": "PASS",
    "S00_T04": "PASS",
    "S00_T05": "PASS",
    "S00_T06": "PASS"
  },
  "fixtureHash": "295c949a0cf5b2c7c06db81db91e42fd6fd4437fe5a2f23143c09ac4a7fbab21",
  "network": "NOT_USED",
  "exchangeWrites": 0,
  "engineLifecycle": "NOT_USED",
  "settingsModified": false,
  "verifierScope": "STATIC_READS_AND_OS_TEMP_ONLY",
  "entrypointReviewCount": 194,
  "entrypointStatusCounts": {
    "FORBIDDEN_OR_NOT_RUN": 173,
    "CONDITIONAL_NOT_RUN": 20,
    "ALLOWED_STATIC": 1
  },
  "engineTestIsolation": {
    "testFiles": 218,
    "openingAStore": 21,
    "everyStoreOpeningTestIsolated": true,
    "repositoryDataDirReferences": 0,
    "productionPortReferences": 0
  },
  "blockers": []
}
(node:16508) [UNDICI-EHPA] Warning: EnvHttpProxyAgent is experimental, expect them to change at any time.
(Use `node --trace-warnings ...` to show where the warning was created)
(node:18388) [UNDICI-EHPA] Warning: EnvHttpProxyAgent is experimental, expect them to change at any time.
(Use `node --trace-warnings ...` to show where the warning was created)

> zdj-mits-v3@3.9.8 typecheck
> npm run typecheck -ws --if-present

(node:24604) [UNDICI-EHPA] Warning: EnvHttpProxyAgent is experimental, expect them to change at any time.
(Use `node --trace-warnings ...` to show where the warning was created)
(node:15616) [UNDICI-EHPA] Warning: EnvHttpProxyAgent is experimental, expect them to change at any time.
(Use `node --trace-warnings ...` to show where the warning was created)

> @zdj/contracts@3.9.8 typecheck
> tsc -p tsconfig.json --noEmit


> @zdj/core@3.9.8 typecheck
> tsc -p tsconfig.json --noEmit


> @zdj/dashboard@3.9.8 typecheck
> vue-tsc --noEmit


> @zdj/engine@3.9.8 typecheck
> tsc -p tsconfig.json --noEmit

(node:19900) [UNDICI-EHPA] Warning: EnvHttpProxyAgent is experimental, expect them to change at any time.
(Use `node --trace-warnings ...` to show where the warning was created)
(node:23368) [UNDICI-EHPA] Warning: EnvHttpProxyAgent is experimental, expect them to change at any time.
(Use `node --trace-warnings ...` to show where the warning was created)

> zdj-mits-v3@3.9.8 build
> npm run build -ws --if-present

(node:15308) [UNDICI-EHPA] Warning: EnvHttpProxyAgent is experimental, expect them to change at any time.
(Use `node --trace-warnings ...` to show where the warning was created)
(node:15568) [UNDICI-EHPA] Warning: EnvHttpProxyAgent is experimental, expect them to change at any time.
(Use `node --trace-warnings ...` to show where the warning was created)

> @zdj/contracts@3.9.8 build
> tsc -p tsconfig.json


> @zdj/core@3.9.8 build
> tsc -p tsconfig.json


> @zdj/dashboard@3.9.8 build
> vue-tsc -b && vite build

(node:25276) [UNDICI-EHPA] Warning: EnvHttpProxyAgent is experimental, expect them to change at any time.
(Use `node --trace-warnings ...` to show where the warning was created)
vite v7.3.6 building client environment for production...
transforming...
✓ 1669 modules transformed.
rendering chunks...
computing gzip size...
dist/index.html                                                                0.42 kB │ gzip:  0.30 kB
dist/assets/BrainView-C19KGV8J.css                                             0.41 kB │ gzip:  0.25 kB
dist/assets/SettingsView-DpBJNmpc.css                                          4.20 kB │ gzip:  1.10 kB
dist/assets/index-2bhk4SYA.css                                                42.87 kB │ gzip:  9.82 kB
dist/assets/positionModel-UU3TmqIC.js                                          0.28 kB │ gzip:  0.20 kB
dist/assets/EmptyState.vue_vue_type_script_setup_true_lang-Bt_G2z9A.js         0.30 kB │ gzip:  0.24 kB
dist/assets/format-BTnsUY7D.js                                                 0.37 kB │ gzip:  0.28 kB
dist/assets/Panel.vue_vue_type_script_setup_true_lang-BN2FYpnj.js              0.56 kB │ gzip:  0.34 kB
dist/assets/StatusBadge.vue_vue_type_script_setup_true_lang-8-CWPllg.js        0.58 kB │ gzip:  0.40 kB
dist/assets/MemoryView-D5888BOL.js                                             2.35 kB │ gzip:  1.18 kB
dist/assets/UniverseView-ChEPUvvS.js                                           4.95 kB │ gzip:  2.14 kB
dist/assets/HumanManagedView-B83NQl5f.js                                       6.89 kB │ gzip:  3.09 kB
dist/assets/PositionsView-BVu1nJzx.js                                          7.30 kB │ gzip:  3.15 kB
dist/assets/OrdersView-CX2MzUi-.js                                             7.42 kB │ gzip:  2.74 kB
dist/assets/IntelligenceView-BIA2h32U.js                                       7.89 kB │ gzip:  2.85 kB
dist/assets/OperationsView-DMgCsGL7.js                                         8.24 kB │ gzip:  3.42 kB
dist/assets/TemporalIntelligenceView-Bk3Bpbr_.js                               8.25 kB │ gzip:  3.03 kB
dist/assets/PositionConsole.vue_vue_type_script_setup_true_lang-jvT-B4nr.js   13.21 kB │ gzip:  5.62 kB
dist/assets/BrainView-7F6Ux6yR.js                                             15.17 kB │ gzip:  6.03 kB
dist/assets/TradeRecordsView-vjWf78zS.js                                      19.18 kB │ gzip:  7.08 kB
dist/assets/OverviewView-MMxsQ9M_.js                                          48.52 kB │ gzip: 16.20 kB
dist/assets/SettingsView-tpB26duV.js                                          75.65 kB │ gzip: 22.09 kB
dist/assets/index-Dx1lseKb.js                                                281.86 kB │ gzip: 86.20 kB
✓ built in 3.59s

> @zdj/engine@3.9.8 build
> tsc -p tsconfig.json

(node:14840) [UNDICI-EHPA] Warning: EnvHttpProxyAgent is experimental, expect them to change at any time.
(Use `node --trace-warnings ...` to show where the warning was created)
(node:25888) [UNDICI-EHPA] Warning: EnvHttpProxyAgent is experimental, expect them to change at any time.
(Use `node --trace-warnings ...` to show where the warning was created)

> zdj-mits-v3@3.9.8 test
> npm run test -ws --if-present

(node:428) [UNDICI-EHPA] Warning: EnvHttpProxyAgent is experimental, expect them to change at any time.
(Use `node --trace-warnings ...` to show where the warning was created)
(node:21040) [UNDICI-EHPA] Warning: EnvHttpProxyAgent is experimental, expect them to change at any time.
(Use `node --trace-warnings ...` to show where the warning was created)

> @zdj/contracts@3.9.8 test
> vitest run --passWithNoTests

(node:22980) [UNDICI-EHPA] Warning: EnvHttpProxyAgent is experimental, expect them to change at any time.
(Use `node --trace-warnings ...` to show where the warning was created)

 RUN  v3.2.7 C:/Users/5700x/.codex/worktrees/v398-network-rest-window/MITS/packages/contracts

(node:19800) [UNDICI-EHPA] Warning: EnvHttpProxyAgent is experimental, expect them to change at any time.
(Use `node --trace-warnings ...` to show where the warning was created)
(node:23848) [UNDICI-EHPA] Warning: EnvHttpProxyAgent is experimental, expect them to change at any time.
(Use `node --trace-warnings ...` to show where the warning was created)
(node:12048) [UNDICI-EHPA] Warning: EnvHttpProxyAgent is experimental, expect them to change at any time.
(Use `node --trace-warnings ...` to show where the warning was created)
(node:24688) [UNDICI-EHPA] Warning: EnvHttpProxyAgent is experimental, expect them to change at any time.
(Use `node --trace-warnings ...` to show where the warning was created)
(node:24964) [UNDICI-EHPA] Warning: EnvHttpProxyAgent is experimental, expect them to change at any time.
(Use `node --trace-warnings ...` to show where the warning was created)
(node:2428) [UNDICI-EHPA] Warning: EnvHttpProxyAgent is experimental, expect them to change at any time.
(Use `node --trace-warnings ...` to show where the warning was created)
(node:19996) [UNDICI-EHPA] Warning: EnvHttpProxyAgent is experimental, expect them to change at any time.
(Use `node --trace-warnings ...` to show where the warning was created)
(node:2660) [UNDICI-EHPA] Warning: EnvHttpProxyAgent is experimental, expect them to change at any time.
(Use `node --trace-warnings ...` to show where the warning was created)
(node:23064) [UNDICI-EHPA] Warning: EnvHttpProxyAgent is experimental, expect them to change at any time.
(Use `node --trace-warnings ...` to show where the warning was created)
(node:7024) [UNDICI-EHPA] Warning: EnvHttpProxyAgent is experimental, expect them to change at any time.
(Use `node --trace-warnings ...` to show where the warning was created)
(node:23048) [UNDICI-EHPA] Warning: EnvHttpProxyAgent is experimental, expect them to change at any time.
(Use `node --trace-warnings ...` to show where the warning was created)
(node:9632) [UNDICI-EHPA] Warning: EnvHttpProxyAgent is experimental, expect them to change at any time.
(Use `node --trace-warnings ...` to show where the warning was created)
(node:22836) [UNDICI-EHPA] Warning: EnvHttpProxyAgent is experimental, expect them to change at any time.
(Use `node --trace-warnings ...` to show where the warning was created)
(node:22684) [UNDICI-EHPA] Warning: EnvHttpProxyAgent is experimental, expect them to change at any time.
(Use `node --trace-warnings ...` to show where the warning was created)
(node:6496) [UNDICI-EHPA] Warning: EnvHttpProxyAgent is experimental, expect them to change at any time.
(Use `node --trace-warnings ...` to show where the warning was created)
 ✓ src/entryEconomicMandate.test.ts (2 tests) 8ms

 Test Files  1 passed (1)
      Tests  2 passed (2)
   Start at  08:59:33
   Duration  545ms (transform 79ms, setup 0ms, collect 85ms, tests 8ms, environment 0ms, prepare 197ms)

(node:17596) [UNDICI-EHPA] Warning: EnvHttpProxyAgent is experimental, expect them to change at any time.
(Use `node --trace-warnings ...` to show where the warning was created)

> @zdj/core@3.9.8 test
> vitest run

(node:22560) [UNDICI-EHPA] Warning: EnvHttpProxyAgent is experimental, expect them to change at any time.
(Use `node --trace-warnings ...` to show where the warning was created)

 RUN  v3.2.7 C:/Users/5700x/.codex/worktrees/v398-network-rest-window/MITS/packages/core

(node:8708) [UNDICI-EHPA] Warning: EnvHttpProxyAgent is experimental, expect them to change at any time.
(Use `node --trace-warnings ...` to show where the warning was created)
(node:24588) [UNDICI-EHPA] Warning: EnvHttpProxyAgent is experimental, expect them to change at any time.
(Use `node --trace-warnings ...` to show where the warning was created)
(node:25812) [UNDICI-EHPA] Warning: EnvHttpProxyAgent is experimental, expect them to change at any time.
(Use `node --trace-warnings ...` to show where the warning was created)
(node:22536) [UNDICI-EHPA] Warning: EnvHttpProxyAgent is experimental, expect them to change at any time.
(Use `node --trace-warnings ...` to show where the warning was created)
(node:18260) [UNDICI-EHPA] Warning: EnvHttpProxyAgent is experimental, expect them to change at any time.
(Use `node --trace-warnings ...` to show where the warning was created)
(node:19576) [UNDICI-EHPA] Warning: EnvHttpProxyAgent is experimental, expect them to change at any time.
(Use `node --trace-warnings ...` to show where the warning was created)
(node:13660) [UNDICI-EHPA] Warning: EnvHttpProxyAgent is experimental, expect them to change at any time.
(Use `node --trace-warnings ...` to show where the warning was created)
(node:17736) [UNDICI-EHPA] Warning: EnvHttpProxyAgent is experimental, expect them to change at any time.
(Use `node --trace-warnings ...` to show where the warning was created)
(node:13628) [UNDICI-EHPA] Warning: EnvHttpProxyAgent is experimental, expect them to change at any time.
(Use `node --trace-warnings ...` to show where the warning was created)
(node:6728) [UNDICI-EHPA] Warning: EnvHttpProxyAgent is experimental, expect them to change at any time.
(Use `node --trace-warnings ...` to show where the warning was created)
(node:20296) [UNDICI-EHPA] Warning: EnvHttpProxyAgent is experimental, expect them to change at any time.
(Use `node --trace-warnings ...` to show where the warning was created)
(node:25592) [UNDICI-EHPA] Warning: EnvHttpProxyAgent is experimental, expect them to change at any time.
(Use `node --trace-warnings ...` to show where the warning was created)
(node:23036) [UNDICI-EHPA] Warning: EnvHttpProxyAgent is experimental, expect them to change at any time.
(Use `node --trace-warnings ...` to show where the warning was created)
(node:16796) [UNDICI-EHPA] Warning: EnvHttpProxyAgent is experimental, expect them to change at any time.
(Use `node --trace-warnings ...` to show where the warning was created)
(node:22672) [UNDICI-EHPA] Warning: EnvHttpProxyAgent is experimental, expect them to change at any time.
(Use `node --trace-warnings ...` to show where the warning was created)
 ✓ src/tradingCost.test.ts (4 tests) 4ms
 ✓ src/compactEntryBudget.test.ts (2 tests) 6ms
 ✓ src/tpStructure.test.ts (3 tests) 6ms
 ✓ src/selection.test.ts (9 tests) 20ms
 ✓ src/makerPricing.test.ts (5 tests) 111ms
(node:2688) [UNDICI-EHPA] Warning: EnvHttpProxyAgent is experimental, expect them to change at any time.
(Use `node --trace-warnings ...` to show where the warning was created)
(node:25428) [UNDICI-EHPA] Warning: EnvHttpProxyAgent is experimental, expect them to change at any time.
(Use `node --trace-warnings ...` to show where the warning was created)
(node:20648) [UNDICI-EHPA] Warning: EnvHttpProxyAgent is experimental, expect them to change at any time.
(Use `node --trace-warnings ...` to show where the warning was created)
(node:26460) [UNDICI-EHPA] Warning: EnvHttpProxyAgent is experimental, expect them to change at any time.
(Use `node --trace-warnings ...` to show where the warning was created)
(node:25212) [UNDICI-EHPA] Warning: EnvHttpProxyAgent is experimental, expect them to change at any time.
(Use `node --trace-warnings ...` to show where the warning was created)
 ✓ src/assetAdmission.test.ts (3 tests) 4ms
 ✓ src/pool.test.ts (12 tests) 11ms
 ✓ src/portfolio.test.ts (16 tests) 18ms
 ✓ src/capitalAdmission.test.ts (8 tests) 13ms

 Test Files  9 passed (9)
      Tests  62 passed (62)
   Start at  08:59:34
   Duration  977ms (transform 787ms, setup 0ms, collect 2.44s, tests 194ms, environment 2ms, prepare 2.00s)

(node:18040) [UNDICI-EHPA] Warning: EnvHttpProxyAgent is experimental, expect them to change at any time.
(Use `node --trace-warnings ...` to show where the warning was created)
(node:24800) [UNDICI-EHPA] Warning: EnvHttpProxyAgent is experimental, expect them to change at any time.
(Use `node --trace-warnings ...` to show where the warning was created)
(node:14832) [UNDICI-EHPA] Warning: EnvHttpProxyAgent is experimental, expect them to change at any time.
(Use `node --trace-warnings ...` to show where the warning was created)
(node:21696) [UNDICI-EHPA] Warning: EnvHttpProxyAgent is experimental, expect them to change at any time.
(Use `node --trace-warnings ...` to show where the warning was created)

> @zdj/dashboard@3.9.8 test
> vitest run

(node:22576) [UNDICI-EHPA] Warning: EnvHttpProxyAgent is experimental, expect them to change at any time.
(Use `node --trace-warnings ...` to show where the warning was created)

 RUN  v3.2.7 C:/Users/5700x/.codex/worktrees/v398-network-rest-window/MITS/apps/dashboard

(node:11400) [UNDICI-EHPA] Warning: EnvHttpProxyAgent is experimental, expect them to change at any time.
(Use `node --trace-warnings ...` to show where the warning was created)
(node:22132) [UNDICI-EHPA] Warning: EnvHttpProxyAgent is experimental, expect them to change at any time.
(Use `node --trace-warnings ...` to show where the warning was created)
(node:25552) [UNDICI-EHPA] Warning: EnvHttpProxyAgent is experimental, expect them to change at any time.
(Use `node --trace-warnings ...` to show where the warning was created)
(node:4668) [UNDICI-EHPA] Warning: EnvHttpProxyAgent is experimental, expect them to change at any time.
(Use `node --trace-warnings ...` to show where the warning was created)
 ✓ src/views/PositionsView.holding.test.ts (5 tests) 159ms
 ✓ src/views/SettingsView.exposure.test.ts (7 tests) 223ms
(node:23028) [UNDICI-EHPA] Warning: EnvHttpProxyAgent is experimental, expect them to change at any time.
(Use `node --trace-warnings ...` to show where the warning was created)
(node:6052) [UNDICI-EHPA] Warning: EnvHttpProxyAgent is experimental, expect them to change at any time.
(Use `node --trace-warnings ...` to show where the warning was created)
 ✓ src/views/OverviewView.capacity.test.ts (21 tests) 552ms
 ✓ src/views/OverviewView.executionTruth.test.ts (14 tests) 408ms
(node:23868) [UNDICI-EHPA] Warning: EnvHttpProxyAgent is experimental, expect them to change at any time.
(Use `node --trace-warnings ...` to show where the warning was created)
(node:22364) [UNDICI-EHPA] Warning: EnvHttpProxyAgent is experimental, expect them to change at any time.
(Use `node --trace-warnings ...` to show where the warning was created)
 ✓ src/views/OverviewView.conversion.test.ts (6 tests) 208ms
(node:22492) [UNDICI-EHPA] Warning: EnvHttpProxyAgent is experimental, expect them to change at any time.
(Use `node --trace-warnings ...` to show where the warning was created)
 ✓ src/views/BrainView.auditDrawer.test.ts (6 tests) 207ms
(node:6796) [UNDICI-EHPA] Warning: EnvHttpProxyAgent is experimental, expect them to change at any time.
(Use `node --trace-warnings ...` to show where the warning was created)
 ✓ src/components/PositionConsole.holding.test.ts (5 tests) 147ms
 ✓ src/views/SettingsView.resources.test.ts (3 tests) 192ms
(node:6492) [UNDICI-EHPA] Warning: EnvHttpProxyAgent is experimental, expect them to change at any time.
(Use `node --trace-warnings ...` to show where the warning was created)
(node:25536) [UNDICI-EHPA] Warning: EnvHttpProxyAgent is experimental, expect them to change at any time.
(Use `node --trace-warnings ...` to show where the warning was created)
 ✓ src/views/HumanManagedView.holding.test.ts (4 tests) 118ms
 ✓ src/views/BrainView.execution.test.ts (3 tests) 122ms
(node:2112) [UNDICI-EHPA] Warning: EnvHttpProxyAgent is experimental, expect them to change at any time.
(Use `node --trace-warnings ...` to show where the warning was created)
(node:25384) [UNDICI-EHPA] Warning: EnvHttpProxyAgent is experimental, expect them to change at any time.
(Use `node --trace-warnings ...` to show where the warning was created)
 ✓ src/views/TradeRecordsView.integrity.test.ts (1 test) 73ms
(node:5264) [UNDICI-EHPA] Warning: EnvHttpProxyAgent is experimental, expect them to change at any time.
(Use `node --trace-warnings ...` to show where the warning was created)
 ✓ src/layouts/AppShell.incidents.test.ts (2 tests) 104ms
(node:20880) [UNDICI-EHPA] Warning: EnvHttpProxyAgent is experimental, expect them to change at any time.
(Use `node --trace-warnings ...` to show where the warning was created)
 ✓ src/utils/holdingDuration.test.ts (15 tests) 26ms
(node:6516) [UNDICI-EHPA] Warning: EnvHttpProxyAgent is experimental, expect them to change at any time.
(Use `node --trace-warnings ...` to show where the warning was created)
 ✓ src/testing/dashboardSnapshotFixture.test.ts (3 tests) 16ms
 ✓ src/governancePanel.test.ts (8 tests) 7ms
(node:16528) [UNDICI-EHPA] Warning: EnvHttpProxyAgent is experimental, expect them to change at any time.
(Use `node --trace-warnings ...` to show where the warning was created)
(node:240) [UNDICI-EHPA] Warning: EnvHttpProxyAgent is experimental, expect them to change at any time.
(Use `node --trace-warnings ...` to show where the warning was created)
 ✓ src/blacklistInput.test.ts (2 tests) 4ms
 ✓ src/positionModel.test.ts (4 tests) 4ms
(node:2704) [UNDICI-EHPA] Warning: EnvHttpProxyAgent is experimental, expect them to change at any time.
(Use `node --trace-warnings ...` to show where the warning was created)
(node:25568) [UNDICI-EHPA] Warning: EnvHttpProxyAgent is experimental, expect them to change at any time.
(Use `node --trace-warnings ...` to show where the warning was created)
 ✓ src/utils/useNow.test.ts (1 test) 19ms
 ✓ src/tradingParameterProfiles.test.ts (2 tests) 3ms
 ✓ src/views/tradeClosePresentation.test.ts (6 tests) 4ms
 ✓ src/views/OverviewView.test.ts (1 test) 94ms
(node:19240) [UNDICI-EHPA] Warning: EnvHttpProxyAgent is experimental, expect them to change at any time.
(Use `node --trace-warnings ...` to show where the warning was created)
(node:9564) [UNDICI-EHPA] Warning: EnvHttpProxyAgent is experimental, expect them to change at any time.
(Use `node --trace-warnings ...` to show where the warning was created)
(node:26556) [UNDICI-EHPA] Warning: EnvHttpProxyAgent is experimental, expect them to change at any time.
(Use `node --trace-warnings ...` to show where the warning was created)
(node:16204) [UNDICI-EHPA] Warning: EnvHttpProxyAgent is experimental, expect them to change at any time.
(Use `node --trace-warnings ...` to show where the warning was created)
 ✓ src/navigation.test.ts (2 tests) 4ms
 ✓ src/requestId.test.ts (3 tests) 4ms
 ✓ src/stores/system.test.ts (1 test) 4ms
(node:15052) [UNDICI-EHPA] Warning: EnvHttpProxyAgent is experimental, expect them to change at any time.
(Use `node --trace-warnings ...` to show where the warning was created)
 ✓ src/candidateBlacklistDto.test.ts (2 tests) 4ms
(node:2240) [UNDICI-EHPA] Warning: EnvHttpProxyAgent is experimental, expect them to change at any time.
(Use `node --trace-warnings ...` to show where the warning was created)

 Test Files  25 passed (25)
      Tests  127 passed (127)
   Start at  08:59:36
   Duration  7.32s (transform 1.66s, setup 0ms, collect 6.06s, tests 2.70s, environment 12.90s, prepare 2.99s)

(node:24672) [UNDICI-EHPA] Warning: EnvHttpProxyAgent is experimental, expect them to change at any time.
(Use `node --trace-warnings ...` to show where the warning was created)
(node:15152) [UNDICI-EHPA] Warning: EnvHttpProxyAgent is experimental, expect them to change at any time.
(Use `node --trace-warnings ...` to show where the warning was created)

> @zdj/engine@3.9.8 test
> vitest run

(node:11712) [UNDICI-EHPA] Warning: EnvHttpProxyAgent is experimental, expect them to change at any time.
(Use `node --trace-warnings ...` to show where the warning was created)
VITEST_TEST_TIMEOUT=5000 CI=

 RUN  v3.2.7 C:/Users/5700x/.codex/worktrees/v398-network-rest-window/MITS/apps/engine

(node:23016) [UNDICI-EHPA] Warning: EnvHttpProxyAgent is experimental, expect them to change at any time.
(Use `node --trace-warnings ...` to show where the warning was created)
(node:19012) [UNDICI-EHPA] Warning: EnvHttpProxyAgent is experimental, expect them to change at any time.
(Use `node --trace-warnings ...` to show where the warning was created)
(node:23124) [UNDICI-EHPA] Warning: EnvHttpProxyAgent is experimental, expect them to change at any time.
(Use `node --trace-warnings ...` to show where the warning was created)
(node:23244) [UNDICI-EHPA] Warning: EnvHttpProxyAgent is experimental, expect them to change at any time.
(Use `node --trace-warnings ...` to show where the warning was created)
(node:19012) ExperimentalWarning: SQLite is an experimental feature and might change at any time
(node:23016) ExperimentalWarning: SQLite is an experimental feature and might change at any time
(node:23244) ExperimentalWarning: SQLite is an experimental feature and might change at any time
 ✓ src/services/exitConvergenceFairness.test.ts (15 tests) 5421ms
   ✓ P1 exit convergence fairness > a terminal order at the tail is serviced even while the head stays WORKING  2230ms
   ✓ P1 exit convergence fairness > a failed query backs off only the order that failed  497ms
   ✓ P1 exit convergence fairness > readback reports queue length, oldest unpolled age and terminal-unreleased claims  575ms
(node:24384) [UNDICI-EHPA] Warning: EnvHttpProxyAgent is experimental, expect them to change at any time.
(Use `node --trace-warnings ...` to show where the warning was created)
(node:24384) ExperimentalWarning: SQLite is an experimental feature and might change at any time
 ✓ src/services/entryCoordinator.test.ts (29 tests) 6122ms
   ✓ Entry Manager chain > recovers an accepted-but-disconnected submit by stable client id without a second order  3054ms
   ✓ Entry Manager chain > keeps the same order identity across restart recovery from UNKNOWN  3040ms
(node:24296) [UNDICI-EHPA] Warning: EnvHttpProxyAgent is experimental, expect them to change at any time.
(Use `node --trace-warnings ...` to show where the warning was created)
(node:24296) ExperimentalWarning: SQLite is an experimental feature and might change at any time
 ✓ src/services/v370Contract.test.ts (35 tests) 6697ms
   ✓ V3.7.0 isolated real-EIP contracts; production write=0 > recovers an exchange-accepted submit after response loss without a duplicate  3078ms
   ✓ V3.7.0 isolated real-EIP contracts; production write=0 > recovers the same UNKNOWN identity by clientOrderId without another wire submit  3080ms
(node:23868) [UNDICI-EHPA] Warning: EnvHttpProxyAgent is experimental, expect them to change at any time.
(Use `node --trace-warnings ...` to show where the warning was created)
(node:23868) ExperimentalWarning: SQLite is an experimental feature and might change at any time
 ✓ src/config/settingsStore.test.ts (37 tests) 7611ms
   ✓ SettingsStore > keeps in-range migrated floors untouched and migrates a legacy document exactly once  770ms
   ✓ SettingsStore > paginates compact AI summaries in SQL with a stable tie-break and keeps full detail by id  382ms
   ✓ runs bounded retention, keeps raw running AI and all critical events, and evicts only orphan AI entities  422ms
(node:12284) [UNDICI-EHPA] Warning: EnvHttpProxyAgent is experimental, expect them to change at any time.
(Use `node --trace-warnings ...` to show where the warning was created)
(node:24296) [UNDICI-EHPA] Warning: EnvHttpProxyAgent is experimental, expect them to change at any time.
(Use `node --trace-warnings ...` to show where the warning was created)
(node:24296) [UNDICI-EHPA] Warning: EnvHttpProxyAgent is experimental, expect them to change at any time.
(Use `node --trace-warnings ...` to show where the warning was created)
(node:24296) [UNDICI-EHPA] Warning: EnvHttpProxyAgent is experimental, expect them to change at any time.
(Use `node --trace-warnings ...` to show where the warning was created)
 ✓ src/state/c2ReservationAtomicityHostile.test.ts (23 tests) 4445ms
(node:24296) [UNDICI-EHPA] Warning: EnvHttpProxyAgent is experimental, expect them to change at any time.
(Use `node --trace-warnings ...` to show where the warning was created)
(node:22492) [UNDICI-EHPA] Warning: EnvHttpProxyAgent is experimental, expect them to change at any time.
(Use `node --trace-warnings ...` to show where the warning was created)
(node:24296) [UNDICI-EHPA] Warning: EnvHttpProxyAgent is experimental, expect them to change at any time.
(Use `node --trace-warnings ...` to show where the warning was created)
(node:22492) ExperimentalWarning: SQLite is an experimental feature and might change at any time
(node:24296) [UNDICI-EHPA] Warning: EnvHttpProxyAgent is experimental, expect them to change at any time.
(Use `node --trace-warnings ...` to show where the warning was created)
(node:24296) [UNDICI-EHPA] Warning: EnvHttpProxyAgent is experimental, expect them to change at any time.
(Use `node --trace-warnings ...` to show where the warning was created)
(node:22492) [UNDICI-EHPA] Warning: EnvHttpProxyAgent is experimental, expect them to change at any time.
(Use `node --trace-warnings ...` to show where the warning was created)
 ✓ src/services/entryExecutionChain.test.ts (6 tests) 3244ms
   ✓ V3.9.6 PLACE -> submit chain closure > EC-04 (T5) an unknown submission is reconciled, never re-sent  3071ms
(node:11868) [UNDICI-EHPA] Warning: EnvHttpProxyAgent is experimental, expect them to change at any time.
(Use `node --trace-warnings ...` to show where the warning was created)
(node:24296) [UNDICI-EHPA] Warning: EnvHttpProxyAgent is experimental, expect them to change at any time.
(Use `node --trace-warnings ...` to show where the warning was created)
 ✓ src/services/j4ReviewMemoryHostile.test.ts (54 tests) 4188ms
(node:17776) [UNDICI-EHPA] Warning: EnvHttpProxyAgent is experimental, expect them to change at any time.
(Use `node --trace-warnings ...` to show where the warning was created)
(node:22492) [UNDICI-EHPA] Warning: EnvHttpProxyAgent is experimental, expect them to change at any time.
(Use `node --trace-warnings ...` to show where the warning was created)
(node:17776) ExperimentalWarning: SQLite is an experimental feature and might change at any time
(node:11868) ExperimentalWarning: SQLite is an experimental feature and might change at any time
(node:24296) [UNDICI-EHPA] Warning: EnvHttpProxyAgent is experimental, expect them to change at any time.
(Use `node --trace-warnings ...` to show where the warning was created)
(node:22492) [UNDICI-EHPA] Warning: EnvHttpProxyAgent is experimental, expect them to change at any time.
(Use `node --trace-warnings ...` to show where the warning was created)
(node:24296) [UNDICI-EHPA] Warning: EnvHttpProxyAgent is experimental, expect them to change at any time.
(Use `node --trace-warnings ...` to show where the warning was created)
(node:11868) [UNDICI-EHPA] Warning: EnvHttpProxyAgent is experimental, expect them to change at any time.
(Use `node --trace-warnings ...` to show where the warning was created)
(node:22492) [UNDICI-EHPA] Warning: EnvHttpProxyAgent is experimental, expect them to change at any time.
(Use `node --trace-warnings ...` to show where the warning was created)
(node:11868) [UNDICI-EHPA] Warning: EnvHttpProxyAgent is experimental, expect them to change at any time.
(Use `node --trace-warnings ...` to show where the warning was created)
(node:24296) [UNDICI-EHPA] Warning: EnvHttpProxyAgent is experimental, expect them to change at any time.
(Use `node --trace-warnings ...` to show where the warning was created)
(node:22492) [UNDICI-EHPA] Warning: EnvHttpProxyAgent is experimental, expect them to change at any time.
(Use `node --trace-warnings ...` to show where the warning was created)
(node:11868) [UNDICI-EHPA] Warning: EnvHttpProxyAgent is experimental, expect them to change at any time.
(Use `node --trace-warnings ...` to show where the warning was created)
(node:24296) [UNDICI-EHPA] Warning: EnvHttpProxyAgent is experimental, expect them to change at any time.
(Use `node --trace-warnings ...` to show where the warning was created)
 ✓ src/services/aiFabric.test.ts (14 tests) 5705ms
   ✓ Primary decision fail-closed normalization > normalizes a reject without inventing an executable side  634ms
   ✓ Primary decision fail-closed normalization > repairs reject formatting without restoring a trade side or direction authority  500ms
   ✓ Primary decision fail-closed normalization > preserves raw PLACE_LONG including autonomous quantity  506ms
   ✓ Primary decision fail-closed normalization > preserves raw PLACE_SHORT including autonomous quantity  486ms
   ✓ Primary decision fail-closed normalization > normalizes only unambiguous confidence protocol values  356ms
   ✓ Primary decision fail-closed normalization > normalizes only unambiguous confidence protocol values  376ms
   ✓ Primary decision fail-closed normalization > normalizes only unambiguous confidence protocol values  427ms
   ✓ Primary decision fail-closed normalization > does not manufacture a missing executable price range  451ms
   ✓ Primary decision fail-closed normalization > repairs only a frozen candidate target range after the model selects its exact target  372ms
   ✓ Primary decision fail-closed normalization > accepts a directionless reject without inventing PLACE  436ms
   ✓ Primary decision fail-closed normalization > computes 15m structure evidence without creating an execution decision  566ms
   ✓ Primary decision fail-closed normalization > accepts both AI sides regardless of 15m trend when protocol fields are valid  588ms
(node:11868) [UNDICI-EHPA] Warning: EnvHttpProxyAgent is experimental, expect them to change at any time.
(Use `node --trace-warnings ...` to show where the warning was created)
(node:9932) [UNDICI-EHPA] Warning: EnvHttpProxyAgent is experimental, expect them to change at any time.
(Use `node --trace-warnings ...` to show where the warning was created)
(node:11868) [UNDICI-EHPA] Warning: EnvHttpProxyAgent is experimental, expect them to change at any time.
(Use `node --trace-warnings ...` to show where the warning was created)
(node:22492) [UNDICI-EHPA] Warning: EnvHttpProxyAgent is experimental, expect them to change at any time.
(Use `node --trace-warnings ...` to show where the warning was created)
(node:9932) ExperimentalWarning: SQLite is an experimental feature and might change at any time
 ✓ src/api/snapshotReadOnly.test.ts (6 tests) 3101ms
   ✓ TradeRecord GET list/detail and Experience perform zero SQLite writes and zero state mutation  613ms
   ✓ published dashboard snapshot > serves a bounded immutable summary without reconciliation waits or SQLite writes  377ms
   ✓ position detail and stale manual preview perform zero market REST reads  399ms
   ✓ reconciliation telemetry still persists execution facts  581ms
   ✓ pipeline HTTP preserves the installed admission readback and scoped reconciliation without writes after the initial authority diagnostic  613ms
   ✓ ALL history API preserves incomplete origins with side/status filters and pagination without writes  516ms
(node:25056) [UNDICI-EHPA] Warning: EnvHttpProxyAgent is experimental, expect them to change at any time.
(Use `node --trace-warnings ...` to show where the warning was created)
(node:11868) [UNDICI-EHPA] Warning: EnvHttpProxyAgent is experimental, expect them to change at any time.
(Use `node --trace-warnings ...` to show where the warning was created)
(node:25056) ExperimentalWarning: SQLite is an experimental feature and might change at any time
(node:11868) [UNDICI-EHPA] Warning: EnvHttpProxyAgent is experimental, expect them to change at any time.
(Use `node --trace-warnings ...` to show where the warning was created)
 ✓ src/runtime/appRuntime.test.ts (8 tests) 2901ms
   ✓ mock V3 runtime > retains an in-flight cohort hydrate through the real runtime sync, then admits its snapshot  547ms
   ✓ mock V3 runtime > loads every missing position market before a serialized reconciliation pass  562ms
   ✓ does not publish into the closed database from queued UI snapshots  929ms
   ✓ starts private synchronization before a delayed bounded cohort bootstrap  572ms
 ✓ src/services/entrySubmissionIdentity.integration.test.ts (13 tests) 3140ms
(node:20880) [UNDICI-EHPA] Warning: EnvHttpProxyAgent is experimental, expect them to change at any time.
(Use `node --trace-warnings ...` to show where the warning was created)
(node:19288) [UNDICI-EHPA] Warning: EnvHttpProxyAgent is experimental, expect them to change at any time.
(Use `node --trace-warnings ...` to show where the warning was created)
(node:20880) ExperimentalWarning: SQLite is an experimental feature and might change at any time
(node:19288) ExperimentalWarning: SQLite is an experimental feature and might change at any time
 ✓ src/services/c3RuntimeWiringHostile.test.ts (48 tests) 1854ms
(node:25452) [UNDICI-EHPA] Warning: EnvHttpProxyAgent is experimental, expect them to change at any time.
(Use `node --trace-warnings ...` to show where the warning was created)
 ✓ src/services/executionLifecycle.integration.test.ts (17 tests) 2530ms
(node:6500) [UNDICI-EHPA] Warning: EnvHttpProxyAgent is experimental, expect them to change at any time.
(Use `node --trace-warnings ...` to show where the warning was created)
(node:19288) [UNDICI-EHPA] Warning: EnvHttpProxyAgent is experimental, expect them to change at any time.
(Use `node --trace-warnings ...` to show where the warning was created)
(node:25452) ExperimentalWarning: SQLite is an experimental feature and might change at any time
(node:6500) ExperimentalWarning: SQLite is an experimental feature and might change at any time
(node:19288) [UNDICI-EHPA] Warning: EnvHttpProxyAgent is experimental, expect them to change at any time.
(Use `node --trace-warnings ...` to show where the warning was created)
 ✓ src/services/s04ExitCoordination.test.ts (11 tests) 1758ms
   ✓ S04 unified exit coordination > S04-T06 a crash at PREPARED, SUBMITTING or WORKING recovers with a stable identity  319ms
(node:23620) [UNDICI-EHPA] Warning: EnvHttpProxyAgent is experimental, expect them to change at any time.
(Use `node --trace-warnings ...` to show where the warning was created)
(node:19288) [UNDICI-EHPA] Warning: EnvHttpProxyAgent is experimental, expect them to change at any time.
(Use `node --trace-warnings ...` to show where the warning was created)
 ✓ src/services/eipService.test.ts (3 tests) 1456ms
   ✓ EIP 3.0 evidence gates > builds seven-timeframe evidence within a bounded prompt size  644ms
   ✓ EIP 3.0 evidence gates > fails closed for stale price but sanitizes stale derivatives as contextual evidence  432ms
   ✓ EIP 3.0 evidence gates > sanitizes stale partial derivatives before classifying exchange availability, while preserving fresh partial facts  379ms
(node:23620) ExperimentalWarning: SQLite is an experimental feature and might change at any time
(node:10828) [UNDICI-EHPA] Warning: EnvHttpProxyAgent is experimental, expect them to change at any time.
(Use `node --trace-warnings ...` to show where the warning was created)
(node:10828) ExperimentalWarning: SQLite is an experimental feature and might change at any time
 ✓ src/services/tradingQualityIntegration.test.ts (30 tests) 1222ms
(node:23780) [UNDICI-EHPA] Warning: EnvHttpProxyAgent is experimental, expect them to change at any time.
(Use `node --trace-warnings ...` to show where the warning was created)
 ✓ src/services/executionReadiness.test.ts (19 tests) 1434ms
   ✓ an armed trade intent spends no model on facts it cannot execute > blocks on stale private facts and resumes on the next tick without a restart  310ms
(node:8668) [UNDICI-EHPA] Warning: EnvHttpProxyAgent is experimental, expect them to change at any time.
(Use `node --trace-warnings ...` to show where the warning was created)
(node:23780) ExperimentalWarning: SQLite is an experimental feature and might change at any time
 ✓ src/config/portfolioRiskAuthorityStore.test.ts (6 tests) 952ms
(node:19100) [UNDICI-EHPA] Warning: EnvHttpProxyAgent is experimental, expect them to change at any time.
(Use `node --trace-warnings ...` to show where the warning was created)
(node:10828) [UNDICI-EHPA] Warning: EnvHttpProxyAgent is experimental, expect them to change at any time.
(Use `node --trace-warnings ...` to show where the warning was created)
(node:8668) ExperimentalWarning: SQLite is an experimental feature and might change at any time
(node:19100) ExperimentalWarning: SQLite is an experimental feature and might change at any time
(node:10828) [UNDICI-EHPA] Warning: EnvHttpProxyAgent is experimental, expect them to change at any time.
(Use `node --trace-warnings ...` to show where the warning was created)
(node:10828) [UNDICI-EHPA] Warning: EnvHttpProxyAgent is experimental, expect them to change at any time.
(Use `node --trace-warnings ...` to show where the warning was created)
 ✓ src/api/projections.test.ts (4 tests) 1350ms
   ✓ dashboard projections > schema-validates one server-side snapshot and redacts audit secrets  534ms
   ✓ projects the configured 5000+5000 wallet baseline separately from rolling local and exchange PnL  517ms
(node:23780) [UNDICI-EHPA] Warning: EnvHttpProxyAgent is experimental, expect them to change at any time.
(Use `node --trace-warnings ...` to show where the warning was created)
(node:10408) [UNDICI-EHPA] Warning: EnvHttpProxyAgent is experimental, expect them to change at any time.
(Use `node --trace-warnings ...` to show where the warning was created)
(node:23780) [UNDICI-EHPA] Warning: EnvHttpProxyAgent is experimental, expect them to change at any time.
(Use `node --trace-warnings ...` to show where the warning was created)
(node:10408) ExperimentalWarning: SQLite is an experimental feature and might change at any time
(node:23780) [UNDICI-EHPA] Warning: EnvHttpProxyAgent is experimental, expect them to change at any time.
(Use `node --trace-warnings ...` to show where the warning was created)
 ✓ src/runtime/restartRecovery.test.ts (2 tests) 1207ms
   ✓ persists recovered lot projections and their evidence before a second reopen  687ms
   ✓ runtime restart recovery > restores test-harness facts only through the explicit harness factory  519ms
(node:12356) [UNDICI-EHPA] Warning: EnvHttpProxyAgent is experimental, expect them to change at any time.
(Use `node --trace-warnings ...` to show where the warning was created)
 ✓ src/services/ownershipS02Acceptance.test.ts (11 tests) 1466ms
(node:12356) ExperimentalWarning: SQLite is an experimental feature and might change at any time
(node:26320) [UNDICI-EHPA] Warning: EnvHttpProxyAgent is experimental, expect them to change at any time.
(Use `node --trace-warnings ...` to show where the warning was created)
 ✓ src/api/brainRunExecution.test.ts (4 tests) 1269ms
   ✓ V3.9.6 durable run -> execution result > RX-01 a natural PLACE that reaches the wire is journalled as 已挂单 with its whole lineage  414ms
   ✓ V3.9.6 durable run -> execution result > RX-02 a frozen TESTNET PLACE reaches the wire even when recent-trade reachability is absent  370ms
(node:26460) [UNDICI-EHPA] Warning: EnvHttpProxyAgent is experimental, expect them to change at any time.
(Use `node --trace-warnings ...` to show where the warning was created)
(node:26460) ExperimentalWarning: SQLite is an experimental feature and might change at any time
(node:26320) ExperimentalWarning: SQLite is an experimental feature and might change at any time
 ✓ src/services/tradingQualityCollectorSummary.test.ts (8 tests) 904ms
   ✓ keeps exact mutable fill evidence across a 30000-event burst and database reopen  495ms
(node:15316) [UNDICI-EHPA] Warning: EnvHttpProxyAgent is experimental, expect them to change at any time.
(Use `node --trace-warnings ...` to show where the warning was created)
(node:15316) ExperimentalWarning: SQLite is an experimental feature and might change at any time
 ✓ src/services/exitFactsAndFunding.test.ts (21 tests) 587ms
 ✓ src/services/j5SettingsGovernanceHostile.test.ts (24 tests) 710ms
(node:16276) [UNDICI-EHPA] Warning: EnvHttpProxyAgent is experimental, expect them to change at any time.
(Use `node --trace-warnings ...` to show where the warning was created)
(node:17744) [UNDICI-EHPA] Warning: EnvHttpProxyAgent is experimental, expect them to change at any time.
(Use `node --trace-warnings ...` to show where the warning was created)
(node:16276) ExperimentalWarning: SQLite is an experimental feature and might change at any time
 ✓ src/services/unknownProofHydration.test.ts (13 tests) 1123ms
(node:26500) [UNDICI-EHPA] Warning: EnvHttpProxyAgent is experimental, expect them to change at any time.
(Use `node --trace-warnings ...` to show where the warning was created)
 ✓ src/services/ownershipJournal.test.ts (11 tests) 984ms
(node:24972) [UNDICI-EHPA] Warning: EnvHttpProxyAgent is experimental, expect them to change at any time.
(Use `node --trace-warnings ...` to show where the warning was created)
(node:26500) ExperimentalWarning: SQLite is an experimental feature and might change at any time
 ✓ src/adapters/binance/BinanceTransportConnectionReuse.test.ts (5 tests) 536ms
(node:18388) [UNDICI-EHPA] Warning: EnvHttpProxyAgent is experimental, expect them to change at any time.
(Use `node --trace-warnings ...` to show where the warning was created)
(node:24972) ExperimentalWarning: SQLite is an experimental feature and might change at any time
 ✓ src/config/entryClaimStatsIndex.test.ts (4 tests) 722ms
(node:3900) [UNDICI-EHPA] Warning: EnvHttpProxyAgent is experimental, expect them to change at any time.
(Use `node --trace-warnings ...` to show where the warning was created)
(node:18388) ExperimentalWarning: SQLite is an experimental feature and might change at any time
 ✓ src/services/externalResearchService.test.ts (3 tests) 385ms
(node:2792) [UNDICI-EHPA] Warning: EnvHttpProxyAgent is experimental, expect them to change at any time.
(Use `node --trace-warnings ...` to show where the warning was created)
 ✓ src/state/reservationConvergence.test.ts (13 tests) 342ms
(node:9784) [UNDICI-EHPA] Warning: EnvHttpProxyAgent is experimental, expect them to change at any time.
(Use `node --trace-warnings ...` to show where the warning was created)
 ✓ src/services/s07ConsumerBoundary.test.ts (7 tests) 505ms
(node:9784) ExperimentalWarning: SQLite is an experimental feature and might change at any time
(node:4668) [UNDICI-EHPA] Warning: EnvHttpProxyAgent is experimental, expect them to change at any time.
(Use `node --trace-warnings ...` to show where the warning was created)
(node:18388) [UNDICI-EHPA] Warning: EnvHttpProxyAgent is experimental, expect them to change at any time.
(Use `node --trace-warnings ...` to show where the warning was created)
 ✓ src/runtime/tradeRecordAutoSync.test.ts (1 test) 335ms
   ✓ automatic TradeRecord rolling sync window > backfills the last seven days one day per pass, then stays incremental  334ms
(node:25188) [UNDICI-EHPA] Warning: EnvHttpProxyAgent is experimental, expect them to change at any time.
(Use `node --trace-warnings ...` to show where the warning was created)
(node:4668) ExperimentalWarning: SQLite is an experimental feature and might change at any time
 ✓ src/services/j3TradePlanHostile.test.ts (24 tests) 540ms
(node:25188) ExperimentalWarning: SQLite is an experimental feature and might change at any time
(node:24080) [UNDICI-EHPA] Warning: EnvHttpProxyAgent is experimental, expect them to change at any time.
(Use `node --trace-warnings ...` to show where the warning was created)
(node:9784) [UNDICI-EHPA] Warning: EnvHttpProxyAgent is experimental, expect them to change at any time.
(Use `node --trace-warnings ...` to show where the warning was created)
 ✓ src/services/eipResidentInspection.test.ts (1 test) 427ms
   ✓ resident EIP inspection > keeps a held contract available to read-only EIP inspection  426ms
(node:23384) [UNDICI-EHPA] Warning: EnvHttpProxyAgent is experimental, expect them to change at any time.
(Use `node --trace-warnings ...` to show where the warning was created)
(node:23384) ExperimentalWarning: SQLite is an experimental feature and might change at any time
(node:4668) [UNDICI-EHPA] Warning: EnvHttpProxyAgent is experimental, expect them to change at any time.
(Use `node --trace-warnings ...` to show where the warning was created)
 ✓ src/services/j1AiExitConsumer.test.ts (13 tests) 402ms
   ✓ J1 runtime consumer > binds the management deadline in the same turn as the fill and never re-fixes it  356ms
(node:25072) [UNDICI-EHPA] Warning: EnvHttpProxyAgent is experimental, expect them to change at any time.
(Use `node --trace-warnings ...` to show where the warning was created)
(node:25188) [UNDICI-EHPA] Warning: EnvHttpProxyAgent is experimental, expect them to change at any time.
(Use `node --trace-warnings ...` to show where the warning was created)
 ✓ src/services/positionNotionalSemantics.test.ts (4 tests) 418ms
   ✓ position notionalUsd semantics > normalises legacy persisted signed notionals so the dashboard snapshot still validates  407ms
 ✓ src/adapters/market/klineRecoverySimulation.test.ts (1 test) 450ms
   ✓ V3.9.5 mass 1m gap heals without a request storm > uses at most one klines request per symbol, reloads no snapshots and restores readiness  449ms
(node:21984) [UNDICI-EHPA] Warning: EnvHttpProxyAgent is experimental, expect them to change at any time.
(Use `node --trace-warnings ...` to show where the warning was created)
(node:13160) [UNDICI-EHPA] Warning: EnvHttpProxyAgent is experimental, expect them to change at any time.
(Use `node --trace-warnings ...` to show where the warning was created)
 ✓ src/config/exposureCapacityPolicyMigration.test.ts (3 tests) 419ms
(node:9984) [UNDICI-EHPA] Warning: EnvHttpProxyAgent is experimental, expect them to change at any time.
(Use `node --trace-warnings ...` to show where the warning was created)
(node:13160) ExperimentalWarning: SQLite is an experimental feature and might change at any time
(node:21984) ExperimentalWarning: SQLite is an experimental feature and might change at any time
 ✓ src/services/primaryCadenceDispatch.test.ts (6 tests) 353ms
(node:24216) [UNDICI-EHPA] Warning: EnvHttpProxyAgent is experimental, expect them to change at any time.
(Use `node --trace-warnings ...` to show where the warning was created)
 ✓ src/services/s05ConsumerBoundary.test.ts (4 tests) 293ms
(node:16268) [UNDICI-EHPA] Warning: EnvHttpProxyAgent is experimental, expect them to change at any time.
(Use `node --trace-warnings ...` to show where the warning was created)
(node:24216) ExperimentalWarning: SQLite is an experimental feature and might change at any time
(node:13160) [UNDICI-EHPA] Warning: EnvHttpProxyAgent is experimental, expect them to change at any time.
(Use `node --trace-warnings ...` to show where the warning was created)
 ✓ src/runtime/v393FrozenEntryRestart.test.ts (1 test) 398ms
   ✓ V3.9.3 frozen Entry authorization restart persistence > preserves AI side, quantityUnits, acceptable range and pre-AI envelope through SQLite and Engine restart  396ms
(node:16268) ExperimentalWarning: SQLite is an experimental feature and might change at any time
(node:21984) [UNDICI-EHPA] Warning: EnvHttpProxyAgent is experimental, expect them to change at any time.
(Use `node --trace-warnings ...` to show where the warning was created)
(node:2808) [UNDICI-EHPA] Warning: EnvHttpProxyAgent is experimental, expect them to change at any time.
(Use `node --trace-warnings ...` to show where the warning was created)
 ✓ src/api/assetDirectoryReview.test.ts (1 test) 458ms
   ✓ asset directory review API > keeps default preview read-only and only explicitly applies through governance CAS  457ms
(node:8908) [UNDICI-EHPA] Warning: EnvHttpProxyAgent is experimental, expect them to change at any time.
(Use `node --trace-warnings ...` to show where the warning was created)
(node:2808) ExperimentalWarning: SQLite is an experimental feature and might change at any time
(node:8908) ExperimentalWarning: SQLite is an experimental feature and might change at any time
(node:24216) [UNDICI-EHPA] Warning: EnvHttpProxyAgent is experimental, expect them to change at any time.
(Use `node --trace-warnings ...` to show where the warning was created)
 ✓ src/api/exchangeFillProjection.test.ts (1 test) 353ms
   ✓ exchange fill projection > does not raise a system attribution alert for an external Binance App fill  352ms
(node:16004) [UNDICI-EHPA] Warning: EnvHttpProxyAgent is experimental, expect them to change at any time.
(Use `node --trace-warnings ...` to show where the warning was created)
(node:16268) [UNDICI-EHPA] Warning: EnvHttpProxyAgent is experimental, expect them to change at any time.
(Use `node --trace-warnings ...` to show where the warning was created)
 ✓ src/api/positionCycleSnapshot.test.ts (1 test) 374ms
   ✓ publishes the position-cycle accounting facts through the snapshot schema  373ms
 ✓ src/services/j2PortfolioAdmissionHostile.test.ts (15 tests) 195ms
(node:23968) [UNDICI-EHPA] Warning: EnvHttpProxyAgent is experimental, expect them to change at any time.
(Use `node --trace-warnings ...` to show where the warning was created)
(node:3608) [UNDICI-EHPA] Warning: EnvHttpProxyAgent is experimental, expect them to change at any time.
(Use `node --trace-warnings ...` to show where the warning was created)
(node:2808) [UNDICI-EHPA] Warning: EnvHttpProxyAgent is experimental, expect them to change at any time.
(Use `node --trace-warnings ...` to show where the warning was created)
 ✓ src/runtime/riskPauseOverride.test.ts (1 test) 302ms
   ✓ Testnet risk-pause override > TESTNET records daily loss without pausing Entry, including restored state  301ms
(node:25260) [UNDICI-EHPA] Warning: EnvHttpProxyAgent is experimental, expect them to change at any time.
(Use `node --trace-warnings ...` to show where the warning was created)
 ✓ src/services/ownershipStorageCoverage.test.ts (6 tests) 213ms
(node:9052) [UNDICI-EHPA] Warning: EnvHttpProxyAgent is experimental, expect them to change at any time.
(Use `node --trace-warnings ...` to show where the warning was created)
(node:25260) ExperimentalWarning: SQLite is an experimental feature and might change at any time
 ✓ src/services/testnetFundsOnlyEntry.test.ts (11 tests) 229ms
(node:24208) [UNDICI-EHPA] Warning: EnvHttpProxyAgent is experimental, expect them to change at any time.
(Use `node --trace-warnings ...` to show where the warning was created)
 ✓ src/services/preAiPlanFeasibility.test.ts (9 tests) 209ms
 ✓ src/services/ownershipRuntime.test.ts (5 tests) 225ms
(node:19592) [UNDICI-EHPA] Warning: EnvHttpProxyAgent is experimental, expect them to change at any time.
(Use `node --trace-warnings ...` to show where the warning was created)
(node:17560) [UNDICI-EHPA] Warning: EnvHttpProxyAgent is experimental, expect them to change at any time.
(Use `node --trace-warnings ...` to show where the warning was created)
(node:17560) ExperimentalWarning: SQLite is an experimental feature and might change at any time
(node:24208) ExperimentalWarning: SQLite is an experimental feature and might change at any time
(node:17560) [UNDICI-EHPA] Warning: EnvHttpProxyAgent is experimental, expect them to change at any time.
(Use `node --trace-warnings ...` to show where the warning was created)
(node:17560) ExperimentalWarning: SQLite is an experimental feature and might change at any time
 ✓ src/services/s03ExitCostPolicy.test.ts (21 tests) 211ms
(node:17560) [UNDICI-EHPA] Warning: EnvHttpProxyAgent is experimental, expect them to change at any time.
(Use `node --trace-warnings ...` to show where the warning was created)
 ✓ src/api/runtimeSettingsResources.test.ts (18 tests) 224ms
(node:17560) ExperimentalWarning: SQLite is an experimental feature and might change at any time
 ✓ src/services/storageCapacityGuard.test.ts (5 tests) 195ms
(node:7024) [UNDICI-EHPA] Warning: EnvHttpProxyAgent is experimental, expect them to change at any time.
(Use `node --trace-warnings ...` to show where the warning was created)
(node:6516) [UNDICI-EHPA] Warning: EnvHttpProxyAgent is experimental, expect them to change at any time.
(Use `node --trace-warnings ...` to show where the warning was created)
(node:17596) [UNDICI-EHPA] Warning: EnvHttpProxyAgent is experimental, expect them to change at any time.
(Use `node --trace-warnings ...` to show where the warning was created)
(node:6516) ExperimentalWarning: SQLite is an experimental feature and might change at any time
(node:17596) ExperimentalWarning: SQLite is an experimental feature and might change at any time
 ✓ src/services/testnetRiskAuthority.test.ts (34 tests) 227ms
(node:17596) [UNDICI-EHPA] Warning: EnvHttpProxyAgent is experimental, expect them to change at any time.
(Use `node --trace-warnings ...` to show where the warning was created)
 ✓ src/services/ownershipScopeIdentity.test.ts (3 tests) 174ms
(node:25288) [UNDICI-EHPA] Warning: EnvHttpProxyAgent is experimental, expect them to change at any time.
(Use `node --trace-warnings ...` to show where the warning was created)
(node:17596) ExperimentalWarning: SQLite is an experimental feature and might change at any time
(node:24268) [UNDICI-EHPA] Warning: EnvHttpProxyAgent is experimental, expect them to change at any time.
(Use `node --trace-warnings ...` to show where the warning was created)
 ✓ src/services/tradingQualityObserverWorker.test.ts (1 test) 170ms
(node:22756) [UNDICI-EHPA] Warning: EnvHttpProxyAgent is experimental, expect them to change at any time.
(Use `node --trace-warnings ...` to show where the warning was created)
 ✓ src/services/grossRiskCapacityVisibility.test.ts (16 tests) 174ms
(node:25500) [UNDICI-EHPA] Warning: EnvHttpProxyAgent is experimental, expect them to change at any time.
(Use `node --trace-warnings ...` to show where the warning was created)
(node:25288) ExperimentalWarning: SQLite is an experimental feature and might change at any time
(node:24268) ExperimentalWarning: SQLite is an experimental feature and might change at any time
 ✓ src/adapters/market/BinanceMarketStream.test.ts (17 tests) 154ms
 ✓ src/config/assetAdmissionIntegration.test.ts (1 test) 146ms
 ✓ src/services/manualPositionService.test.ts (21 tests) 176ms
(node:26160) [UNDICI-EHPA] Warning: EnvHttpProxyAgent is experimental, expect them to change at any time.
(Use `node --trace-warnings ...` to show where the warning was created)
(node:19576) [UNDICI-EHPA] Warning: EnvHttpProxyAgent is experimental, expect them to change at any time.
(Use `node --trace-warnings ...` to show where the warning was created)
(node:20960) [UNDICI-EHPA] Warning: EnvHttpProxyAgent is experimental, expect them to change at any time.
(Use `node --trace-warnings ...` to show where the warning was created)
 ✓ src/services/preAiExecutableSides.test.ts (12 tests) 137ms
(node:17656) [UNDICI-EHPA] Warning: EnvHttpProxyAgent is experimental, expect them to change at any time.
(Use `node --trace-warnings ...` to show where the warning was created)
 ✓ src/adapters/binance/requestBudget.test.ts (26 tests) 92ms
(node:24560) [UNDICI-EHPA] Warning: EnvHttpProxyAgent is experimental, expect them to change at any time.
(Use `node --trace-warnings ...` to show where the warning was created)
 ✓ src/adapters/market/BinancePublicMarketDataProvider.test.ts (13 tests) 104ms
(node:9688) [UNDICI-EHPA] Warning: EnvHttpProxyAgent is experimental, expect them to change at any time.
(Use `node --trace-warnings ...` to show where the warning was created)
 ✓ src/services/sideNeutralEntryAuthorization.test.ts (4 tests) 135ms
(node:23620) [UNDICI-EHPA] Warning: EnvHttpProxyAgent is experimental, expect them to change at any time.
(Use `node --trace-warnings ...` to show where the warning was created)
(node:17656) ExperimentalWarning: SQLite is an experimental feature and might change at any time
 ✓ src/services/tradingQualityHistoryIsolation.test.ts (4 tests) 123ms
 ✓ src/services/targetHorizonContract.test.ts (4 tests) 123ms
(node:13612) [UNDICI-EHPA] Warning: EnvHttpProxyAgent is experimental, expect them to change at any time.
(Use `node --trace-warnings ...` to show where the warning was created)
(node:9940) [UNDICI-EHPA] Warning: EnvHttpProxyAgent is experimental, expect them to change at any time.
(Use `node --trace-warnings ...` to show where the warning was created)
 ✓ src/services/placeToSubmitCapacityTruth.test.ts (23 tests) 77ms
(node:23620) ExperimentalWarning: SQLite is an experimental feature and might change at any time
(node:24588) [UNDICI-EHPA] Warning: EnvHttpProxyAgent is experimental, expect them to change at any time.
(Use `node --trace-warnings ...` to show where the warning was created)
(node:9940) ExperimentalWarning: SQLite is an experimental feature and might change at any time
 ✓ src/services/unknownRiskAuditTiering.test.ts (22 tests) 80ms
 ✓ src/services/finalActivation.test.ts (13 tests) 76ms
 ✓ src/services/tpGuardianCrossedTruth.test.ts (11 tests) 76ms
(node:26432) [UNDICI-EHPA] Warning: EnvHttpProxyAgent is experimental, expect them to change at any time.
(Use `node --trace-warnings ...` to show where the warning was created)
(node:9672) [UNDICI-EHPA] Warning: EnvHttpProxyAgent is experimental, expect them to change at any time.
(Use `node --trace-warnings ...` to show where the warning was created)
(node:3656) [UNDICI-EHPA] Warning: EnvHttpProxyAgent is experimental, expect them to change at any time.
(Use `node --trace-warnings ...` to show where the warning was created)
 ✓ src/services/runtimeControlService.test.ts (13 tests) 82ms
(node:25676) [UNDICI-EHPA] Warning: EnvHttpProxyAgent is experimental, expect them to change at any time.
(Use `node --trace-warnings ...` to show where the warning was created)
(node:26432) ExperimentalWarning: SQLite is an experimental feature and might change at any time
 ✓ src/services/reconciliationUnknownRisk.test.ts (11 tests) 47ms
 ✓ src/services/tpGuardianEconomics.test.ts (16 tests) 68ms
(node:19616) [UNDICI-EHPA] Warning: EnvHttpProxyAgent is experimental, expect them to change at any time.
(Use `node --trace-warnings ...` to show where the warning was created)
(node:24116) [UNDICI-EHPA] Warning: EnvHttpProxyAgent is experimental, expect them to change at any time.
(Use `node --trace-warnings ...` to show where the warning was created)
 ✓ src/services/primaryCandidateChoice.test.ts (19 tests) 56ms
(node:25676) ExperimentalWarning: SQLite is an experimental feature and might change at any time
(node:7416) [UNDICI-EHPA] Warning: EnvHttpProxyAgent is experimental, expect them to change at any time.
(Use `node --trace-warnings ...` to show where the warning was created)
 ✓ src/services/tpSubmissionOutcome.test.ts (10 tests) 47ms
(node:19616) ExperimentalWarning: SQLite is an experimental feature and might change at any time
(node:24116) ExperimentalWarning: SQLite is an experimental feature and might change at any time
(node:22860) [UNDICI-EHPA] Warning: EnvHttpProxyAgent is experimental, expect them to change at any time.
(Use `node --trace-warnings ...` to show where the warning was created)
 ✓ src/services/j1ExitTruthHostile.test.ts (10 tests) 54ms
 ✓ src/services/collectorRecovery.test.ts (1 test) 46ms
(node:16828) [UNDICI-EHPA] Warning: EnvHttpProxyAgent is experimental, expect them to change at any time.
(Use `node --trace-warnings ...` to show where the warning was created)
 ✓ src/services/positionCycleLotAccounting.test.ts (29 tests) 51ms
(node:19028) [UNDICI-EHPA] Warning: EnvHttpProxyAgent is experimental, expect them to change at any time.
(Use `node --trace-warnings ...` to show where the warning was created)
(node:18028) [UNDICI-EHPA] Warning: EnvHttpProxyAgent is experimental, expect them to change at any time.
(Use `node --trace-warnings ...` to show where the warning was created)
 ✓ src/services/entryLeverageFacts.test.ts (10 tests) 43ms
(node:24572) [UNDICI-EHPA] Warning: EnvHttpProxyAgent is experimental, expect them to change at any time.
(Use `node --trace-warnings ...` to show where the warning was created)
 ✓ src/adapters/binance/BinanceTransport.test.ts (49 tests) 44ms
 ✓ src/services/unknownNoActiveRiskProofRenewal.test.ts (9 tests) 49ms
(node:25004) [UNDICI-EHPA] Warning: EnvHttpProxyAgent is experimental, expect them to change at any time.
(Use `node --trace-warnings ...` to show where the warning was created)
(node:14804) [UNDICI-EHPA] Warning: EnvHttpProxyAgent is experimental, expect them to change at any time.
(Use `node --trace-warnings ...` to show where the warning was created)
 ✓ src/services/reconciliationService.test.ts (21 tests) 39ms
(node:21696) [UNDICI-EHPA] Warning: EnvHttpProxyAgent is experimental, expect them to change at any time.
(Use `node --trace-warnings ...` to show where the warning was created)
 ✓ src/services/cycleAccounting.test.ts (16 tests) 47ms
(node:21696) ExperimentalWarning: SQLite is an experimental feature and might change at any time
(node:26120) [UNDICI-EHPA] Warning: EnvHttpProxyAgent is experimental, expect them to change at any time.
(Use `node --trace-warnings ...` to show where the warning was created)
 ✓ src/services/capitalCapacityModel.test.ts (12 tests) 36ms
 ✓ src/services/reconciliationRequestBudget.test.ts (3 tests) 29ms
(node:22436) [UNDICI-EHPA] Warning: EnvHttpProxyAgent is experimental, expect them to change at any time.
(Use `node --trace-warnings ...` to show where the warning was created)
 ✓ src/services/tradeLearningP0.test.ts (25 tests) 37ms
(node:4216) [UNDICI-EHPA] Warning: EnvHttpProxyAgent is experimental, expect them to change at any time.
(Use `node --trace-warnings ...` to show where the warning was created)
(node:26120) ExperimentalWarning: SQLite is an experimental feature and might change at any time
 ✓ src/services/runtimeWriteBuffer.test.ts (1 test) 32ms
(node:14664) [UNDICI-EHPA] Warning: EnvHttpProxyAgent is experimental, expect them to change at any time.
(Use `node --trace-warnings ...` to show where the warning was created)
(node:25816) [UNDICI-EHPA] Warning: EnvHttpProxyAgent is experimental, expect them to change at any time.
(Use `node --trace-warnings ...` to show where the warning was created)
 ✓ src/services/s05PortfolioTailRisk.test.ts (76 tests) 41ms
(node:14664) ExperimentalWarning: SQLite is an experimental feature and might change at any time
 ✓ src/config/noAddOriginLedger.test.ts (2 tests) 36ms
(node:13604) [UNDICI-EHPA] Warning: EnvHttpProxyAgent is experimental, expect them to change at any time.
(Use `node --trace-warnings ...` to show where the warning was created)
(node:5360) [UNDICI-EHPA] Warning: EnvHttpProxyAgent is experimental, expect them to change at any time.
(Use `node --trace-warnings ...` to show where the warning was created)
 ✓ src/services/remoteFactAuditIntegration.test.ts (7 tests) 41ms
 ✓ src/services/v397FrozenSizing.test.ts (6 tests) 34ms
(node:26040) [UNDICI-EHPA] Warning: EnvHttpProxyAgent is experimental, expect them to change at any time.
(Use `node --trace-warnings ...` to show where the warning was created)
(node:17644) [UNDICI-EHPA] Warning: EnvHttpProxyAgent is experimental, expect them to change at any time.
(Use `node --trace-warnings ...` to show where the warning was created)
 ✓ src/services/v398RiskQuantityBounds.test.ts (5 tests) 39ms
 ✓ src/services/reconciliationCoverageContract.test.ts (6 tests) 29ms
(node:23016) [UNDICI-EHPA] Warning: EnvHttpProxyAgent is experimental, expect them to change at any time.
(Use `node --trace-warnings ...` to show where the warning was created)
(node:19012) [UNDICI-EHPA] Warning: EnvHttpProxyAgent is experimental, expect them to change at any time.
(Use `node --trace-warnings ...` to show where the warning was created)
(node:26040) ExperimentalWarning: SQLite is an experimental feature and might change at any time
 ✓ src/services/tpTerminalProjection.test.ts (5 tests) 26ms
 ✓ src/services/pendingRiskOccupancyConvergence.test.ts (11 tests) 27ms
(node:14156) [UNDICI-EHPA] Warning: EnvHttpProxyAgent is experimental, expect them to change at any time.
(Use `node --trace-warnings ...` to show where the warning was created)
(node:26548) [UNDICI-EHPA] Warning: EnvHttpProxyAgent is experimental, expect them to change at any time.
(Use `node --trace-warnings ...` to show where the warning was created)
 ✓ src/adapters/exchange/ExternalTradeAdapterPrivateLoad.test.ts (9 tests) 36ms
 ✓ src/services/operationalLogger.test.ts (2 tests) 33ms
(node:24616) [UNDICI-EHPA] Warning: EnvHttpProxyAgent is experimental, expect them to change at any time.
(Use `node --trace-warnings ...` to show where the warning was created)
(node:23640) [UNDICI-EHPA] Warning: EnvHttpProxyAgent is experimental, expect them to change at any time.
(Use `node --trace-warnings ...` to show where the warning was created)
 ✓ src/adapters/exchange/ExternalTradeAdapterFunding.test.ts (6 tests) 29ms
(node:14912) [UNDICI-EHPA] Warning: EnvHttpProxyAgent is experimental, expect them to change at any time.
(Use `node --trace-warnings ...` to show where the warning was created)
 ✓ src/services/s09ReplayStressHostile.test.ts (22 tests) 31ms
 ✓ src/services/reconciliationFanout.test.ts (7 tests) 32ms
(node:17580) [UNDICI-EHPA] Warning: EnvHttpProxyAgent is experimental, expect them to change at any time.
(Use `node --trace-warnings ...` to show where the warning was created)
(node:13396) [UNDICI-EHPA] Warning: EnvHttpProxyAgent is experimental, expect them to change at any time.
(Use `node --trace-warnings ...` to show where the warning was created)
 ✓ src/services/v370Decision.test.ts (7 tests) 25ms
 ✓ src/services/s05ConvergenceHostile.test.ts (8 tests) 16ms
(node:7780) [UNDICI-EHPA] Warning: EnvHttpProxyAgent is experimental, expect them to change at any time.
(Use `node --trace-warnings ...` to show where the warning was created)
(node:22088) [UNDICI-EHPA] Warning: EnvHttpProxyAgent is experimental, expect them to change at any time.
(Use `node --trace-warnings ...` to show where the warning was created)
 ✓ src/services/positionRiskV3Facts.test.ts (17 tests) 28ms
(node:13396) ExperimentalWarning: SQLite is an experimental feature and might change at any time
(node:17388) [UNDICI-EHPA] Warning: EnvHttpProxyAgent is experimental, expect them to change at any time.
(Use `node --trace-warnings ...` to show where the warning was created)
 ✓ src/services/tpPositionFactTruth.test.ts (4 tests) 30ms
(node:5572) [UNDICI-EHPA] Warning: EnvHttpProxyAgent is experimental, expect them to change at any time.
(Use `node --trace-warnings ...` to show where the warning was created)
 ✓ src/services/positionLeverageV3.test.ts (6 tests) 22ms
 ✓ src/services/entryPermissionModel.test.ts (14 tests) 28ms
(node:11824) [UNDICI-EHPA] Warning: EnvHttpProxyAgent is experimental, expect them to change at any time.
(Use `node --trace-warnings ...` to show where the warning was created)
(node:15396) [UNDICI-EHPA] Warning: EnvHttpProxyAgent is experimental, expect them to change at any time.
(Use `node --trace-warnings ...` to show where the warning was created)
 ✓ src/services/aiFabricResourceState.test.ts (5 tests) 26ms
(node:11824) ExperimentalWarning: SQLite is an experimental feature and might change at any time
(node:5572) ExperimentalWarning: SQLite is an experimental feature and might change at any time
(node:23136) [UNDICI-EHPA] Warning: EnvHttpProxyAgent is experimental, expect them to change at any time.
(Use `node --trace-warnings ...` to show where the warning was created)
 ✓ src/services/tpUnknownRecovery.test.ts (4 tests) 29ms
 ✓ src/adapters/exchange/ExternalTradeAdapter.test.ts (19 tests) 22ms
 ✓ src/services/tradingQualityV393EvidenceStore.test.ts (5 tests) 16ms
(node:3652) [UNDICI-EHPA] Warning: EnvHttpProxyAgent is experimental, expect them to change at any time.
(Use `node --trace-warnings ...` to show where the warning was created)
(node:24380) [UNDICI-EHPA] Warning: EnvHttpProxyAgent is experimental, expect them to change at any time.
(Use `node --trace-warnings ...` to show where the warning was created)
(node:25572) [UNDICI-EHPA] Warning: EnvHttpProxyAgent is experimental, expect them to change at any time.
(Use `node --trace-warnings ...` to show where the warning was created)
 ✓ src/services/liveValidationObservation.test.ts (2 tests) 19ms
 ✓ src/services/runExecutionOutcome.test.ts (20 tests) 24ms
(node:25680) [UNDICI-EHPA] Warning: EnvHttpProxyAgent is experimental, expect them to change at any time.
(Use `node --trace-warnings ...` to show where the warning was created)
 ✓ src/services/tradingLoopRepair.test.ts (24 tests) 23ms
(node:8524) [UNDICI-EHPA] Warning: EnvHttpProxyAgent is experimental, expect them to change at any time.
(Use `node --trace-warnings ...` to show where the warning was created)
 ✓ src/services/entryFundingUniverse.test.ts (11 tests) 22ms
(node:24008) [UNDICI-EHPA] Warning: EnvHttpProxyAgent is experimental, expect them to change at any time.
(Use `node --trace-warnings ...` to show where the warning was created)
(node:16520) [UNDICI-EHPA] Warning: EnvHttpProxyAgent is experimental, expect them to change at any time.
(Use `node --trace-warnings ...` to show where the warning was created)
 ✓ src/adapters/ai/promptBudget.test.ts (4 tests) 19ms
(node:25680) ExperimentalWarning: SQLite is an experimental feature and might change at any time
 ✓ src/services/unknownProofValidation.test.ts (47 tests) 14ms
(node:11324) [UNDICI-EHPA] Warning: EnvHttpProxyAgent is experimental, expect them to change at any time.
(Use `node --trace-warnings ...` to show where the warning was created)
(node:1756) [UNDICI-EHPA] Warning: EnvHttpProxyAgent is experimental, expect them to change at any time.
(Use `node --trace-warnings ...` to show where the warning was created)
 ✓ src/adapters/exchange/ExternalTradeAdapterTiming.test.ts (17 tests) 16ms
 ✓ src/services/primaryPositionContext.test.ts (1 test) 19ms
(node:22744) [UNDICI-EHPA] Warning: EnvHttpProxyAgent is experimental, expect them to change at any time.
(Use `node --trace-warnings ...` to show where the warning was created)
 ✓ src/runtime/userPositionFacts.test.ts (4 tests) 22ms
(node:12548) [UNDICI-EHPA] Warning: EnvHttpProxyAgent is experimental, expect them to change at any time.
(Use `node --trace-warnings ...` to show where the warning was created)
 ✓ src/services/tradeRecordSyncService.test.ts (10 tests) 19ms
(node:26348) [UNDICI-EHPA] Warning: EnvHttpProxyAgent is experimental, expect them to change at any time.
(Use `node --trace-warnings ...` to show where the warning was created)
(node:24820) [UNDICI-EHPA] Warning: EnvHttpProxyAgent is experimental, expect them to change at any time.
(Use `node --trace-warnings ...` to show where the warning was created)
 ✓ src/services/externalIntelligenceService.test.ts (5 tests) 14ms
 ✓ src/services/v396AuditFollowup.test.ts (8 tests) 16ms
(node:24440) [UNDICI-EHPA] Warning: EnvHttpProxyAgent is experimental, expect them to change at any time.
(Use `node --trace-warnings ...` to show where the warning was created)
(node:12504) [UNDICI-EHPA] Warning: EnvHttpProxyAgent is experimental, expect them to change at any time.
(Use `node --trace-warnings ...` to show where the warning was created)
 ✓ src/runtime/processLifecycleTelemetry.test.ts (3 tests) 16ms
(node:20992) [UNDICI-EHPA] Warning: EnvHttpProxyAgent is experimental, expect them to change at any time.
(Use `node --trace-warnings ...` to show where the warning was created)
 ✓ src/services/preflightFeasibility.test.ts (6 tests) 17ms
 ✓ src/services/v396OfflineStages.test.ts (11 tests) 19ms
(node:23888) [UNDICI-EHPA] Warning: EnvHttpProxyAgent is experimental, expect them to change at any time.
(Use `node --trace-warnings ...` to show where the warning was created)
 ✓ src/services/v396AuditBoundaries.test.ts (23 tests) 21ms
(node:21516) [UNDICI-EHPA] Warning: EnvHttpProxyAgent is experimental, expect them to change at any time.
(Use `node --trace-warnings ...` to show where the warning was created)
(node:26612) [UNDICI-EHPA] Warning: EnvHttpProxyAgent is experimental, expect them to change at any time.
(Use `node --trace-warnings ...` to show where the warning was created)
 ✓ src/adapters/market/klineContinuity.test.ts (11 tests) 17ms
 ✓ src/services/marketCohort.test.ts (12 tests) 14ms
(node:21940) [UNDICI-EHPA] Warning: EnvHttpProxyAgent is experimental, expect them to change at any time.
(Use `node --trace-warnings ...` to show where the warning was created)
 ✓ src/services/executableRiskHeadroom.test.ts (6 tests) 15ms
(node:4304) [UNDICI-EHPA] Warning: EnvHttpProxyAgent is experimental, expect them to change at any time.
(Use `node --trace-warnings ...` to show where the warning was created)
 ✓ src/services/finalRiskConvergence.test.ts (5 tests) 14ms
(node:19100) [UNDICI-EHPA] Warning: EnvHttpProxyAgent is experimental, expect them to change at any time.
(Use `node --trace-warnings ...` to show where the warning was created)
(node:8776) [UNDICI-EHPA] Warning: EnvHttpProxyAgent is experimental, expect them to change at any time.
(Use `node --trace-warnings ...` to show where the warning was created)
 ✓ src/services/candidateSupplyHealth.test.ts (3 tests) 13ms
 ✓ src/services/operationalIncidents.test.ts (20 tests) 15ms
 ✓ src/services/marketDataHub.test.ts (11 tests) 15ms
(node:25676) [UNDICI-EHPA] Warning: EnvHttpProxyAgent is experimental, expect them to change at any time.
(Use `node --trace-warnings ...` to show where the warning was created)
(node:5728) [UNDICI-EHPA] Warning: EnvHttpProxyAgent is experimental, expect them to change at any time.
(Use `node --trace-warnings ...` to show where the warning was created)
(node:9564) [UNDICI-EHPA] Warning: EnvHttpProxyAgent is experimental, expect them to change at any time.
(Use `node --trace-warnings ...` to show where the warning was created)
 ✓ src/services/marketDataHubSlowFields.test.ts (4 tests) 11ms
(node:7416) [UNDICI-EHPA] Warning: EnvHttpProxyAgent is experimental, expect them to change at any time.
(Use `node --trace-warnings ...` to show where the warning was created)
 ✓ src/services/productionAssetResearch.test.ts (6 tests) 13ms
(node:14168) [UNDICI-EHPA] Warning: EnvHttpProxyAgent is experimental, expect them to change at any time.
(Use `node --trace-warnings ...` to show where the warning was created)
 ✓ src/adapters/market/klineTargetedRepair.test.ts (8 tests) 16ms
 ✓ src/services/tradeRecordIntegrity.test.ts (5 tests) 10ms
(node:14832) [UNDICI-EHPA] Warning: EnvHttpProxyAgent is experimental, expect them to change at any time.
(Use `node --trace-warnings ...` to show where the warning was created)
(node:23588) [UNDICI-EHPA] Warning: EnvHttpProxyAgent is experimental, expect them to change at any time.
(Use `node --trace-warnings ...` to show where the warning was created)
 ✓ src/adapters/binance/requestBudgetAnomaly.test.ts (1 test) 11ms
 ✓ src/services/positionLifecycleIntegrity.test.ts (3 tests) 16ms
(node:22656) [UNDICI-EHPA] Warning: EnvHttpProxyAgent is experimental, expect them to change at any time.
(Use `node --trace-warnings ...` to show where the warning was created)
(node:19684) [UNDICI-EHPA] Warning: EnvHttpProxyAgent is experimental, expect them to change at any time.
(Use `node --trace-warnings ...` to show where the warning was created)
 ✓ src/adapters/binance/requestBudgetPrivateTruth.test.ts (3 tests) 14ms
 ✓ src/config/aiResourceLoader.test.ts (1 test) 8ms
(node:9280) [UNDICI-EHPA] Warning: EnvHttpProxyAgent is experimental, expect them to change at any time.
(Use `node --trace-warnings ...` to show where the warning was created)
(node:23712) [UNDICI-EHPA] Warning: EnvHttpProxyAgent is experimental, expect them to change at any time.
(Use `node --trace-warnings ...` to show where the warning was created)
 ✓ src/services/lossHandoff.test.ts (4 tests) 8ms
 ✓ src/services/tradingEpisodeEvidence.test.ts (10 tests) 11ms
 ✓ src/services/privateAccountSync.test.ts (5 tests) 12ms
(node:21280) [UNDICI-EHPA] Warning: EnvHttpProxyAgent is experimental, expect them to change at any time.
(Use `node --trace-warnings ...` to show where the warning was created)
(node:10856) [UNDICI-EHPA] Warning: EnvHttpProxyAgent is experimental, expect them to change at any time.
(Use `node --trace-warnings ...` to show where the warning was created)
(node:22812) [UNDICI-EHPA] Warning: EnvHttpProxyAgent is experimental, expect them to change at any time.
(Use `node --trace-warnings ...` to show where the warning was created)
 ✓ src/services/remoteFactAuditPolicy.test.ts (7 tests) 9ms
(node:19984) [UNDICI-EHPA] Warning: EnvHttpProxyAgent is experimental, expect them to change at any time.
(Use `node --trace-warnings ...` to show where the warning was created)
 ✓ src/adapters/binance/requestBudgetProxyTruth.test.ts (1 test) 10ms
(node:4216) [UNDICI-EHPA] Warning: EnvHttpProxyAgent is experimental, expect them to change at any time.
(Use `node --trace-warnings ...` to show where the warning was created)
 ✓ src/services/tradingQualityEligibility.test.ts (7 tests) 8ms
 ✓ src/services/temporalAlgorithms.test.ts (11 tests) 10ms
(node:25816) [UNDICI-EHPA] Warning: EnvHttpProxyAgent is experimental, expect them to change at any time.
(Use `node --trace-warnings ...` to show where the warning was created)
(node:23124) [UNDICI-EHPA] Warning: EnvHttpProxyAgent is experimental, expect them to change at any time.
(Use `node --trace-warnings ...` to show where the warning was created)
 ✓ src/services/positionService.test.ts (3 tests) 14ms
(node:11952) [UNDICI-EHPA] Warning: EnvHttpProxyAgent is experimental, expect them to change at any time.
(Use `node --trace-warnings ...` to show where the warning was created)
 ✓ src/services/positionReviewSchedulerReviewOnly.test.ts (3 tests) 8ms
 ✓ src/services/tradeRecordReadModel.test.ts (7 tests) 10ms
(node:17732) [UNDICI-EHPA] Warning: EnvHttpProxyAgent is experimental, expect them to change at any time.
(Use `node --trace-warnings ...` to show where the warning was created)
(node:23980) [UNDICI-EHPA] Warning: EnvHttpProxyAgent is experimental, expect them to change at any time.
(Use `node --trace-warnings ...` to show where the warning was created)
 ✓ src/state/runtimeState.test.ts (7 tests) 11ms
 ✓ src/services/existingPositionContext.test.ts (8 tests) 8ms
(node:15624) [UNDICI-EHPA] Warning: EnvHttpProxyAgent is experimental, expect them to change at any time.
(Use `node --trace-warnings ...` to show where the warning was created)
 ✓ src/services/pipelineVerdict.test.ts (14 tests) 11ms
(node:24928) [UNDICI-EHPA] Warning: EnvHttpProxyAgent is experimental, expect them to change at any time.
(Use `node --trace-warnings ...` to show where the warning was created)
 ✓ src/services/tradingQualityV393.test.ts (10 tests) 12ms
(node:13808) [UNDICI-EHPA] Warning: EnvHttpProxyAgent is experimental, expect them to change at any time.
(Use `node --trace-warnings ...` to show where the warning was created)
 ✓ src/adapters/ai/OpenAiCompatibleClient.test.ts (1 test) 10ms
(node:17340) [UNDICI-EHPA] Warning: EnvHttpProxyAgent is experimental, expect them to change at any time.
(Use `node --trace-warnings ...` to show where the warning was created)
(node:24776) [UNDICI-EHPA] Warning: EnvHttpProxyAgent is experimental, expect them to change at any time.
(Use `node --trace-warnings ...` to show where the warning was created)
 ✓ src/services/assetGovernanceCoordinator.test.ts (6 tests) 10ms
 ✓ src/services/productionReadOnlyPreflight.test.ts (4 tests) 10ms
 ✓ src/services/entryStartupPolicy.test.ts (1 test) 10ms
(node:6496) [UNDICI-EHPA] Warning: EnvHttpProxyAgent is experimental, expect them to change at any time.
(Use `node --trace-warnings ...` to show where the warning was created)
(node:21796) [UNDICI-EHPA] Warning: EnvHttpProxyAgent is experimental, expect them to change at any time.
(Use `node --trace-warnings ...` to show where the warning was created)
(node:17488) [UNDICI-EHPA] Warning: EnvHttpProxyAgent is experimental, expect them to change at any time.
(Use `node --trace-warnings ...` to show where the warning was created)
 ✓ src/adapters/binance/BinanceUserDataStream.test.ts (2 tests) 7ms
(node:24992) [UNDICI-EHPA] Warning: EnvHttpProxyAgent is experimental, expect them to change at any time.
(Use `node --trace-warnings ...` to show where the warning was created)
 ✓ src/services/s01TruthAccountingObservability.test.ts (5 tests) 5ms
 ✓ src/services/entryCapacityTrace.test.ts (12 tests) 13ms
 ✓ src/services/directionPolicyService.test.ts (1 test) 12ms
(node:24556) [UNDICI-EHPA] Warning: EnvHttpProxyAgent is experimental, expect them to change at any time.
(Use `node --trace-warnings ...` to show where the warning was created)
 ✓ src/adapters/exchange/historyWindow.test.ts (5 tests) 12ms
(node:13616) [UNDICI-EHPA] Warning: EnvHttpProxyAgent is experimental, expect them to change at any time.
(Use `node --trace-warnings ...` to show where the warning was created)
(node:13072) [UNDICI-EHPA] Warning: EnvHttpProxyAgent is experimental, expect them to change at any time.
(Use `node --trace-warnings ...` to show where the warning was created)
(node:22660) [UNDICI-EHPA] Warning: EnvHttpProxyAgent is experimental, expect them to change at any time.
(Use `node --trace-warnings ...` to show where the warning was created)
 ✓ src/services/externalResearchQuality.test.ts (2 tests) 5ms
 ✓ src/api/executionTruthSplit.test.ts (6 tests) 8ms
(node:16020) [UNDICI-EHPA] Warning: EnvHttpProxyAgent is experimental, expect them to change at any time.
(Use `node --trace-warnings ...` to show where the warning was created)
 ✓ src/services/aiQuantityAllocation.test.ts (6 tests) 7ms
(node:22848) [UNDICI-EHPA] Warning: EnvHttpProxyAgent is experimental, expect them to change at any time.
(Use `node --trace-warnings ...` to show where the warning was created)
 ✓ src/services/nearMarketPrice.test.ts (4 tests) 7ms
(node:3696) [UNDICI-EHPA] Warning: EnvHttpProxyAgent is experimental, expect them to change at any time.
(Use `node --trace-warnings ...` to show where the warning was created)
 ✓ src/services/frozenChoiceTelemetry.test.ts (6 tests) 9ms
(node:19120) [UNDICI-EHPA] Warning: EnvHttpProxyAgent is experimental, expect them to change at any time.
(Use `node --trace-warnings ...` to show where the warning was created)
(node:14888) [UNDICI-EHPA] Warning: EnvHttpProxyAgent is experimental, expect them to change at any time.
(Use `node --trace-warnings ...` to show where the warning was created)
 ✓ src/services/marketDataStaleness.test.ts (10 tests) 6ms
 ✓ src/services/economicEntryFeasibility.test.ts (6 tests) 8ms
(node:25972) [UNDICI-EHPA] Warning: EnvHttpProxyAgent is experimental, expect them to change at any time.
(Use `node --trace-warnings ...` to show where the warning was created)
 ✓ src/services/egressFailClosed.test.ts (3 tests) 8ms
(node:15972) [UNDICI-EHPA] Warning: EnvHttpProxyAgent is experimental, expect them to change at any time.
(Use `node --trace-warnings ...` to show where the warning was created)
 ✓ src/adapters/binance/requestBudgetEntryGate.test.ts (2 tests) 6ms
(node:19612) [UNDICI-EHPA] Warning: EnvHttpProxyAgent is experimental, expect them to change at any time.
(Use `node --trace-warnings ...` to show where the warning was created)
(node:25340) [UNDICI-EHPA] Warning: EnvHttpProxyAgent is experimental, expect them to change at any time.
(Use `node --trace-warnings ...` to show where the warning was created)
 ✓ src/services/accountValuation.test.ts (3 tests) 4ms
 ✓ src/services/tradingQualityBaseline.test.ts (4 tests) 5ms
(node:25808) [UNDICI-EHPA] Warning: EnvHttpProxyAgent is experimental, expect them to change at any time.
(Use `node --trace-warnings ...` to show where the warning was created)
 ✓ src/services/tradeRecordDiagnostics.test.ts (4 tests) 6ms
(node:24880) [UNDICI-EHPA] Warning: EnvHttpProxyAgent is experimental, expect them to change at any time.
(Use `node --trace-warnings ...` to show where the warning was created)
(node:20960) [UNDICI-EHPA] Warning: EnvHttpProxyAgent is experimental, expect them to change at any time.
(Use `node --trace-warnings ...` to show where the warning was created)
 ✓ src/adapters/binance/BinanceOfficialWeights.test.ts (6 tests) 4ms
(node:23232) [UNDICI-EHPA] Warning: EnvHttpProxyAgent is experimental, expect them to change at any time.
(Use `node --trace-warnings ...` to show where the warning was created)
 ✓ src/services/entryObservation.test.ts (4 tests) 5ms
 ✓ src/services/shadowObservation.test.ts (4 tests) 5ms
(node:23032) [UNDICI-EHPA] Warning: EnvHttpProxyAgent is experimental, expect them to change at any time.
(Use `node --trace-warnings ...` to show where the warning was created)
(node:25332) [UNDICI-EHPA] Warning: EnvHttpProxyAgent is experimental, expect them to change at any time.
(Use `node --trace-warnings ...` to show where the warning was created)
 ✓ src/adapters/market/BinanceExchangeInfoSingleFlight.test.ts (1 test) 4ms
(node:4604) [UNDICI-EHPA] Warning: EnvHttpProxyAgent is experimental, expect them to change at any time.
(Use `node --trace-warnings ...` to show where the warning was created)
 ✓ src/services/p0EntryIntegrity.test.ts (4 tests) 5ms
 ✓ src/services/TemporalIntelligenceService.test.ts (1 test) 5ms
(node:17656) [UNDICI-EHPA] Warning: EnvHttpProxyAgent is experimental, expect them to change at any time.
(Use `node --trace-warnings ...` to show where the warning was created)
(node:25688) [UNDICI-EHPA] Warning: EnvHttpProxyAgent is experimental, expect them to change at any time.
(Use `node --trace-warnings ...` to show where the warning was created)
 ✓ src/services/reconciliationOpenOrdersProjection.test.ts (2 tests) 5ms
 ✓ src/services/brainRunArchive.test.ts (4 tests) 5ms
(node:26496) [UNDICI-EHPA] Warning: EnvHttpProxyAgent is experimental, expect them to change at any time.
(Use `node --trace-warnings ...` to show where the warning was created)
 ✓ src/services/marketDataReadiness.test.ts (3 tests) 5ms
(node:12784) [UNDICI-EHPA] Warning: EnvHttpProxyAgent is experimental, expect them to change at any time.
(Use `node --trace-warnings ...` to show where the warning was created)
(node:23484) [UNDICI-EHPA] Warning: EnvHttpProxyAgent is experimental, expect them to change at any time.
(Use `node --trace-warnings ...` to show where the warning was created)
 ✓ src/services/candidateLifecycleDeriver.test.ts (10 tests) 5ms
(node:18940) [UNDICI-EHPA] Warning: EnvHttpProxyAgent is experimental, expect them to change at any time.
(Use `node --trace-warnings ...` to show where the warning was created)
 ✓ src/services/binanceClientOrderIdFactory.test.ts (3 tests) 7ms
 ✓ src/services/supplyHealth.test.ts (3 tests) 5ms
 ✓ src/services/tradingQualityReleaseGate.test.ts (5 tests) 5ms
(node:19936) [UNDICI-EHPA] Warning: EnvHttpProxyAgent is experimental, expect them to change at any time.
(Use `node --trace-warnings ...` to show where the warning was created)
(node:19692) [UNDICI-EHPA] Warning: EnvHttpProxyAgent is experimental, expect them to change at any time.
(Use `node --trace-warnings ...` to show where the warning was created)
(node:23732) [UNDICI-EHPA] Warning: EnvHttpProxyAgent is experimental, expect them to change at any time.
(Use `node --trace-warnings ...` to show where the warning was created)
 ✓ src/services/experienceService.test.ts (1 test) 3ms
(node:3656) [UNDICI-EHPA] Warning: EnvHttpProxyAgent is experimental, expect them to change at any time.
(Use `node --trace-warnings ...` to show where the warning was created)
 ✓ src/runtime/bootstrapReconciliationInvariant.test.ts (1 test) 4ms
 ✓ src/services/effectivePrimaryCadence.test.ts (7 tests) 5ms
 ✓ src/services/v392HistoricalDecisionRegression.test.ts (3 tests) 4ms
(node:5088) [UNDICI-EHPA] Warning: EnvHttpProxyAgent is experimental, expect them to change at any time.
(Use `node --trace-warnings ...` to show where the warning was created)
(node:21392) [UNDICI-EHPA] Warning: EnvHttpProxyAgent is experimental, expect them to change at any time.
(Use `node --trace-warnings ...` to show where the warning was created)
(node:9564) [UNDICI-EHPA] Warning: EnvHttpProxyAgent is experimental, expect them to change at any time.
(Use `node --trace-warnings ...` to show where the warning was created)
 ✓ src/services/p0RiskConvergence.test.ts (3 tests) 4ms
(node:14168) [UNDICI-EHPA] Warning: EnvHttpProxyAgent is experimental, expect them to change at any time.
(Use `node --trace-warnings ...` to show where the warning was created)
 ✓ src/services/tradingQualityObservationPlan.test.ts (3 tests) 4ms
(node:7416) [UNDICI-EHPA] Warning: EnvHttpProxyAgent is experimental, expect them to change at any time.
(Use `node --trace-warnings ...` to show where the warning was created)
 ✓ src/services/humanManagedProjection.test.ts (1 test) 4ms
 ✓ src/services/shadowReadiness.test.ts (2 tests) 4ms
 ✓ src/services/historicalTpReachability.test.ts (3 tests) 4ms
(node:19028) [UNDICI-EHPA] Warning: EnvHttpProxyAgent is experimental, expect them to change at any time.
(Use `node --trace-warnings ...` to show where the warning was created)
(node:15028) [UNDICI-EHPA] Warning: EnvHttpProxyAgent is experimental, expect them to change at any time.
(Use `node --trace-warnings ...` to show where the warning was created)
(node:26500) [UNDICI-EHPA] Warning: EnvHttpProxyAgent is experimental, expect them to change at any time.
(Use `node --trace-warnings ...` to show where the warning was created)
 ✓ src/config/settingsCloseoutInvariant.test.ts (1 test) 4ms
(node:4452) [UNDICI-EHPA] Warning: EnvHttpProxyAgent is experimental, expect them to change at any time.
(Use `node --trace-warnings ...` to show where the warning was created)
 ✓ src/services/noSeparateAdd.test.ts (5 tests) 4ms
(node:9280) [UNDICI-EHPA] Warning: EnvHttpProxyAgent is experimental, expect them to change at any time.
(Use `node --trace-warnings ...` to show where the warning was created)
 ✓ src/events/eventBus.test.ts (1 test) 4ms
 ✓ src/services/decisionContext.test.ts (3 tests) 4ms
 ✓ src/services/riskReadiness.test.ts (3 tests) 3ms
(node:23712) [UNDICI-EHPA] Warning: EnvHttpProxyAgent is experimental, expect them to change at any time.
(Use `node --trace-warnings ...` to show where the warning was created)
(node:17480) [UNDICI-EHPA] Warning: EnvHttpProxyAgent is experimental, expect them to change at any time.
(Use `node --trace-warnings ...` to show where the warning was created)
(node:7540) [UNDICI-EHPA] Warning: EnvHttpProxyAgent is experimental, expect them to change at any time.
(Use `node --trace-warnings ...` to show where the warning was created)
 ✓ src/services/unsubmittedEntryRecovery.test.ts (2 tests) 5ms
 ✓ src/services/quoteUsdConversion.test.ts (2 tests) 4ms
 ✓ src/services/entryWaiting.test.ts (4 tests) 3ms
 ✓ src/api/entryCancelEligibility.test.ts (5 tests) 4ms
(node:22812) [UNDICI-EHPA] Warning: EnvHttpProxyAgent is experimental, expect them to change at any time.
(Use `node --trace-warnings ...` to show where the warning was created)
(node:24812) [UNDICI-EHPA] Warning: EnvHttpProxyAgent is experimental, expect them to change at any time.
(Use `node --trace-warnings ...` to show where the warning was created)
(node:22760) [UNDICI-EHPA] Warning: EnvHttpProxyAgent is experimental, expect them to change at any time.
(Use `node --trace-warnings ...` to show where the warning was created)
(node:22740) [UNDICI-EHPA] Warning: EnvHttpProxyAgent is experimental, expect them to change at any time.
(Use `node --trace-warnings ...` to show where the warning was created)
 ✓ src/api/chronologicalSort.test.ts (2 tests) 3ms
 ✓ src/services/tradeAuditProvenance.test.ts (1 test) 3ms
(node:23124) [UNDICI-EHPA] Warning: EnvHttpProxyAgent is experimental, expect them to change at any time.
(Use `node --trace-warnings ...` to show where the warning was created)
 ✓ src/adapters/binance/BinanceTransportLanes.test.ts (3 tests) 3ms
(node:26088) [UNDICI-EHPA] Warning: EnvHttpProxyAgent is experimental, expect them to change at any time.
(Use `node --trace-warnings ...` to show where the warning was created)
(node:15776) [UNDICI-EHPA] Warning: EnvHttpProxyAgent is experimental, expect them to change at any time.
(Use `node --trace-warnings ...` to show where the warning was created)
 ✓ src/api/activeEntryProjection.test.ts (1 test) 3ms
(node:16100) [UNDICI-EHPA] Warning: EnvHttpProxyAgent is experimental, expect them to change at any time.
(Use `node --trace-warnings ...` to show where the warning was created)
 ✓ src/services/positionReviewPrompt.test.ts (1 test) 3ms
(node:8860) [UNDICI-EHPA] Warning: EnvHttpProxyAgent is experimental, expect them to change at any time.
(Use `node --trace-warnings ...` to show where the warning was created)
(node:26088) ExperimentalWarning: SQLite is an experimental feature and might change at any time
 ✓ src/services/testnetLowLossCleanupService.test.ts (2 tests) 3ms
(node:22136) [UNDICI-EHPA] Warning: EnvHttpProxyAgent is experimental, expect them to change at any time.
(Use `node --trace-warnings ...` to show where the warning was created)
 ✓ src/services/privateAccountReadiness.test.ts (1 test) 3ms
(node:15580) [UNDICI-EHPA] Warning: EnvHttpProxyAgent is experimental, expect them to change at any time.
(Use `node --trace-warnings ...` to show where the warning was created)
 ✓ src/config/engineTestTimeout.test.ts (1 test) 2ms
(node:21400) [UNDICI-EHPA] Warning: EnvHttpProxyAgent is experimental, expect them to change at any time.
(Use `node --trace-warnings ...` to show where the warning was created)
 ✓ src/adapters/binance/BinanceBudgetFailureTelemetry.test.ts (1 test) 2ms
(node:15776) ExperimentalWarning: SQLite is an experimental feature and might change at any time
 ✓ src/api/tradeCloseProvenance.test.ts (2 tests) 3ms

 Test Files  218 passed (218)
      Tests  1989 passed (1989)
   Start at  08:59:44
   Duration  46.67s (transform 4.26s, setup 0ms, collect 39.19s, tests 87.80s, environment 44ms, prepare 23.56s)

(node:23856) [UNDICI-EHPA] Warning: EnvHttpProxyAgent is experimental, expect them to change at any time.
(Use `node --trace-warnings ...` to show where the warning was created)
(node:22532) [UNDICI-EHPA] Warning: EnvHttpProxyAgent is experimental, expect them to change at any time.
(Use `node --trace-warnings ...` to show where the warning was created)
